_MEMBER_hits,_LogP_hits,GO,Description,_PATTERN_,_RANK_,GiniIndex
1,-3.2,GO:0045927,positive regulation of growth,M1,1,0
1,-7.7,GO:0022613,ribonucleoprotein complex biogenesis,M1,1,0
1,-3,GO:2000641,regulation of early endosome to late endosome transport,M1,1,0
1,-4.2,GO:0097237,cellular response to toxic substance,M1,1,0
1,-5.1,GO:0043488,regulation of mRNA stability,M1,1,0
1,-5.6,GO:0071456,cellular response to hypoxia,M1,1,0
1,-3.1,GO:0051345,positive regulation of hydrolase activity,M1,1,0
1,-4.2,GO:0031330,negative regulation of cellular catabolic process,M1,1,0
1,-3.2,GO:0045860,positive regulation of protein kinase activity,M1,1,0
1,-3.6,GO:0022411,cellular component disassembly,M1,1,0
1,-3.9,GO:0110020,regulation of actomyosin structure organization,M1,1,0
1,-8.5,GO:0034330,cell junction organization,M1,1,0
1,-4,GO:0043467,regulation of generation of precursor metabolites and energy,M1,1,0
1,-8.5,GO:0098761,cellular response to interleukin-7,M1,1,0
1,-3.1,GO:1902751,positive regulation of cell cycle G2/M phase transition,M1,1,0
1,-5.2,GO:0032388,positive regulation of intracellular transport,M1,1,0
1,-3.7,GO:0009260,ribonucleotide biosynthetic process,M1,1,0
1,-8.4,GO:0006979,response to oxidative stress,M1,1,0
1,-4.4,GO:0045862,positive regulation of proteolysis,M1,1,0
1,-3.7,GO:0032535,regulation of cellular component size,M1,1,0
1,-3.1,GO:0003376,sphingosine-1-phosphate receptor signaling pathway,M1,1,0
1,-3.4,GO:0032386,regulation of intracellular transport,M1,1,0
1,-7,GO:0043065,positive regulation of apoptotic process,M1,1,0
1,-3.6,GO:0021954,central nervous system neuron development,M1,1,0
1,-4.4,GO:0008637,apoptotic mitochondrial changes,M1,1,0
1,-5.2,GO:0007163,establishment or maintenance of cell polarity,M1,1,0
1,-3.7,GO:0032990,cell part morphogenesis,M1,1,0
1,-3.5,GO:0048041,focal adhesion assembly,M1,1,0
1,-8.5,GO:0000377,"RNA splicing, via transesterification reactions with bulged adenosine as nucleophile",M1,1,0
1,-3.3,GO:0006102,isocitrate metabolic process,M1,1,0
1,-4.4,GO:0043393,regulation of protein binding,M1,1,0
1,-4.2,GO:0046031,ADP metabolic process,M1,1,0
1,-3.3,GO:0036293,response to decreased oxygen levels,M1,1,0
1,-4,GO:0009135,purine nucleoside diphosphate metabolic process,M1,1,0
1,-4.2,GO:0070972,protein localization to endoplasmic reticulum,M1,1,0
1,-3,GO:1902414,protein localization to cell junction,M1,1,0
1,-3.9,GO:0009132,nucleoside diphosphate metabolic process,M1,1,0
1,-3.4,GO:1901293,nucleoside phosphate biosynthetic process,M1,1,0
1,-3.5,GO:0051881,regulation of mitochondrial membrane potential,M1,1,0
1,-5.9,GO:0051493,regulation of cytoskeleton organization,M1,1,0
1,-3.4,GO:0006112,energy reserve metabolic process,M1,1,0
1,-3.5,GO:0043648,dicarboxylic acid metabolic process,M1,1,0
1,-4,GO:0031344,regulation of cell projection organization,M1,1,0
1,-4.2,GO:0051656,establishment of organelle localization,M1,1,0
1,-5.7,GO:0010769,regulation of cell morphogenesis involved in differentiation,M1,1,0
1,-17,GO:0019646,aerobic electron transport chain,M1,1,0
1,-6.6,GO:0072659,protein localization to plasma membrane,M1,1,0
1,-4.1,GO:0032409,regulation of transporter activity,M1,1,0
1,-3.2,GO:0032412,regulation of ion transmembrane transporter activity,M1,1,0
1,-3.4,GO:0009895,negative regulation of catabolic process,M1,1,0
1,-8.3,GO:0006457,protein folding,M1,1,0
1,-4.7,GO:0006753,nucleoside phosphate metabolic process,M1,1,0
1,-3.1,GO:0048729,tissue morphogenesis,M1,1,0
1,-3.4,GO:0043281,regulation of cysteine-type endopeptidase activity involved in apoptotic process,M1,1,0
1,-9.6,GO:0097435,supramolecular fiber organization,M1,1,0
1,-3.7,GO:0051225,spindle assembly,M1,1,0
1,-3.4,GO:0001738,morphogenesis of a polarized epithelium,M1,1,0
1,-4.6,GO:1905477,positive regulation of protein localization to membrane,M1,1,0
1,-3.6,GO:0009142,nucleoside triphosphate biosynthetic process,M1,1,0
1,-7,GO:0008360,regulation of cell shape,M1,1,0
1,-4.2,GO:0055070,copper ion homeostasis,M1,1,0
1,-4.2,GO:0055086,nucleobase-containing small molecule metabolic process,M1,1,0
1,-3.2,GO:0098927,vesicle-mediated transport between endosomal compartments,M1,1,0
1,-3.5,GO:0060789,hair follicle placode formation,M1,1,0
1,-4.2,GO:0007507,heart development,M1,1,0
1,-26,GO:0015980,energy derivation by oxidation of organic compounds,M1,1,0
1,-3.4,GO:0010256,endomembrane system organization,M1,1,0
1,-3.6,GO:0006401,RNA catabolic process,M1,1,0
1,-3.3,GO:0048713,regulation of oligodendrocyte differentiation,M1,1,0
1,-5.3,GO:1902850,microtubule cytoskeleton organization involved in mitosis,M1,1,0
1,-6.7,GO:0051668,localization within membrane,M1,1,0
1,-3,GO:0034655,nucleobase-containing compound catabolic process,M1,1,0
1,-4.4,GO:0016049,cell growth,M1,1,0
1,-12,GO:0007005,mitochondrion organization,M1,1,0
1,-3.8,GO:0007043,cell-cell junction assembly,M1,1,0
1,-5.1,GO:0042176,regulation of protein catabolic process,M1,1,0
1,-3.8,GO:1901222,regulation of NIK/NF-kappaB signaling,M1,1,0
1,-3.1,GO:0000381,"regulation of alternative mRNA splicing, via spliceosome",M1,1,0
1,-3.2,GO:0032787,monocarboxylic acid metabolic process,M1,1,0
1,-3.1,GO:0098974,postsynaptic actin cytoskeleton organization,M1,1,0
1,-5.7,GO:0070201,regulation of establishment of protein localization,M1,1,0
1,-3.8,GO:0055001,muscle cell development,M1,1,0
1,-5.3,GO:0006006,glucose metabolic process,M1,1,0
1,-5.8,GO:1903320,regulation of protein modification by small protein conjugation or removal,M1,1,0
1,-3.1,GO:0072599,establishment of protein localization to endoplasmic reticulum,M1,1,0
1,-21,GO:0006412,translation,M1,1,0
1,-5.6,GO:0051099,positive regulation of binding,M1,1,0
1,-3.5,GO:0046390,ribose phosphate biosynthetic process,M1,1,0
1,-3.9,GO:0006757,ATP generation from ADP,M1,1,0
1,-3.6,GO:0051640,organelle localization,M1,1,0
1,-6.1,GO:0051129,negative regulation of cellular component organization,M1,1,0
1,-3.8,GO:0098754,detoxification,M1,1,0
1,-3.5,GO:0150116,regulation of cell-substrate junction organization,M1,1,0
1,-3.9,GO:1900024,regulation of substrate adhesion-dependent cell spreading,M1,1,0
1,-4.5,GO:0030865,cortical cytoskeleton organization,M1,1,0
1,-3.1,GO:0072655,establishment of protein localization to mitochondrion,M1,1,0
1,-28,GO:0009060,aerobic respiration,M1,1,0
1,-16,GO:0042773,ATP synthesis coupled electron transport,M1,1,0
1,-4.8,GO:0016052,carbohydrate catabolic process,M1,1,0
1,-4.1,GO:0045931,positive regulation of mitotic cell cycle,M1,1,0
1,-5.1,GO:0005996,monosaccharide metabolic process,M1,1,0
1,-13,GO:0006120,"mitochondrial electron transport, NADH to ubiquinone",M1,1,0
1,-3.1,GO:0005977,glycogen metabolic process,M1,1,0
1,-3.1,GO:2000643,positive regulation of early endosome to late endosome transport,M1,1,0
1,-6.7,GO:0051301,cell division,M1,1,0
1,-3,GO:0043217,myelin maintenance,M1,1,0
1,-7,GO:0097193,intrinsic apoptotic signaling pathway,M1,1,0
1,-3.2,GO:0016236,macroautophagy,M1,1,0
1,-3.5,GO:0000226,microtubule cytoskeleton organization,M1,1,0
1,-18,GO:0006119,oxidative phosphorylation,M1,1,0
1,-3.3,GO:0072522,purine-containing compound biosynthetic process,M1,1,0
1,-4.4,GO:1904062,regulation of cation transmembrane transport,M1,1,0
1,-3.1,GO:0099188,postsynaptic cytoskeleton organization,M1,1,0
1,-4.1,GO:0006605,protein targeting,M1,1,0
1,-3.7,GO:0051258,protein polymerization,M1,1,0
1,-3.1,GO:1903319,positive regulation of protein maturation,M1,1,0
1,-3.1,GO:1904063,negative regulation of cation transmembrane transport,M1,1,0
1,-4.8,GO:1904375,regulation of protein localization to cell periphery,M1,1,0
1,-5.1,GO:0090257,regulation of muscle system process,M1,1,0
1,-5.8,GO:0022618,ribonucleoprotein complex assembly,M1,1,0
1,-3.1,GO:0044042,glucan metabolic process,M1,1,0
1,-3.7,GO:0048858,cell projection morphogenesis,M1,1,0
1,-3.3,GO:0000082,G1/S transition of mitotic cell cycle,M1,1,0
1,-3.7,GO:0031334,positive regulation of protein-containing complex assembly,M1,1,0
1,-3.2,GO:0050767,regulation of neurogenesis,M1,1,0
1,-3.2,GO:0010288,response to lead ion,M1,1,0
1,-3,GO:0052547,regulation of peptidase activity,M1,1,0
1,-6.9,GO:0044770,cell cycle phase transition,M1,1,0
1,-3.5,GO:0030239,myofibril assembly,M1,1,0
1,-3.7,GO:0043149,stress fiber assembly,M1,1,0
1,-4.8,GO:1901992,positive regulation of mitotic cell cycle phase transition,M1,1,0
1,-4.2,GO:1901990,regulation of mitotic cell cycle phase transition,M1,1,0
1,-7.5,GO:0061572,actin filament bundle organization,M1,1,0
1,-3.1,GO:1901798,positive regulation of signal transduction by p53 class mediator,M1,1,0
1,-5.3,GO:0010720,positive regulation of cell development,M1,1,0
1,-3.8,GO:2000275,regulation of oxidative phosphorylation uncoupler activity,M1,1,0
1,-3.3,GO:1903313,positive regulation of mRNA metabolic process,M1,1,0
1,-3.9,GO:0000387,spliceosomal snRNP assembly,M1,1,0
1,-3,GO:0030042,actin filament depolymerization,M1,1,0
1,-6.9,GO:0031329,regulation of cellular catabolic process,M1,1,0
1,-3.9,GO:0006364,rRNA processing,M1,1,0
1,-6.5,GO:0032970,regulation of actin filament-based process,M1,1,0
1,-25,GO:0045333,cellular respiration,M1,1,0
1,-5.1,GO:0080135,regulation of cellular response to stress,M1,1,0
1,-3.7,GO:1903362,regulation of cellular protein catabolic process,M1,1,0
1,-3.4,GO:0006936,muscle contraction,M1,1,0
1,-3.4,GO:0050807,regulation of synapse organization,M1,1,0
1,-3.2,GO:0072350,tricarboxylic acid metabolic process,M1,1,0
1,-3.1,GO:0044403,biological process involved in symbiotic interaction,M1,1,0
1,-5,GO:0034329,cell junction assembly,M1,1,0
1,-4.7,GO:0010810,regulation of cell-substrate adhesion,M1,1,0
1,-4.5,GO:0006163,purine nucleotide metabolic process,M1,1,0
1,-3.6,GO:0048812,neuron projection morphogenesis,M1,1,0
1,-8.2,GO:0007015,actin filament organization,M1,1,0
1,-4.5,GO:0006839,mitochondrial transport,M1,1,0
1,-3.7,GO:0120039,plasma membrane bounded cell projection morphogenesis,M1,1,0
1,-6,GO:0010564,regulation of cell cycle process,M1,1,0
1,-4.7,GO:0071407,cellular response to organic cyclic compound,M1,1,0
1,-3.2,GO:0030834,regulation of actin filament depolymerization,M1,1,0
1,-9.3,GO:1903047,mitotic cell cycle process,M1,1,0
1,-3.4,GO:0019674,NAD metabolic process,M1,1,0
1,-3.9,GO:1902946,protein localization to early endosome,M1,1,0
1,-3.5,GO:1901526,positive regulation of mitophagy,M1,1,0
1,-3,GO:1901215,negative regulation of neuron death,M1,1,0
1,-4.3,GO:0016032,viral process,M1,1,0
1,-3.4,GO:0009145,purine nucleoside triphosphate biosynthetic process,M1,1,0
1,-9.1,GO:2001242,regulation of intrinsic apoptotic signaling pathway,M1,1,0
1,-4.4,GO:1901987,regulation of cell cycle phase transition,M1,1,0
1,-4.1,GO:0030307,positive regulation of cell growth,M1,1,0
1,-7.8,GO:0006397,mRNA processing,M1,1,0
1,-3.7,GO:0005975,carbohydrate metabolic process,M1,1,0
1,-4.2,GO:2001244,positive regulation of intrinsic apoptotic signaling pathway,M1,1,0
1,-6.1,GO:0061061,muscle structure development,M1,1,0
1,-4.2,GO:0032870,cellular response to hormone stimulus,M1,1,0
1,-9.2,GO:0022604,regulation of cell morphogenesis,M1,1,0
1,-3.1,GO:0006413,translational initiation,M1,1,0
1,-20,GO:0043043,peptide biosynthetic process,M1,1,0
1,-3.1,GO:0019941,modification-dependent protein catabolic process,M1,1,0
1,-5,GO:0010770,positive regulation of cell morphogenesis involved in differentiation,M1,1,0
1,-8,GO:1903311,regulation of mRNA metabolic process,M1,1,0
1,-5.8,GO:0003012,muscle system process,M1,1,0
1,-5.1,GO:1903076,regulation of protein localization to plasma membrane,M1,1,0
1,-5.1,GO:0051347,positive regulation of transferase activity,M1,1,0
1,-3.5,GO:0051438,regulation of ubiquitin-protein transferase activity,M1,1,0
1,-3.7,GO:0010498,proteasomal protein catabolic process,M1,1,0
1,-3.3,GO:1903334,positive regulation of protein folding,M1,1,0
1,-3.4,GO:2000045,regulation of G1/S transition of mitotic cell cycle,M1,1,0
1,-3.7,GO:0030038,contractile actin filament bundle assembly,M1,1,0
1,-3.4,GO:0019320,hexose catabolic process,M1,1,0
1,-10,GO:0030036,actin cytoskeleton organization,M1,1,0
1,-4,GO:0090068,positive regulation of cell cycle process,M1,1,0
1,-3,GO:1901983,regulation of protein acetylation,M1,1,0
1,-4.9,GO:0009117,nucleotide metabolic process,M1,1,0
1,-5,GO:1904377,positive regulation of protein localization to cell periphery,M1,1,0
1,-4.9,GO:0009150,purine ribonucleotide metabolic process,M1,1,0
1,-6.3,GO:0034248,regulation of cellular amide metabolic process,M1,1,0
1,-9,GO:2001233,regulation of apoptotic signaling pathway,M1,1,0
1,-3.7,GO:0038061,NIK/NF-kappaB signaling,M1,1,0
1,-3.7,GO:0009141,nucleoside triphosphate metabolic process,M1,1,0
1,-3.5,GO:0090150,establishment of protein localization to membrane,M1,1,0
1,-10,GO:0032981,mitochondrial respiratory chain complex I assembly,M1,1,0
1,-3.1,GO:1905274,regulation of modification of postsynaptic actin cytoskeleton,M1,1,0
1,-3.7,GO:0090109,regulation of cell-substrate junction assembly,M1,1,0
1,-4.3,GO:0061615,glycolytic process through fructose-6-phosphate,M1,1,0
1,-7,GO:0000281,mitotic cytokinesis,M1,1,0
1,-4.2,GO:0006090,pyruvate metabolic process,M1,1,0
1,-3.7,GO:0009725,response to hormone,M1,1,0
1,-3,GO:0009896,positive regulation of catabolic process,M1,1,0
1,-5,GO:0019318,hexose metabolic process,M1,1,0
1,-4,GO:0009250,glucan biosynthetic process,M1,1,0
1,-3.1,GO:0007033,vacuole organization,M1,1,0
1,-4,GO:0000423,mitophagy,M1,1,0
1,-6.6,GO:1902903,regulation of supramolecular fiber organization,M1,1,0
1,-10,GO:0043484,regulation of RNA splicing,M1,1,0
1,-4.4,GO:0019693,ribose phosphate metabolic process,M1,1,0
1,-8,GO:0097190,apoptotic signaling pathway,M1,1,0
1,-6,GO:0032956,regulation of actin cytoskeleton organization,M1,1,0
1,-3.2,GO:1901796,regulation of signal transduction by p53 class mediator,M1,1,0
1,-5.9,GO:0051098,regulation of binding,M1,1,0
1,-3.9,GO:0009152,purine ribonucleotide biosynthetic process,M1,1,0
1,-8.5,GO:0098760,response to interleukin-7,M1,1,0
1,-8,GO:0033108,mitochondrial respiratory chain complex assembly,M1,1,0
1,-3.9,GO:1903321,negative regulation of protein modification by small protein conjugation or removal,M1,1,0
1,-3.4,GO:0006164,purine nucleotide biosynthetic process,M1,1,0
1,-3.8,GO:0009185,ribonucleoside diphosphate metabolic process,M1,1,0
1,-3.9,GO:0000380,"alternative mRNA splicing, via spliceosome",M1,1,0
1,-3.5,GO:0006913,nucleocytoplasmic transport,M1,1,0
1,-3.1,GO:1903201,regulation of oxidative stress-induced cell death,M1,1,0
1,-3.1,GO:0043549,regulation of kinase activity,M1,1,0
1,-3.1,GO:0060537,muscle tissue development,M1,1,0
1,-3.3,GO:0033674,positive regulation of kinase activity,M1,1,0
1,-3.1,GO:0097250,mitochondrial respirasome assembly,M1,1,0
1,-3.1,GO:0010952,positive regulation of peptidase activity,M1,1,0
1,-7.4,GO:0000910,cytokinesis,M1,1,0
1,-3.9,GO:0048667,cell morphogenesis involved in neuron differentiation,M1,1,0
1,-3.3,GO:0045727,positive regulation of translation,M1,1,0
1,-3.9,GO:0001666,response to hypoxia,M1,1,0
1,-3.1,GO:0002028,regulation of sodium ion transport,M1,1,0
1,-3.5,GO:0071383,cellular response to steroid hormone stimulus,M1,1,0
1,-16,GO:0042775,mitochondrial ATP synthesis coupled electron transport,M1,1,0
1,-7,GO:0002181,cytoplasmic translation,M1,1,0
1,-4.9,GO:2001235,positive regulation of apoptotic signaling pathway,M1,1,0
1,-5,GO:0150115,cell-substrate junction organization,M1,1,0
1,-4.2,GO:0045185,maintenance of protein location,M1,1,0
1,-4.2,GO:0034762,regulation of transmembrane transport,M1,1,0
1,-11,GO:0006099,tricarboxylic acid cycle,M1,1,0
1,-4.5,GO:0006402,mRNA catabolic process,M1,1,0
1,-3.1,GO:0017038,protein import,M1,1,0
1,-3.7,GO:0042063,gliogenesis,M1,1,0
1,-4.5,GO:0032231,regulation of actin filament bundle assembly,M1,1,0
1,-3.2,GO:0009144,purine nucleoside triphosphate metabolic process,M1,1,0
1,-5.2,GO:0007044,cell-substrate junction assembly,M1,1,0
1,-3.3,GO:0032071,regulation of endodeoxyribonuclease activity,M1,1,0
1,-6.2,GO:0071826,ribonucleoprotein complex subunit organization,M1,1,0
1,-4,GO:0005978,glycogen biosynthetic process,M1,1,0
1,-7.7,GO:0051017,actin filament bundle assembly,M1,1,0
1,-3.1,GO:0006103,2-oxoglutarate metabolic process,M1,1,0
1,-4.1,GO:0048193,Golgi vesicle transport,M1,1,0
1,-17,GO:0022904,respiratory electron transport chain,M1,1,0
1,-3.1,GO:0010811,positive regulation of cell-substrate adhesion,M1,1,0
1,-3.5,GO:0009165,nucleotide biosynthetic process,M1,1,0
1,-4.4,GO:0043254,regulation of protein-containing complex assembly,M1,1,0
1,-5,GO:0072595,maintenance of protein localization in organelle,M1,1,0
1,-3.6,GO:0043502,regulation of muscle adaptation,M1,1,0
1,-3.6,GO:0031397,negative regulation of protein ubiquitination,M1,1,0
1,-7.3,GO:0050684,regulation of mRNA processing,M1,1,0
1,-4.2,GO:0019058,viral life cycle,M1,1,0
1,-3.7,GO:0051492,regulation of stress fiber assembly,M1,1,0
1,-3.1,GO:0014706,striated muscle tissue development,M1,1,0
1,-5.5,GO:1903078,positive regulation of protein localization to plasma membrane,M1,1,0
1,-4.3,GO:0006878,cellular copper ion homeostasis,M1,1,0
1,-4.3,GO:0051651,maintenance of location in cell,M1,1,0
1,-3.7,GO:0051146,striated muscle cell differentiation,M1,1,0
1,-4.1,GO:0061621,canonical glycolysis,M1,1,0
1,-3.2,GO:0045685,regulation of glial cell differentiation,M1,1,0
1,-3.1,GO:0034976,response to endoplasmic reticulum stress,M1,1,0
1,-5.4,GO:2001234,negative regulation of apoptotic signaling pathway,M1,1,0
1,-5.1,GO:0034504,protein localization to nucleus,M1,1,0
1,-3.6,GO:0002009,morphogenesis of an epithelium,M1,1,0
1,-3.3,GO:0010038,response to metal ion,M1,1,0
1,-3.9,GO:0022898,regulation of transmembrane transporter activity,M1,1,0
1,-4,GO:1902532,negative regulation of intracellular signal transduction,M1,1,0
1,-3,GO:0043457,regulation of cellular respiration,M1,1,0
1,-10,GO:0010257,NADH dehydrogenase complex assembly,M1,1,0
1,-4.7,GO:0006165,nucleoside diphosphate phosphorylation,M1,1,0
1,-3.6,GO:0061620,glycolytic process through glucose-6-phosphate,M1,1,0
1,-4.6,GO:0042254,ribosome biogenesis,M1,1,0
1,-4.6,GO:0036294,cellular response to decreased oxygen levels,M1,1,0
1,-5.3,GO:0071453,cellular response to oxygen levels,M1,1,0
1,-4.6,GO:0046939,nucleotide phosphorylation,M1,1,0
1,-3.8,GO:0001934,positive regulation of protein phosphorylation,M1,1,0
1,-3.2,GO:0052126,movement in host environment,M1,1,0
1,-3.9,GO:0006096,glycolytic process,M1,1,0
1,-3.2,GO:0050803,regulation of synapse structure or activity,M1,1,0
1,-3.9,GO:0007346,regulation of mitotic cell cycle,M1,1,0
1,-4.3,GO:0051603,proteolysis involved in cellular protein catabolic process,M1,1,0
1,-5.7,GO:0050821,protein stabilization,M1,1,0
1,-5.8,GO:0042692,muscle cell differentiation,M1,1,0
1,-3.1,GO:0050685,positive regulation of mRNA processing,M1,1,0
1,-3.5,GO:0055002,striated muscle cell development,M1,1,0
1,-6.8,GO:0043068,positive regulation of programmed cell death,M1,1,0
1,-3.4,GO:0043269,regulation of ion transport,M1,1,0
1,-3.6,GO:1902905,positive regulation of supramolecular fiber organization,M1,1,0
1,-3.3,GO:0010639,negative regulation of organelle organization,M1,1,0
1,-3.7,GO:0044089,positive regulation of cellular component biogenesis,M1,1,0
1,-6.4,GO:0010942,positive regulation of cell death,M1,1,0
1,-11,GO:0008380,RNA splicing,M1,1,0
1,-3.3,GO:1902396,protein localization to bicellular tight junction,M1,1,0
1,-4.6,GO:0009259,ribonucleotide metabolic process,M1,1,0
1,-4.6,GO:0050808,synapse organization,M1,1,0
1,-4.1,GO:0042273,ribosomal large subunit biogenesis,M1,1,0
1,-4.6,GO:1902255,positive regulation of intrinsic apoptotic signaling pathway by p53 class mediator,M1,1,0
1,-6.1,GO:0006417,regulation of translation,M1,1,0
1,-5.8,GO:2001243,negative regulation of intrinsic apoptotic signaling pathway,M1,1,0
1,-3.7,GO:1902600,proton transmembrane transport,M1,1,0
1,-6,GO:1990778,protein localization to cell periphery,M1,1,0
1,-3.2,GO:0010717,regulation of epithelial to mesenchymal transition,M1,1,0
1,-8.5,GO:0000375,"RNA splicing, via transesterification reactions",M1,1,0
1,-4.7,GO:1990748,cellular detoxification,M1,1,0
1,-8.5,GO:0048024,"regulation of mRNA splicing, via spliceosome",M1,1,0
1,-3,GO:0006446,regulation of translational initiation,M1,1,0
1,-5.3,GO:0007051,spindle organization,M1,1,0
1,-3.4,GO:1902806,regulation of cell cycle G1/S phase transition,M1,1,0
1,-3.6,GO:0032963,collagen metabolic process,M1,1,0
1,-3.3,GO:0045022,early endosome to late endosome transport,M1,1,0
1,-4.2,GO:0030043,actin filament fragmentation,M1,1,0
1,-3.6,GO:1903715,regulation of aerobic respiration,M1,1,0
1,-4.1,GO:0006735,NADH regeneration,M1,1,0
1,-5.3,GO:1901989,positive regulation of cell cycle phase transition,M1,1,0
1,-4.8,GO:1904951,positive regulation of establishment of protein localization,M1,1,0
1,-3.8,GO:0048026,"positive regulation of mRNA splicing, via spliceosome",M1,1,0
1,-7.2,GO:0006734,NADH metabolic process,M1,1,0
1,-4.2,GO:0051222,positive regulation of protein transport,M1,1,0
1,-3.5,GO:0031345,negative regulation of cell projection organization,M1,1,0
1,-4.7,GO:0061013,regulation of mRNA catabolic process,M1,1,0
1,-3.1,GO:0006073,cellular glucan metabolic process,M1,1,0
1,-4.4,GO:0010927,cellular component assembly involved in morphogenesis,M1,1,0
1,-5.1,GO:0006888,endoplasmic reticulum to Golgi vesicle-mediated transport,M1,1,0
1,-4.9,GO:0051223,regulation of protein transport,M1,1,0
1,-3.3,GO:0010959,regulation of metal ion transport,M1,1,0
1,-4.2,GO:0032507,maintenance of protein location in cell,M1,1,0
1,-4.2,GO:0010458,exit from mitosis,M1,1,0
1,-5.5,GO:0110053,regulation of actin filament organization,M1,1,0
1,-3,GO:0071696,ectodermal placode development,M1,1,0
1,-19,GO:0046034,ATP metabolic process,M1,1,0
1,-4,GO:1900026,positive regulation of substrate adhesion-dependent cell spreading,M1,1,0
1,-6.5,GO:0031647,regulation of protein stability,M1,1,0
1,-3.4,GO:0044843,cell cycle G1/S phase transition,M1,1,0
1,-3.6,GO:0033120,positive regulation of RNA splicing,M1,1,0
1,-3.1,GO:1903312,negative regulation of mRNA metabolic process,M1,1,0
1,-4.1,GO:0034765,regulation of ion transmembrane transport,M1,1,0
1,-7.3,GO:1903827,regulation of cellular protein localization,M1,1,0
1,-4.7,GO:0034446,substrate adhesion-dependent cell spreading,M1,1,0
1,-5,GO:0045216,cell-cell junction organization,M1,1,0
1,-3.6,GO:0040008,regulation of growth,M1,1,0
1,-6.2,GO:0044772,mitotic cell cycle phase transition,M1,1,0
1,-3.3,GO:0045687,positive regulation of glial cell differentiation,M1,1,0
1,-4.3,GO:0007052,mitotic spindle organization,M1,1,0
1,-3.7,GO:0070482,response to oxygen levels,M1,1,0
1,-4.1,GO:0061718,glucose catabolic process to pyruvate,M1,1,0
1,-5.6,GO:0031396,regulation of protein ubiquitination,M1,1,0
1,-28,GO:0006091,generation of precursor metabolites and energy,M1,1,0
1,-3.5,GO:0051169,nuclear transport,M1,1,0
1,-6.4,GO:0031032,actomyosin structure organization,M1,1,0
1,-3.7,GO:1902115,regulation of organelle assembly,M1,1,0
1,-3.7,GO:0045787,positive regulation of cell cycle,M1,1,0
1,-3.1,GO:0051701,biological process involved in interaction with host,M1,1,0
1,-4.6,GO:0150105,protein localization to cell-cell junction,M1,1,0
1,-6.4,GO:0010638,positive regulation of organelle organization,M1,1,0
1,-4,GO:0009179,purine ribonucleoside diphosphate metabolic process,M1,1,0
1,-3.1,GO:0071902,positive regulation of protein serine/threonine kinase activity,M1,1,0
1,-3,GO:0051962,positive regulation of nervous system development,M1,1,0
1,-4.3,GO:0090307,mitotic spindle assembly,M1,1,0
1,-3.7,GO:0051893,regulation of focal adhesion assembly,M1,1,0
1,-4.6,GO:0060284,regulation of cell development,M1,1,0
1,-4.8,GO:0030162,regulation of proteolysis,M1,1,0
1,-7.5,GO:0072657,protein localization to membrane,M1,1,0
1,-16,GO:0022900,electron transport chain,M1,1,0
1,-4.1,GO:0072521,purine-containing compound metabolic process,M1,1,0
1,-3,GO:0090066,regulation of anatomical structure size,M1,1,0
1,-3.1,GO:0046365,monosaccharide catabolic process,M1,1,0
1,-4.3,GO:0006007,glucose catabolic process,M1,1,0
1,-6,GO:0072594,establishment of protein localization to organelle,M1,1,0
1,-4.2,GO:0031589,cell-substrate adhesion,M1,1,0
1,-4.9,GO:0042274,ribosomal small subunit biogenesis,M1,1,0
1,-6.1,GO:0010608,posttranscriptional regulation of gene expression,M1,1,0
1,-6.7,GO:1903829,positive regulation of cellular protein localization,M1,1,0
1,-3.3,GO:0060485,mesenchyme development,M1,1,0
1,-7,GO:0061640,cytoskeleton-dependent cytokinesis,M1,1,0
1,-8,GO:0016071,mRNA metabolic process,M1,1,0
1,-3.1,GO:0010001,glial cell differentiation,M1,1,0
1,-4.1,GO:0050769,positive regulation of neurogenesis,M1,1,0
1,-8.5,GO:0000398,"mRNA splicing, via spliceosome",M1,1,0
1,-3.3,GO:0001837,epithelial to mesenchymal transition,M1,1,0
1,-3.6,GO:0099173,postsynapse organization,M1,1,0
1,-4.6,GO:0043487,regulation of RNA stability,M1,1,0
1,-5.4,GO:1905475,regulation of protein localization to membrane,M1,1,0
1,-4.1,GO:0120035,regulation of plasma membrane bounded cell projection organization,M1,1,0
1,-3.7,GO:0016072,rRNA metabolic process,M1,1,0
