_MEMBER_hits,_LogP_hits,GO,Description,_PATTERN_,_RANK_,CHILD_GO_hits
1,-28.444311198108522,GO:0008152,metabolic process,M1,1,GO:0006091 generation of precursor metabolites and energy
1,-11.863571887248083,GO:0009987,cellular process,M1,1,GO:0007005 mitochondrion organization
1,-9.173746454289631,GO:0032502,developmental process,M1,1,GO:0022604 regulation of cell morphogenesis
1,-9.107715667992027,GO:0023052,signaling,M1,1,GO:2001242 regulation of intrinsic apoptotic signaling pathway
1,-8.488212960696341,GO:0050896,response to stimulus,M1,1,GO:0098761 cellular response to interleukin-7
1,-7.472342381803415,GO:0051179,localization,M1,1,GO:0072657 protein localization to membrane
1,-7.046984018590212,GO:0048518,positive regulation of biological process,M1,1,GO:0043065 positive regulation of apoptotic process
1,-6.608620366073555,GO:0050789,regulation of biological process,M1,1,GO:1902903 regulation of supramolecular fiber organization
1,-6.465339600207196,GO:0065007,biological regulation,M1,1,GO:0031647 regulation of protein stability
1,-6.118596939698104,GO:0048519,negative regulation of biological process,M1,1,GO:0051129 negative regulation of cellular component organization
1,-5.79886140417634,GO:0032501,multicellular organismal process,M1,1,GO:0003012 muscle system process
1,-4.719919760292075,GO:0022610,biological adhesion,M1,1,GO:0010810 regulation of cell-substrate adhesion
1,-4.667551254895726,GO:0098754,detoxification,M1,1,GO:1990748 cellular detoxification
1,-4.392566672007231,GO:0040007,growth,M1,1,GO:0016049 cell growth
1,-4.312911526162403,GO:0016032,viral process,M1,1,GO:0016032 viral process
1,-3.201431942297455,GO:0044419,biological process involved in interspecies interaction between organisms,M1,1,GO:0052126 movement in host environment
