_MEMBER_MyList,_LogP_MyList,GO,Description,_PATTERN_,_RANK_,GiniIndex
1,-2.3,GO:0003163,sinoatrial node development,M1,1,0
1,-4.6,GO:0043549,regulation of kinase activity,M1,1,0
1,-3,GO:0034763,negative regulation of transmembrane transport,M1,1,0
1,-4.2,GO:0019932,second-messenger-mediated signaling,M1,1,0
1,-2.9,GO:0120162,positive regulation of cold-induced thermogenesis,M1,1,0
1,-3.2,GO:0003094,glomerular filtration,M1,1,0
1,-2.1,GO:0045666,positive regulation of neuron differentiation,M1,1,0
1,-2.4,GO:0007612,learning,M1,1,0
1,-2.6,GO:1904738,vascular associated smooth muscle cell migration,M1,1,0
1,-16,GO:0071363,cellular response to growth factor stimulus,M1,1,0
1,-2.7,GO:0019722,calcium-mediated signaling,M1,1,0
1,-3.7,GO:0043506,regulation of JUN kinase activity,M1,1,0
1,-2,GO:0014068,positive regulation of phosphatidylinositol 3-kinase signaling,M1,1,0
1,-2.7,GO:0071697,ectodermal placode morphogenesis,M1,1,0
1,-5.4,GO:0061323,cell proliferation involved in heart morphogenesis,M1,1,0
1,-3.4,GO:0048566,embryonic digestive tract development,M1,1,0
1,-4.4,GO:0008593,regulation of Notch signaling pathway,M1,1,0
1,-2.7,GO:0001843,neural tube closure,M1,1,0
1,-3.1,GO:0070482,response to oxygen levels,M1,1,0
1,-5.6,GO:0048010,vascular endothelial growth factor receptor signaling pathway,M1,1,0
1,-4.5,GO:0007265,Ras protein signal transduction,M1,1,0
1,-16,GO:0003300,cardiac muscle hypertrophy,M1,1,0
1,-4.7,GO:2000736,regulation of stem cell differentiation,M1,1,0
1,-9,GO:0031344,regulation of cell projection organization,M1,1,0
1,-2.5,GO:0060113,inner ear receptor cell differentiation,M1,1,0
1,-7.6,GO:0035282,segmentation,M1,1,0
1,-3.7,GO:0014066,regulation of phosphatidylinositol 3-kinase signaling,M1,1,0
1,-2.5,GO:1902275,regulation of chromatin organization,M1,1,0
1,-2.2,GO:0009743,response to carbohydrate,M1,1,0
1,-2.7,GO:0048668,collateral sprouting,M1,1,0
1,-2.1,GO:0099625,ventricular cardiac muscle cell membrane repolarization,M1,1,0
1,-2.7,GO:0003222,ventricular trabecula myocardium morphogenesis,M1,1,0
1,-19,GO:0055013,cardiac muscle cell development,M1,1,0
1,-13,GO:0045214,sarcomere organization,M1,1,0
1,-4.2,GO:1903242,regulation of cardiac muscle hypertrophy in response to stress,M1,1,0
1,-5.9,GO:0008217,regulation of blood pressure,M1,1,0
1,-3.6,GO:0001654,eye development,M1,1,0
1,-4.2,GO:0043254,regulation of protein-containing complex assembly,M1,1,0
1,-2.9,GO:0008406,gonad development,M1,1,0
1,-2.2,GO:0043267,negative regulation of potassium ion transport,M1,1,0
1,-3,GO:0120032,regulation of plasma membrane bounded cell projection assembly,M1,1,0
1,-2.4,GO:0110020,regulation of actomyosin structure organization,M1,1,0
1,-4.8,GO:0030500,regulation of bone mineralization,M1,1,0
1,-2.7,GO:0045671,negative regulation of osteoclast differentiation,M1,1,0
1,-6.9,GO:0060560,developmental growth involved in morphogenesis,M1,1,0
1,-3.3,GO:0048332,mesoderm morphogenesis,M1,1,0
1,-6.7,GO:0098901,regulation of cardiac muscle cell action potential,M1,1,0
1,-3.2,GO:0071313,cellular response to caffeine,M1,1,0
1,-3.2,GO:0072162,metanephric mesenchymal cell differentiation,M1,1,0
1,-5.3,GO:0014808,release of sequestered calcium ion into cytosol by sarcoplasmic reticulum,M1,1,0
1,-3.3,GO:0050879,multicellular organismal movement,M1,1,0
1,-6,GO:0042391,regulation of membrane potential,M1,1,0
1,-2.6,GO:0003129,heart induction,M1,1,0
1,-8.4,GO:0007420,brain development,M1,1,0
1,-3.3,GO:0033687,osteoblast proliferation,M1,1,0
1,-2.4,GO:2000826,regulation of heart morphogenesis,M1,1,0
1,-2.5,GO:0072104,glomerular capillary formation,M1,1,0
1,-3.9,GO:0006470,protein dephosphorylation,M1,1,0
1,-3.8,GO:0021795,cerebral cortex cell migration,M1,1,0
1,-4.5,GO:0048771,tissue remodeling,M1,1,0
1,-2.1,GO:0046460,neutral lipid biosynthetic process,M1,1,0
1,-2.8,GO:1905870,positive regulation of 3'-UTR-mediated mRNA stabilization,M1,1,0
1,-2.3,GO:0120180,cell-substrate junction disassembly,M1,1,0
1,-2.1,GO:0033690,positive regulation of osteoblast proliferation,M1,1,0
1,-7.8,GO:0060284,regulation of cell development,M1,1,0
1,-4.4,GO:0001508,action potential,M1,1,0
1,-2.1,GO:0007194,negative regulation of adenylate cyclase activity,M1,1,0
1,-2.3,GO:0032808,lacrimal gland development,M1,1,0
1,-3.8,GO:0086091,regulation of heart rate by cardiac conduction,M1,1,0
1,-3.2,GO:0089700,protein kinase D signaling,M1,1,0
1,-3.7,GO:0016311,dephosphorylation,M1,1,0
1,-4,GO:0060317,cardiac epithelial to mesenchymal transition,M1,1,0
1,-3.5,GO:1902532,negative regulation of intracellular signal transduction,M1,1,0
1,-4.1,GO:0048557,embryonic digestive tract morphogenesis,M1,1,0
1,-3,GO:0061614,pri-miRNA transcription by RNA polymerase II,M1,1,0
1,-5.1,GO:1904018,positive regulation of vasculature development,M1,1,0
1,-2.5,GO:0005978,glycogen biosynthetic process,M1,1,0
1,-3.2,GO:0090279,regulation of calcium ion import,M1,1,0
1,-4.5,GO:0072239,metanephric glomerulus vasculature development,M1,1,0
1,-4,GO:0051480,regulation of cytosolic calcium ion concentration,M1,1,0
1,-2,GO:0061014,positive regulation of mRNA catabolic process,M1,1,0
1,-2.4,GO:0009265,2'-deoxyribonucleotide biosynthetic process,M1,1,0
1,-2.8,GO:0060948,cardiac vascular smooth muscle cell development,M1,1,0
1,-6,GO:0055119,relaxation of cardiac muscle,M1,1,0
1,-2.7,GO:0035150,regulation of tube size,M1,1,0
1,-2.1,GO:0006893,Golgi to plasma membrane transport,M1,1,0
1,-2.3,GO:0061028,establishment of endothelial barrier,M1,1,0
1,-2.4,GO:0003337,mesenchymal to epithelial transition involved in metanephros morphogenesis,M1,1,0
1,-2.3,GO:0070842,aggresome assembly,M1,1,0
1,-4.5,GO:0010811,positive regulation of cell-substrate adhesion,M1,1,0
1,-5.6,GO:0051924,regulation of calcium ion transport,M1,1,0
1,-5.7,GO:0014033,neural crest cell differentiation,M1,1,0
1,-5.1,GO:1901879,regulation of protein depolymerization,M1,1,0
1,-8.2,GO:0048565,digestive tract development,M1,1,0
1,-39,GO:0014706,striated muscle tissue development,M1,1,0
1,-4.3,GO:0021915,neural tube development,M1,1,0
1,-16,GO:0007389,pattern specification process,M1,1,0
1,-2.6,GO:1901016,regulation of potassium ion transmembrane transporter activity,M1,1,0
1,-2.4,GO:0030518,intracellular steroid hormone receptor signaling pathway,M1,1,0
1,-3.7,GO:0048485,sympathetic nervous system development,M1,1,0
1,-3.8,GO:0046660,female sex differentiation,M1,1,0
1,-2.7,GO:0060561,apoptotic process involved in morphogenesis,M1,1,0
1,-11,GO:1905114,cell surface receptor signaling pathway involved in cell-cell signaling,M1,1,0
1,-2.6,GO:1905244,regulation of modification of synaptic structure,M1,1,0
1,-3.7,GO:0060920,cardiac pacemaker cell differentiation,M1,1,0
1,-2.3,GO:1900027,regulation of ruffle assembly,M1,1,0
1,-8.7,GO:0001525,angiogenesis,M1,1,0
1,-5.5,GO:0086009,membrane repolarization,M1,1,0
1,-2.6,GO:0072497,mesenchymal stem cell differentiation,M1,1,0
1,-2.3,GO:0007028,cytoplasm organization,M1,1,0
1,-5.2,GO:0060923,cardiac muscle cell fate commitment,M1,1,0
1,-2.6,GO:0060900,embryonic camera-type eye formation,M1,1,0
1,-4.9,GO:0031346,positive regulation of cell projection organization,M1,1,0
1,-2.3,GO:0009953,dorsal/ventral pattern formation,M1,1,0
1,-17,GO:0001568,blood vessel development,M1,1,0
1,-2.3,GO:2001239,regulation of extrinsic apoptotic signaling pathway in absence of ligand,M1,1,0
1,-6.4,GO:0009952,anterior/posterior pattern specification,M1,1,0
1,-4.2,GO:0071371,cellular response to gonadotropin stimulus,M1,1,0
1,-2.1,GO:0007635,chemosensory behavior,M1,1,0
1,-3.1,GO:0003073,regulation of systemic arterial blood pressure,M1,1,0
1,-6.2,GO:0001656,metanephros development,M1,1,0
1,-4.2,GO:0010657,muscle cell apoptotic process,M1,1,0
1,-3.7,GO:0072202,cell differentiation involved in metanephros development,M1,1,0
1,-2.3,GO:1904181,positive regulation of membrane depolarization,M1,1,0
1,-3.2,GO:0014065,phosphatidylinositol 3-kinase signaling,M1,1,0
1,-2.6,GO:0090087,regulation of peptide transport,M1,1,0
1,-2.8,GO:0009994,oocyte differentiation,M1,1,0
1,-2.1,GO:0033601,positive regulation of mammary gland epithelial cell proliferation,M1,1,0
1,-3,GO:0009948,anterior/posterior axis specification,M1,1,0
1,-3.6,GO:0098660,inorganic ion transmembrane transport,M1,1,0
1,-3,GO:0048663,neuron fate commitment,M1,1,0
1,-3,GO:0032881,regulation of polysaccharide metabolic process,M1,1,0
1,-3.5,GO:0043542,endothelial cell migration,M1,1,0
1,-2.5,GO:1903243,negative regulation of cardiac muscle hypertrophy in response to stress,M1,1,0
1,-2.8,GO:0060762,regulation of branching involved in mammary gland duct morphogenesis,M1,1,0
1,-2.7,GO:0032271,regulation of protein polymerization,M1,1,0
1,-5.5,GO:0060402,calcium ion transport into cytosol,M1,1,0
1,-4.4,GO:1903524,positive regulation of blood circulation,M1,1,0
1,-2.7,GO:0001709,cell fate determination,M1,1,0
1,-3.4,GO:0061117,negative regulation of heart growth,M1,1,0
1,-2.1,GO:0010662,regulation of striated muscle cell apoptotic process,M1,1,0
1,-4.2,GO:0072012,glomerulus vasculature development,M1,1,0
1,-2.7,GO:0043001,Golgi to plasma membrane protein transport,M1,1,0
1,-2.1,GO:0043696,dedifferentiation,M1,1,0
1,-7.1,GO:0048660,regulation of smooth muscle cell proliferation,M1,1,0
1,-2.4,GO:0034104,negative regulation of tissue remodeling,M1,1,0
1,-3.3,GO:0009611,response to wounding,M1,1,0
1,-4.8,GO:0007163,establishment or maintenance of cell polarity,M1,1,0
1,-5.6,GO:0090596,sensory organ morphogenesis,M1,1,0
1,-2.8,GO:0090276,regulation of peptide hormone secretion,M1,1,0
1,-3.7,GO:0018108,peptidyl-tyrosine phosphorylation,M1,1,0
1,-6.9,GO:0051283,negative regulation of sequestering of calcium ion,M1,1,0
1,-2.6,GO:0050774,negative regulation of dendrite morphogenesis,M1,1,0
1,-2.6,GO:0055012,ventricular cardiac muscle cell differentiation,M1,1,0
1,-2.3,GO:0006476,protein deacetylation,M1,1,0
1,-2.2,GO:0036376,sodium ion export across plasma membrane,M1,1,0
1,-4.7,GO:0009798,axis specification,M1,1,0
1,-2.8,GO:0036301,macrophage colony-stimulating factor production,M1,1,0
1,-14,GO:0030855,epithelial cell differentiation,M1,1,0
1,-4.2,GO:0010634,positive regulation of epithelial cell migration,M1,1,0
1,-4.3,GO:0071542,dopaminergic neuron differentiation,M1,1,0
1,-2.1,GO:0032261,purine nucleotide salvage,M1,1,0
1,-2.4,GO:0060612,adipose tissue development,M1,1,0
1,-8.3,GO:0048659,smooth muscle cell proliferation,M1,1,0
1,-2.3,GO:0098742,cell-cell adhesion via plasma-membrane adhesion molecules,M1,1,0
1,-18,GO:0060485,mesenchyme development,M1,1,0
1,-21,GO:0003015,heart process,M1,1,0
1,-15,GO:0055002,striated muscle cell development,M1,1,0
1,-3.2,GO:0016202,regulation of striated muscle tissue development,M1,1,0
1,-9.3,GO:0003179,heart valve morphogenesis,M1,1,0
1,-2.2,GO:0051446,positive regulation of meiotic cell cycle,M1,1,0
1,-6.9,GO:0009896,positive regulation of catabolic process,M1,1,0
1,-43,GO:0060537,muscle tissue development,M1,1,0
1,-2.3,GO:2001012,mesenchymal cell differentiation involved in renal system development,M1,1,0
1,-3.3,GO:0008543,fibroblast growth factor receptor signaling pathway,M1,1,0
1,-2.5,GO:0060751,branch elongation involved in mammary gland duct branching,M1,1,0
1,-2.1,GO:0060442,branching involved in prostate gland morphogenesis,M1,1,0
1,-5.1,GO:0001649,osteoblast differentiation,M1,1,0
1,-5.9,GO:0045765,regulation of angiogenesis,M1,1,0
1,-4.2,GO:0007548,sex differentiation,M1,1,0
1,-2.2,GO:0030520,intracellular estrogen receptor signaling pathway,M1,1,0
1,-4.5,GO:0048015,phosphatidylinositol-mediated signaling,M1,1,0
1,-3.4,GO:0120031,plasma membrane bounded cell projection assembly,M1,1,0
1,-2.1,GO:0043697,cell dedifferentiation,M1,1,0
1,-2.1,GO:0086010,membrane depolarization during action potential,M1,1,0
1,-4,GO:0010660,regulation of muscle cell apoptotic process,M1,1,0
1,-14,GO:0090257,regulation of muscle system process,M1,1,0
1,-2.5,GO:0060044,negative regulation of cardiac muscle cell proliferation,M1,1,0
1,-2.5,GO:0009250,glucan biosynthetic process,M1,1,0
1,-11,GO:0034329,cell junction assembly,M1,1,0
1,-4.8,GO:0010639,negative regulation of organelle organization,M1,1,0
1,-2.4,GO:0051402,neuron apoptotic process,M1,1,0
1,-2.8,GO:0072070,loop of Henle development,M1,1,0
1,-4.4,GO:0032835,glomerulus development,M1,1,0
1,-2.7,GO:0046579,positive regulation of Ras protein signal transduction,M1,1,0
1,-2.8,GO:0014733,regulation of skeletal muscle adaptation,M1,1,0
1,-2.5,GO:0001678,cellular glucose homeostasis,M1,1,0
1,-2.5,GO:0090100,positive regulation of transmembrane receptor protein serine/threonine kinase signaling pathway,M1,1,0
1,-2.2,GO:0051099,positive regulation of binding,M1,1,0
1,-2.1,GO:0007442,hindgut morphogenesis,M1,1,0
1,-11,GO:0048568,embryonic organ development,M1,1,0
1,-7.7,GO:0030900,forebrain development,M1,1,0
1,-4.8,GO:0048736,appendage development,M1,1,0
1,-2.5,GO:0030032,lamellipodium assembly,M1,1,0
1,-7.7,GO:0035904,aorta development,M1,1,0
1,-3.2,GO:0003175,tricuspid valve development,M1,1,0
1,-4.2,GO:1901861,regulation of muscle tissue development,M1,1,0
1,-2.4,GO:1901380,negative regulation of potassium ion transmembrane transport,M1,1,0
1,-5.2,GO:0021953,central nervous system neuron differentiation,M1,1,0
1,-4.6,GO:0043587,tongue morphogenesis,M1,1,0
1,-4.6,GO:0072503,cellular divalent inorganic cation homeostasis,M1,1,0
1,-5.1,GO:0045766,positive regulation of angiogenesis,M1,1,0
1,-2.1,GO:0045860,positive regulation of protein kinase activity,M1,1,0
1,-16,GO:0034330,cell junction organization,M1,1,0
1,-3,GO:1902742,apoptotic process involved in development,M1,1,0
1,-3.1,GO:0008154,actin polymerization or depolymerization,M1,1,0
1,-4.9,GO:0030308,negative regulation of cell growth,M1,1,0
1,-7.8,GO:0071695,anatomical structure maturation,M1,1,0
1,-8.2,GO:0086003,cardiac muscle cell contraction,M1,1,0
1,-3.6,GO:0003272,endocardial cushion formation,M1,1,0
1,-2.6,GO:0046546,development of primary male sexual characteristics,M1,1,0
1,-5,GO:0050767,regulation of neurogenesis,M1,1,0
1,-4.9,GO:0060379,cardiac muscle cell myoblast differentiation,M1,1,0
1,-2.8,GO:0003192,mitral valve formation,M1,1,0
1,-11,GO:0050673,epithelial cell proliferation,M1,1,0
1,-3.8,GO:0098902,regulation of membrane depolarization during action potential,M1,1,0
1,-3.4,GO:0048640,negative regulation of developmental growth,M1,1,0
1,-3.9,GO:1904063,negative regulation of cation transmembrane transport,M1,1,0
1,-2.5,GO:0055059,asymmetric neuroblast division,M1,1,0
1,-5,GO:0035886,vascular associated smooth muscle cell differentiation,M1,1,0
1,-4.6,GO:0030856,regulation of epithelial cell differentiation,M1,1,0
1,-8.5,GO:0001501,skeletal system development,M1,1,0
1,-2.5,GO:0048597,post-embryonic camera-type eye morphogenesis,M1,1,0
1,-7,GO:0048588,developmental cell growth,M1,1,0
1,-2.4,GO:0098884,postsynaptic neurotransmitter receptor internalization,M1,1,0
1,-5.9,GO:0051056,regulation of small GTPase mediated signal transduction,M1,1,0
1,-4.2,GO:0110053,regulation of actin filament organization,M1,1,0
1,-3.5,GO:0001941,postsynaptic membrane organization,M1,1,0
1,-4.6,GO:0048661,positive regulation of smooth muscle cell proliferation,M1,1,0
1,-3,GO:0021872,forebrain generation of neurons,M1,1,0
1,-5.5,GO:0003164,His-Purkinje system development,M1,1,0
1,-7.9,GO:0051129,negative regulation of cellular component organization,M1,1,0
1,-3.6,GO:0008360,regulation of cell shape,M1,1,0
1,-3.1,GO:0046886,positive regulation of hormone biosynthetic process,M1,1,0
1,-2.8,GO:0003149,membranous septum morphogenesis,M1,1,0
1,-2.3,GO:1905203,regulation of connective tissue replacement,M1,1,0
1,-3.4,GO:0060740,prostate gland epithelium morphogenesis,M1,1,0
1,-2.6,GO:0055015,ventricular cardiac muscle cell development,M1,1,0
1,-5.7,GO:0030278,regulation of ossification,M1,1,0
1,-5.2,GO:0072507,divalent inorganic cation homeostasis,M1,1,0
1,-3,GO:0042311,vasodilation,M1,1,0
1,-2.3,GO:0097191,extrinsic apoptotic signaling pathway,M1,1,0
1,-3.2,GO:1902809,regulation of skeletal muscle fiber differentiation,M1,1,0
1,-2.1,GO:0021859,pyramidal neuron differentiation,M1,1,0
1,-11,GO:0060976,coronary vasculature development,M1,1,0
1,-3.3,GO:0098801,regulation of renal system process,M1,1,0
1,-8.1,GO:0060977,coronary vasculature morphogenesis,M1,1,0
1,-6.7,GO:0016358,dendrite development,M1,1,0
1,-3.8,GO:0030042,actin filament depolymerization,M1,1,0
1,-5.3,GO:0031331,positive regulation of cellular catabolic process,M1,1,0
1,-4.5,GO:0030540,female genitalia development,M1,1,0
1,-2.4,GO:0043620,regulation of DNA-templated transcription in response to stress,M1,1,0
1,-14,GO:0048514,blood vessel morphogenesis,M1,1,0
1,-5.2,GO:0086064,cell communication by electrical coupling involved in cardiac conduction,M1,1,0
1,-6.6,GO:0051208,sequestering of calcium ion,M1,1,0
1,-3,GO:0071362,cellular response to ether,M1,1,0
1,-2.5,GO:0033233,regulation of protein sumoylation,M1,1,0
1,-12,GO:0060038,cardiac muscle cell proliferation,M1,1,0
1,-3.7,GO:0007369,gastrulation,M1,1,0
1,-5.2,GO:0061180,mammary gland epithelium development,M1,1,0
1,-2.1,GO:0032350,regulation of hormone metabolic process,M1,1,0
1,-3.5,GO:0002065,columnar/cuboidal epithelial cell differentiation,M1,1,0
1,-10,GO:0016055,Wnt signaling pathway,M1,1,0
1,-2.3,GO:0043271,negative regulation of ion transport,M1,1,0
1,-8,GO:0150115,cell-substrate junction organization,M1,1,0
1,-2.3,GO:0009914,hormone transport,M1,1,0
1,-5,GO:0061333,renal tubule morphogenesis,M1,1,0
1,-4.1,GO:0090288,negative regulation of cellular response to growth factor stimulus,M1,1,0
1,-13,GO:0030111,regulation of Wnt signaling pathway,M1,1,0
1,-2.1,GO:0033500,carbohydrate homeostasis,M1,1,0
1,-2.6,GO:0030850,prostate gland development,M1,1,0
1,-2.8,GO:0072331,signal transduction by p53 class mediator,M1,1,0
1,-3.4,GO:0006873,cellular ion homeostasis,M1,1,0
1,-3.7,GO:0000271,polysaccharide biosynthetic process,M1,1,0
1,-5.8,GO:2000027,regulation of animal organ morphogenesis,M1,1,0
1,-2.8,GO:0086015,SA node cell action potential,M1,1,0
1,-5.2,GO:0001755,neural crest cell migration,M1,1,0
1,-13,GO:0055117,regulation of cardiac muscle contraction,M1,1,0
1,-2.1,GO:0051124,synaptic assembly at neuromuscular junction,M1,1,0
1,-3.2,GO:0090183,regulation of kidney development,M1,1,0
1,-2.9,GO:0060602,branch elongation of an epithelium,M1,1,0
1,-6.6,GO:0043410,positive regulation of MAPK cascade,M1,1,0
1,-2,GO:0034764,positive regulation of transmembrane transport,M1,1,0
1,-2.9,GO:0030330,"DNA damage response, signal transduction by p53 class mediator",M1,1,0
1,-2.4,GO:0061951,establishment of protein localization to plasma membrane,M1,1,0
1,-2.7,GO:0003309,type B pancreatic cell differentiation,M1,1,0
1,-5.4,GO:0001666,response to hypoxia,M1,1,0
1,-2.7,GO:0021954,central nervous system neuron development,M1,1,0
1,-2.9,GO:0032874,positive regulation of stress-activated MAPK cascade,M1,1,0
1,-2.8,GO:0002790,peptide secretion,M1,1,0
1,-11,GO:0060420,regulation of heart growth,M1,1,0
1,-3.1,GO:1903909,regulation of receptor clustering,M1,1,0
1,-2.4,GO:0051894,positive regulation of focal adhesion assembly,M1,1,0
1,-3.1,GO:0048599,oocyte development,M1,1,0
1,-2.4,GO:0048538,thymus development,M1,1,0
1,-2.1,GO:0046883,regulation of hormone secretion,M1,1,0
1,-2.1,GO:0090178,regulation of establishment of planar polarity involved in neural tube closure,M1,1,0
1,-4.1,GO:0043547,positive regulation of GTPase activity,M1,1,0
1,-2.2,GO:1904948,midbrain dopaminergic neuron differentiation,M1,1,0
1,-12,GO:0060070,canonical Wnt signaling pathway,M1,1,0
1,-2.4,GO:0010763,positive regulation of fibroblast migration,M1,1,0
1,-2.2,GO:0043517,"positive regulation of DNA damage response, signal transduction by p53 class mediator",M1,1,0
1,-8.1,GO:0060021,roof of mouth development,M1,1,0
1,-3.5,GO:0051222,positive regulation of protein transport,M1,1,0
1,-9.7,GO:0032970,regulation of actin filament-based process,M1,1,0
1,-2.3,GO:1902514,regulation of calcium ion transmembrane transport via high voltage-gated calcium channel,M1,1,0
1,-12,GO:0048732,gland development,M1,1,0
1,-4.9,GO:0110110,positive regulation of animal organ morphogenesis,M1,1,0
1,-6.8,GO:0048645,animal organ formation,M1,1,0
1,-6.8,GO:0051149,positive regulation of muscle cell differentiation,M1,1,0
1,-5,GO:0035995,detection of muscle stretch,M1,1,0
1,-4.5,GO:0007368,determination of left/right symmetry,M1,1,0
1,-2.5,GO:0009713,catechol-containing compound biosynthetic process,M1,1,0
1,-4.6,GO:0003263,cardioblast proliferation,M1,1,0
1,-6.9,GO:0016049,cell growth,M1,1,0
1,-2.2,GO:0042551,neuron maturation,M1,1,0
1,-2.3,GO:0072161,mesenchymal cell differentiation involved in kidney development,M1,1,0
1,-3.2,GO:0003274,endocardial cushion fusion,M1,1,0
1,-2.3,GO:0002327,immature B cell differentiation,M1,1,0
1,-6.3,GO:0010810,regulation of cell-substrate adhesion,M1,1,0
1,-2.1,GO:0043255,regulation of carbohydrate biosynthetic process,M1,1,0
1,-6.8,GO:0071772,response to BMP,M1,1,0
1,-8.1,GO:0060343,trabecula formation,M1,1,0
1,-5.2,GO:0150116,regulation of cell-substrate junction organization,M1,1,0
1,-12,GO:0001667,ameboidal-type cell migration,M1,1,0
1,-3,GO:0061013,regulation of mRNA catabolic process,M1,1,0
1,-3.1,GO:0048569,post-embryonic animal organ development,M1,1,0
1,-2.7,GO:0045682,regulation of epidermis development,M1,1,0
1,-2,GO:0060669,embryonic placenta morphogenesis,M1,1,0
1,-9.8,GO:0055123,digestive system development,M1,1,0
1,-3.3,GO:0048662,negative regulation of smooth muscle cell proliferation,M1,1,0
1,-2.5,GO:0001935,endothelial cell proliferation,M1,1,0
1,-5.3,GO:0070528,protein kinase C signaling,M1,1,0
1,-2.4,GO:0045822,negative regulation of heart contraction,M1,1,0
1,-9,GO:0072073,kidney epithelium development,M1,1,0
1,-2.2,GO:0007193,adenylate cyclase-inhibiting G protein-coupled receptor signaling pathway,M1,1,0
1,-2.4,GO:1902459,positive regulation of stem cell population maintenance,M1,1,0
1,-5,GO:0001952,regulation of cell-matrix adhesion,M1,1,0
1,-21,GO:0044057,regulation of system process,M1,1,0
1,-2.4,GO:1904037,positive regulation of epithelial cell apoptotic process,M1,1,0
1,-2.3,GO:1901985,positive regulation of protein acetylation,M1,1,0
1,-3.5,GO:1904951,positive regulation of establishment of protein localization,M1,1,0
1,-11,GO:0060538,skeletal muscle organ development,M1,1,0
1,-2.3,GO:1903311,regulation of mRNA metabolic process,M1,1,0
1,-3.5,GO:0150063,visual system development,M1,1,0
1,-5.3,GO:0007254,JNK cascade,M1,1,0
1,-3.6,GO:0032885,regulation of polysaccharide biosynthetic process,M1,1,0
1,-3.7,GO:0014849,ureter smooth muscle contraction,M1,1,0
1,-4.2,GO:0072224,metanephric glomerulus development,M1,1,0
1,-3.9,GO:0003401,axis elongation,M1,1,0
1,-3,GO:0032909,regulation of transforming growth factor beta2 production,M1,1,0
1,-2.1,GO:0014742,positive regulation of muscle hypertrophy,M1,1,0
1,-2.3,GO:0051057,positive regulation of small GTPase mediated signal transduction,M1,1,0
1,-3.1,GO:0045776,negative regulation of blood pressure,M1,1,0
1,-7.4,GO:0048754,branching morphogenesis of an epithelial tube,M1,1,0
1,-3.2,GO:0009612,response to mechanical stimulus,M1,1,0
1,-2.1,GO:0010812,negative regulation of cell-substrate adhesion,M1,1,0
1,-2.2,GO:0035601,protein deacylation,M1,1,0
1,-2.3,GO:1900086,positive regulation of peptidyl-tyrosine autophosphorylation,M1,1,0
1,-2.4,GO:0140239,postsynaptic endocytosis,M1,1,0
1,-8.5,GO:0048562,embryonic organ morphogenesis,M1,1,0
1,-2.1,GO:0010613,positive regulation of cardiac muscle hypertrophy,M1,1,0
1,-3.4,GO:0098876,vesicle-mediated transport to the plasma membrane,M1,1,0
1,-3.1,GO:0045137,development of primary sexual characteristics,M1,1,0
1,-4.9,GO:0045216,cell-cell junction organization,M1,1,0
1,-2.7,GO:0021536,diencephalon development,M1,1,0
1,-8.1,GO:0007178,transmembrane receptor protein serine/threonine kinase signaling pathway,M1,1,0
1,-4.1,GO:0110149,regulation of biomineralization,M1,1,0
1,-3.1,GO:0035725,sodium ion transmembrane transport,M1,1,0
1,-6.5,GO:0090132,epithelium migration,M1,1,0
1,-2.2,GO:0071312,cellular response to alkaloid,M1,1,0
1,-7.5,GO:0034765,regulation of ion transmembrane transport,M1,1,0
1,-4,GO:0071902,positive regulation of protein serine/threonine kinase activity,M1,1,0
1,-5.8,GO:0060947,cardiac vascular smooth muscle cell differentiation,M1,1,0
1,-2.9,GO:0021799,cerebral cortex radially oriented cell migration,M1,1,0
1,-2.7,GO:0050768,negative regulation of neurogenesis,M1,1,0
1,-2.9,GO:0043507,positive regulation of JUN kinase activity,M1,1,0
1,-2.3,GO:0120181,focal adhesion disassembly,M1,1,0
1,-2.4,GO:0032869,cellular response to insulin stimulus,M1,1,0
1,-7.1,GO:0003143,embryonic heart tube morphogenesis,M1,1,0
1,-14,GO:0003208,cardiac ventricle morphogenesis,M1,1,0
1,-2.1,GO:1905278,positive regulation of epithelial tube formation,M1,1,0
1,-3.3,GO:0007043,cell-cell junction assembly,M1,1,0
1,-6,GO:0035994,response to muscle stretch,M1,1,0
1,-4,GO:0048880,sensory system development,M1,1,0
1,-2.9,GO:1902369,negative regulation of RNA catabolic process,M1,1,0
1,-3.9,GO:0033688,regulation of osteoblast proliferation,M1,1,0
1,-3,GO:0050921,positive regulation of chemotaxis,M1,1,0
1,-3.9,GO:0061311,cell surface receptor signaling pathway involved in heart development,M1,1,0
1,-5,GO:0060914,heart formation,M1,1,0
1,-3.1,GO:0021675,nerve development,M1,1,0
1,-4.4,GO:0007164,establishment of tissue polarity,M1,1,0
1,-2.1,GO:0072033,renal vesicle formation,M1,1,0
1,-2.1,GO:0009263,deoxyribonucleotide biosynthetic process,M1,1,0
1,-3.1,GO:0035272,exocrine system development,M1,1,0
1,-4.7,GO:0044089,positive regulation of cellular component biogenesis,M1,1,0
1,-2.6,GO:1901216,positive regulation of neuron death,M1,1,0
1,-2.5,GO:0060931,sinoatrial node cell development,M1,1,0
1,-3,GO:2000271,positive regulation of fibroblast apoptotic process,M1,1,0
1,-2.4,GO:0051481,negative regulation of cytosolic calcium ion concentration,M1,1,0
1,-2.5,GO:0022030,telencephalon glial cell migration,M1,1,0
1,-4.2,GO:2000650,negative regulation of sodium ion transmembrane transporter activity,M1,1,0
1,-2.3,GO:0010665,regulation of cardiac muscle cell apoptotic process,M1,1,0
1,-3.7,GO:0042176,regulation of protein catabolic process,M1,1,0
1,-6.2,GO:0032870,cellular response to hormone stimulus,M1,1,0
1,-5.9,GO:0098900,regulation of action potential,M1,1,0
1,-3.8,GO:0042326,negative regulation of phosphorylation,M1,1,0
1,-2.7,GO:0043551,regulation of phosphatidylinositol 3-kinase activity,M1,1,0
1,-6.5,GO:0003158,endothelium development,M1,1,0
1,-3.5,GO:0060676,ureteric bud formation,M1,1,0
1,-3.7,GO:0072105,ureteric peristalsis,M1,1,0
1,-3.8,GO:0045665,negative regulation of neuron differentiation,M1,1,0
1,-10,GO:0055010,ventricular cardiac muscle tissue morphogenesis,M1,1,0
1,-5.4,GO:2000146,negative regulation of cell motility,M1,1,0
1,-6.1,GO:0051494,negative regulation of cytoskeleton organization,M1,1,0
1,-4.9,GO:0003156,regulation of animal organ formation,M1,1,0
1,-9.5,GO:0003299,muscle hypertrophy in response to stress,M1,1,0
1,-2.1,GO:0099149,regulation of postsynaptic neurotransmitter receptor internalization,M1,1,0
1,-2.7,GO:0060395,SMAD protein signal transduction,M1,1,0
1,-2.2,GO:0009123,nucleoside monophosphate metabolic process,M1,1,0
1,-16,GO:0006941,striated muscle contraction,M1,1,0
1,-7.8,GO:0090092,regulation of transmembrane receptor protein serine/threonine kinase signaling pathway,M1,1,0
1,-4.1,GO:0061154,endothelial tube morphogenesis,M1,1,0
1,-4.8,GO:1990845,adaptive thermogenesis,M1,1,0
1,-3.5,GO:0010594,regulation of endothelial cell migration,M1,1,0
1,-3.5,GO:0034766,negative regulation of ion transmembrane transport,M1,1,0
1,-5.1,GO:0048839,inner ear development,M1,1,0
1,-2.3,GO:0010664,negative regulation of striated muscle cell apoptotic process,M1,1,0
1,-4.5,GO:0106106,cold-induced thermogenesis,M1,1,0
1,-2.9,GO:0014020,primary neural tube formation,M1,1,0
1,-6.9,GO:0021700,developmental maturation,M1,1,0
1,-2.2,GO:2000810,regulation of bicellular tight junction assembly,M1,1,0
1,-13,GO:0043500,muscle adaptation,M1,1,0
1,-3.4,GO:0010595,positive regulation of endothelial cell migration,M1,1,0
1,-4,GO:0042060,wound healing,M1,1,0
1,-8.7,GO:0045165,cell fate commitment,M1,1,0
1,-2,GO:1990874,vascular associated smooth muscle cell proliferation,M1,1,0
1,-6.5,GO:0014031,mesenchymal cell development,M1,1,0
1,-3.2,GO:0060314,regulation of ryanodine-sensitive calcium-release channel activity,M1,1,0
1,-3.3,GO:0048593,camera-type eye morphogenesis,M1,1,0
1,-2.7,GO:0071333,cellular response to glucose stimulus,M1,1,0
1,-2.5,GO:0010658,striated muscle cell apoptotic process,M1,1,0
1,-13,GO:0060828,regulation of canonical Wnt signaling pathway,M1,1,0
1,-4.3,GO:0043244,regulation of protein-containing complex disassembly,M1,1,0
1,-2.3,GO:1901626,regulation of postsynaptic membrane organization,M1,1,0
1,-5.6,GO:0001947,heart looping,M1,1,0
1,-3.7,GO:0048255,mRNA stabilization,M1,1,0
1,-7.6,GO:0045445,myoblast differentiation,M1,1,0
1,-3.2,GO:0098910,regulation of atrial cardiac muscle cell action potential,M1,1,0
1,-2.5,GO:1901021,positive regulation of calcium ion transmembrane transporter activity,M1,1,0
1,-2.9,GO:0051961,negative regulation of nervous system development,M1,1,0
1,-2.9,GO:0031279,regulation of cyclase activity,M1,1,0
1,-2.2,GO:0008356,asymmetric cell division,M1,1,0
1,-22,GO:0007517,muscle organ development,M1,1,0
1,-3.6,GO:0002070,epithelial cell maturation,M1,1,0
1,-3.8,GO:0060979,vasculogenesis involved in coronary vascular morphogenesis,M1,1,0
1,-16,GO:0060411,cardiac septum morphogenesis,M1,1,0
1,-5.1,GO:1903514,release of sequestered calcium ion into cytosol by endoplasmic reticulum,M1,1,0
1,-6.1,GO:0014812,muscle cell migration,M1,1,0
1,-5.6,GO:0050773,regulation of dendrite development,M1,1,0
1,-5,GO:0060932,His-Purkinje system cell differentiation,M1,1,0
1,-3,GO:0035019,somatic stem cell population maintenance,M1,1,0
1,-4.2,GO:0010463,mesenchymal cell proliferation,M1,1,0
1,-2.9,GO:0044262,cellular carbohydrate metabolic process,M1,1,0
1,-5.5,GO:0051891,positive regulation of cardioblast differentiation,M1,1,0
1,-4.8,GO:0038084,vascular endothelial growth factor signaling pathway,M1,1,0
1,-3.1,GO:0006109,regulation of carbohydrate metabolic process,M1,1,0
1,-3.6,GO:0009306,protein secretion,M1,1,0
1,-4.2,GO:0072048,renal system pattern specification,M1,1,0
1,-9.2,GO:0061337,cardiac conduction,M1,1,0
1,-27,GO:0048729,tissue morphogenesis,M1,1,0
1,-3.1,GO:0043489,RNA stabilization,M1,1,0
1,-2.6,GO:0072102,glomerulus morphogenesis,M1,1,0
1,-9.7,GO:0003215,cardiac right ventricle morphogenesis,M1,1,0
1,-3.1,GO:0001892,embryonic placenta development,M1,1,0
1,-6.9,GO:1905314,semi-lunar valve development,M1,1,0
1,-2.2,GO:0042490,mechanoreceptor differentiation,M1,1,0
1,-3.4,GO:0001756,somitogenesis,M1,1,0
1,-2.7,GO:0031076,embryonic camera-type eye development,M1,1,0
1,-3.6,GO:0032446,protein modification by small protein conjugation,M1,1,0
1,-4.1,GO:0008544,epidermis development,M1,1,0
1,-3,GO:0071326,cellular response to monosaccharide stimulus,M1,1,0
1,-4.3,GO:0036293,response to decreased oxygen levels,M1,1,0
1,-4.5,GO:0003214,cardiac left ventricle morphogenesis,M1,1,0
1,-3.5,GO:0051899,membrane depolarization,M1,1,0
1,-5.4,GO:0051960,regulation of nervous system development,M1,1,0
1,-16,GO:0003151,outflow tract morphogenesis,M1,1,0
1,-2.4,GO:0048144,fibroblast proliferation,M1,1,0
1,-4,GO:0072283,metanephric renal vesicle morphogenesis,M1,1,0
1,-3,GO:0048592,eye morphogenesis,M1,1,0
1,-2.8,GO:0099601,regulation of neurotransmitter receptor activity,M1,1,0
1,-2.9,GO:0010962,regulation of glucan biosynthetic process,M1,1,0
1,-2.4,GO:0031345,negative regulation of cell projection organization,M1,1,0
1,-2.8,GO:1901256,regulation of macrophage colony-stimulating factor production,M1,1,0
1,-2,GO:1904646,cellular response to amyloid-beta,M1,1,0
1,-3.9,GO:0060039,pericardium development,M1,1,0
1,-5.1,GO:0003203,endocardial cushion morphogenesis,M1,1,0
1,-4.4,GO:0086067,AV node cell to bundle of His cell communication,M1,1,0
1,-2.5,GO:0034767,positive regulation of ion transmembrane transport,M1,1,0
1,-4.9,GO:0031077,post-embryonic camera-type eye development,M1,1,0
1,-2.1,GO:0042770,signal transduction in response to DNA damage,M1,1,0
1,-3.5,GO:1903312,negative regulation of mRNA metabolic process,M1,1,0
1,-2.2,GO:1905063,regulation of vascular associated smooth muscle cell differentiation,M1,1,0
1,-9.5,GO:0003170,heart valve development,M1,1,0
1,-3.8,GO:0050905,neuromuscular process,M1,1,0
1,-2.8,GO:1900024,regulation of substrate adhesion-dependent cell spreading,M1,1,0
1,-3.2,GO:0050731,positive regulation of peptidyl-tyrosine phosphorylation,M1,1,0
1,-11,GO:0014855,striated muscle cell proliferation,M1,1,0
1,-5.1,GO:0051271,negative regulation of cellular component movement,M1,1,0
1,-4.3,GO:0090109,regulation of cell-substrate junction assembly,M1,1,0
1,-8.6,GO:0000165,MAPK cascade,M1,1,0
1,-2.2,GO:0030432,peristalsis,M1,1,0
1,-9.9,GO:0040008,regulation of growth,M1,1,0
1,-5.1,GO:0061371,determination of heart left/right asymmetry,M1,1,0
1,-2.4,GO:0060068,vagina development,M1,1,0
1,-3.3,GO:0071383,cellular response to steroid hormone stimulus,M1,1,0
1,-3,GO:0009895,negative regulation of catabolic process,M1,1,0
1,-3.9,GO:0044042,glucan metabolic process,M1,1,0
1,-5,GO:0003177,pulmonary valve development,M1,1,0
1,-2.8,GO:0043588,skin development,M1,1,0
1,-2.3,GO:1990705,cholangiocyte proliferation,M1,1,0
1,-5.6,GO:0010880,regulation of release of sequestered calcium ion into cytosol by sarcoplasmic reticulum,M1,1,0
1,-3.5,GO:0021879,forebrain neuron differentiation,M1,1,0
1,-4.7,GO:0045663,positive regulation of myoblast differentiation,M1,1,0
1,-3,GO:0061032,visceral serous pericardium development,M1,1,0
1,-4.1,GO:0003159,morphogenesis of an endothelium,M1,1,0
1,-2.1,GO:0034504,protein localization to nucleus,M1,1,0
1,-2.8,GO:0086070,SA node cell to atrial cardiac muscle cell communication,M1,1,0
1,-2.2,GO:0051591,response to cAMP,M1,1,0
1,-4.4,GO:0031400,negative regulation of protein modification process,M1,1,0
1,-5.5,GO:0072078,nephron tubule morphogenesis,M1,1,0
1,-3.7,GO:0086016,AV node cell action potential,M1,1,0
1,-2.3,GO:0002573,myeloid leukocyte differentiation,M1,1,0
1,-2.2,GO:0051154,negative regulation of striated muscle cell differentiation,M1,1,0
1,-2.6,GO:0008585,female gonad development,M1,1,0
1,-5.9,GO:0032872,regulation of stress-activated MAPK cascade,M1,1,0
1,-2.3,GO:0061439,kidney vasculature morphogenesis,M1,1,0
1,-2.2,GO:1900746,regulation of vascular endothelial growth factor signaling pathway,M1,1,0
1,-6.3,GO:0035637,multicellular organismal signaling,M1,1,0
1,-2.8,GO:0045668,negative regulation of osteoblast differentiation,M1,1,0
1,-19,GO:0003206,cardiac chamber morphogenesis,M1,1,0
1,-5.8,GO:0070302,regulation of stress-activated protein kinase signaling cascade,M1,1,0
1,-2.2,GO:0008584,male gonad development,M1,1,0
1,-2.2,GO:0001885,endothelial cell development,M1,1,0
1,-6.5,GO:0072132,mesenchyme morphogenesis,M1,1,0
1,-3.1,GO:0021884,forebrain neuron development,M1,1,0
1,-3.8,GO:0051090,regulation of DNA-binding transcription factor activity,M1,1,0
1,-2.8,GO:0035480,regulation of Notch signaling pathway involved in heart induction,M1,1,0
1,-3,GO:0001977,renal system process involved in regulation of blood volume,M1,1,0
1,-3.4,GO:0051347,positive regulation of transferase activity,M1,1,0
1,-12,GO:0120039,plasma membrane bounded cell projection morphogenesis,M1,1,0
1,-3.2,GO:0042733,embryonic digit morphogenesis,M1,1,0
1,-3.1,GO:0001954,positive regulation of cell-matrix adhesion,M1,1,0
1,-3.3,GO:0007350,blastoderm segmentation,M1,1,0
1,-2.3,GO:1902895,positive regulation of pri-miRNA transcription by RNA polymerase II,M1,1,0
1,-5.3,GO:1905209,positive regulation of cardiocyte differentiation,M1,1,0
1,-4.4,GO:0001558,regulation of cell growth,M1,1,0
1,-8.2,GO:0060421,positive regulation of heart growth,M1,1,0
1,-2.2,GO:0031111,negative regulation of microtubule polymerization or depolymerization,M1,1,0
1,-2.7,GO:0086012,membrane depolarization during cardiac muscle cell action potential,M1,1,0
1,-7.3,GO:0007512,adult heart development,M1,1,0
1,-3.7,GO:0003167,atrioventricular bundle cell differentiation,M1,1,0
1,-2.7,GO:0051339,regulation of lyase activity,M1,1,0
1,-2.5,GO:1905868,regulation of 3'-UTR-mediated mRNA stabilization,M1,1,0
1,-2.4,GO:0035883,enteroendocrine cell differentiation,M1,1,0
1,-3,GO:0035418,protein localization to synapse,M1,1,0
1,-5.7,GO:0014032,neural crest cell development,M1,1,0
1,-4.7,GO:0001759,organ induction,M1,1,0
1,-2.1,GO:1902414,protein localization to cell junction,M1,1,0
1,-23,GO:0008015,blood circulation,M1,1,0
1,-3.3,GO:0060512,prostate gland morphogenesis,M1,1,0
1,-3.4,GO:0010817,regulation of hormone levels,M1,1,0
1,-2.5,GO:0071636,positive regulation of transforming growth factor beta production,M1,1,0
1,-3,GO:0071407,cellular response to organic cyclic compound,M1,1,0
1,-6.3,GO:0010975,regulation of neuron projection development,M1,1,0
1,-3.7,GO:0086027,AV node cell to bundle of His cell signaling,M1,1,0
1,-2.1,GO:0010762,regulation of fibroblast migration,M1,1,0
1,-5.9,GO:0061448,connective tissue development,M1,1,0
1,-2.5,GO:0050779,RNA destabilization,M1,1,0
1,-2.5,GO:0003105,negative regulation of glomerular filtration,M1,1,0
1,-2.1,GO:0046847,filopodium assembly,M1,1,0
1,-3.6,GO:0035592,establishment of protein localization to extracellular region,M1,1,0
1,-9.6,GO:0051272,positive regulation of cellular component movement,M1,1,0
1,-2.1,GO:0007613,memory,M1,1,0
1,-2.2,GO:0001767,establishment of lymphocyte polarity,M1,1,0
1,-2.4,GO:0045787,positive regulation of cell cycle,M1,1,0
1,-2.4,GO:0072659,protein localization to plasma membrane,M1,1,0
1,-4.2,GO:0030514,negative regulation of BMP signaling pathway,M1,1,0
1,-5.7,GO:1901342,regulation of vasculature development,M1,1,0
1,-2.6,GO:0002067,glandular epithelial cell differentiation,M1,1,0
1,-4.4,GO:0006939,smooth muscle contraction,M1,1,0
1,-5.6,GO:0009855,determination of bilateral symmetry,M1,1,0
1,-12,GO:0048638,regulation of developmental growth,M1,1,0
1,-4.2,GO:0061004,pattern specification involved in kidney development,M1,1,0
1,-5.3,GO:0003161,cardiac conduction system development,M1,1,0
1,-9.2,GO:0006937,regulation of muscle contraction,M1,1,0
1,-2.1,GO:0035235,ionotropic glutamate receptor signaling pathway,M1,1,0
1,-4,GO:0099173,postsynapse organization,M1,1,0
1,-6.2,GO:0022898,regulation of transmembrane transporter activity,M1,1,0
1,-4.8,GO:0007528,neuromuscular junction development,M1,1,0
1,-2.2,GO:0021988,olfactory lobe development,M1,1,0
1,-2.5,GO:0021801,cerebral cortex radial glia-guided migration,M1,1,0
1,-5.4,GO:0040013,negative regulation of locomotion,M1,1,0
1,-2.3,GO:0009950,dorsal/ventral axis specification,M1,1,0
1,-2.4,GO:0002052,positive regulation of neuroblast proliferation,M1,1,0
1,-5,GO:0090101,negative regulation of transmembrane receptor protein serine/threonine kinase signaling pathway,M1,1,0
1,-18,GO:0003231,cardiac ventricle development,M1,1,0
1,-2.6,GO:0048262,determination of dorsal/ventral asymmetry,M1,1,0
1,-2.7,GO:1901983,regulation of protein acetylation,M1,1,0
1,-2.2,GO:0003014,renal system process,M1,1,0
1,-2.8,GO:0014883,transition between fast and slow fiber,M1,1,0
1,-3.7,GO:0060675,ureteric bud morphogenesis,M1,1,0
1,-2.9,GO:0031529,ruffle organization,M1,1,0
1,-3.7,GO:0048596,embryonic camera-type eye morphogenesis,M1,1,0
1,-7.1,GO:0072210,metanephric nephron development,M1,1,0
1,-3.4,GO:0050769,positive regulation of neurogenesis,M1,1,0
1,-2.1,GO:1903322,positive regulation of protein modification by small protein conjugation or removal,M1,1,0
1,-2.2,GO:2001259,positive regulation of cation channel activity,M1,1,0
1,-18,GO:0060419,heart growth,M1,1,0
1,-7.8,GO:0001838,embryonic epithelial tube formation,M1,1,0
1,-4.8,GO:0010721,negative regulation of cell development,M1,1,0
1,-6.1,GO:0051155,positive regulation of striated muscle cell differentiation,M1,1,0
1,-2.3,GO:0060921,sinoatrial node cell differentiation,M1,1,0
1,-2,GO:0010508,positive regulation of autophagy,M1,1,0
1,-3.9,GO:0060926,cardiac pacemaker cell development,M1,1,0
1,-3.8,GO:0045913,positive regulation of carbohydrate metabolic process,M1,1,0
1,-4.1,GO:0098662,inorganic cation transmembrane transport,M1,1,0
1,-2.7,GO:0050890,cognition,M1,1,0
1,-6.8,GO:0071773,cellular response to BMP stimulus,M1,1,0
1,-3.9,GO:0003211,cardiac ventricle formation,M1,1,0
1,-3,GO:0016264,gap junction assembly,M1,1,0
1,-2.6,GO:0071880,adenylate cyclase-activating adrenergic receptor signaling pathway,M1,1,0
1,-2.4,GO:2001054,negative regulation of mesenchymal cell apoptotic process,M1,1,0
1,-3.6,GO:0014904,myotube cell development,M1,1,0
1,-2,GO:0043266,regulation of potassium ion transport,M1,1,0
1,-2.2,GO:0043618,regulation of transcription from RNA polymerase II promoter in response to stress,M1,1,0
1,-4.2,GO:0001704,formation of primary germ layer,M1,1,0
1,-5.9,GO:0072028,nephron morphogenesis,M1,1,0
1,-4.5,GO:0042476,odontogenesis,M1,1,0
1,-3.7,GO:0018212,peptidyl-tyrosine modification,M1,1,0
1,-2.8,GO:2001026,regulation of endothelial cell chemotaxis,M1,1,0
1,-6.9,GO:0010611,regulation of cardiac muscle hypertrophy,M1,1,0
1,-2.6,GO:0046189,phenol-containing compound biosynthetic process,M1,1,0
1,-2.3,GO:0009157,deoxyribonucleoside monophosphate biosynthetic process,M1,1,0
1,-11,GO:0031032,actomyosin structure organization,M1,1,0
1,-2.5,GO:0030073,insulin secretion,M1,1,0
1,-4.1,GO:0030835,negative regulation of actin filament depolymerization,M1,1,0
1,-2.6,GO:0062197,cellular response to chemical stress,M1,1,0
1,-2.5,GO:0043516,"regulation of DNA damage response, signal transduction by p53 class mediator",M1,1,0
1,-3.2,GO:0031034,myosin filament assembly,M1,1,0
1,-2.3,GO:0003186,tricuspid valve morphogenesis,M1,1,0
1,-18,GO:0060562,epithelial tube morphogenesis,M1,1,0
1,-2.1,GO:0048145,regulation of fibroblast proliferation,M1,1,0
1,-4.3,GO:0036324,vascular endothelial growth factor receptor-2 signaling pathway,M1,1,0
1,-11,GO:0003002,regionalization,M1,1,0
1,-5.8,GO:0007160,cell-matrix adhesion,M1,1,0
1,-14,GO:0072001,renal system development,M1,1,0
1,-2.1,GO:1904019,epithelial cell apoptotic process,M1,1,0
1,-3.7,GO:0097581,lamellipodium organization,M1,1,0
1,-3,GO:0014866,skeletal myofibril assembly,M1,1,0
1,-3.9,GO:0002053,positive regulation of mesenchymal cell proliferation,M1,1,0
1,-4,GO:0051235,maintenance of location,M1,1,0
1,-2.1,GO:0035767,endothelial cell chemotaxis,M1,1,0
1,-7,GO:0043065,positive regulation of apoptotic process,M1,1,0
1,-4.4,GO:0055065,metal ion homeostasis,M1,1,0
1,-4.1,GO:0060389,pathway-restricted SMAD protein phosphorylation,M1,1,0
1,-3.4,GO:0071774,response to fibroblast growth factor,M1,1,0
1,-2.1,GO:1905276,regulation of epithelial tube formation,M1,1,0
1,-3.9,GO:0060348,bone development,M1,1,0
1,-2.3,GO:0032414,positive regulation of ion transmembrane transporter activity,M1,1,0
1,-4.8,GO:0043242,negative regulation of protein-containing complex disassembly,M1,1,0
1,-42,GO:0061061,muscle structure development,M1,1,0
1,-2.5,GO:0099590,neurotransmitter receptor internalization,M1,1,0
1,-3.4,GO:0060443,mammary gland morphogenesis,M1,1,0
1,-2.8,GO:0070304,positive regulation of stress-activated protein kinase signaling cascade,M1,1,0
1,-4.6,GO:0031128,developmental induction,M1,1,0
1,-4.6,GO:1903779,regulation of cardiac conduction,M1,1,0
1,-4,GO:0007379,segment specification,M1,1,0
1,-2.1,GO:0033137,negative regulation of peptidyl-serine phosphorylation,M1,1,0
1,-4.2,GO:0060306,regulation of membrane repolarization,M1,1,0
1,-5.2,GO:0045446,endothelial cell differentiation,M1,1,0
1,-11,GO:0040017,positive regulation of locomotion,M1,1,0
1,-3,GO:0071372,cellular response to follicle-stimulating hormone stimulus,M1,1,0
1,-15,GO:0055017,cardiac muscle tissue growth,M1,1,0
1,-3,GO:0008354,germ cell migration,M1,1,0
1,-3.2,GO:0035910,ascending aorta morphogenesis,M1,1,0
1,-4.6,GO:0046578,regulation of Ras protein signal transduction,M1,1,0
1,-3.6,GO:0048008,platelet-derived growth factor receptor signaling pathway,M1,1,0
1,-2.6,GO:0030857,negative regulation of epithelial cell differentiation,M1,1,0
1,-6.9,GO:0003197,endocardial cushion development,M1,1,0
1,-5.8,GO:0030509,BMP signaling pathway,M1,1,0
1,-8.3,GO:0051147,regulation of muscle cell differentiation,M1,1,0
1,-7.6,GO:0003209,cardiac atrium morphogenesis,M1,1,0
1,-3,GO:0030072,peptide hormone secretion,M1,1,0
1,-4.2,GO:0001708,cell fate specification,M1,1,0
1,-2.4,GO:0060037,pharyngeal system development,M1,1,0
1,-2.8,GO:0035296,regulation of tube diameter,M1,1,0
1,-4.8,GO:0043583,ear development,M1,1,0
1,-20,GO:0055007,cardiac muscle cell differentiation,M1,1,0
1,-2.6,GO:0071456,cellular response to hypoxia,M1,1,0
1,-3.8,GO:0010831,positive regulation of myotube differentiation,M1,1,0
1,-4.5,GO:0010830,regulation of myotube differentiation,M1,1,0
1,-2.9,GO:0010769,regulation of cell morphogenesis involved in differentiation,M1,1,0
1,-2.3,GO:0021772,olfactory bulb development,M1,1,0
1,-6.8,GO:0051282,regulation of sequestering of calcium ion,M1,1,0
1,-3.2,GO:0048741,skeletal muscle fiber development,M1,1,0
1,-9.5,GO:0090090,negative regulation of canonical Wnt signaling pathway,M1,1,0
1,-18,GO:0030036,actin cytoskeleton organization,M1,1,0
1,-2.9,GO:0007611,learning or memory,M1,1,0
1,-2.1,GO:0070099,regulation of chemokine-mediated signaling pathway,M1,1,0
1,-2.1,GO:1901889,negative regulation of cell junction assembly,M1,1,0
1,-2.7,GO:0035315,hair cell differentiation,M1,1,0
1,-4.9,GO:0036302,atrioventricular canal development,M1,1,0
1,-2.2,GO:0043534,blood vessel endothelial cell migration,M1,1,0
1,-8.6,GO:0061138,morphogenesis of a branching epithelium,M1,1,0
1,-2.6,GO:0017145,stem cell division,M1,1,0
1,-12,GO:0048858,cell projection morphogenesis,M1,1,0
1,-3.2,GO:0045747,positive regulation of Notch signaling pathway,M1,1,0
1,-6.6,GO:0086065,cell communication involved in cardiac conduction,M1,1,0
1,-2.5,GO:0034103,regulation of tissue remodeling,M1,1,0
1,-2.8,GO:0043062,extracellular structure organization,M1,1,0
1,-10,GO:0198738,cell-cell signaling by wnt,M1,1,0
1,-2.7,GO:0034332,adherens junction organization,M1,1,0
1,-3.4,GO:0000578,embryonic axis specification,M1,1,0
1,-6.3,GO:0002026,regulation of the force of heart contraction,M1,1,0
1,-5.4,GO:0050679,positive regulation of epithelial cell proliferation,M1,1,0
1,-8.5,GO:0035050,embryonic heart tube development,M1,1,0
1,-2.5,GO:0010667,negative regulation of cardiac muscle cell apoptotic process,M1,1,0
1,-3.7,GO:1902811,positive regulation of skeletal muscle fiber differentiation,M1,1,0
1,-2.8,GO:0035481,positive regulation of Notch signaling pathway involved in heart induction,M1,1,0
1,-7.6,GO:0060045,positive regulation of cardiac muscle cell proliferation,M1,1,0
1,-4.3,GO:0072047,proximal/distal pattern formation involved in nephron development,M1,1,0
1,-2.1,GO:0071340,skeletal muscle acetylcholine-gated channel clustering,M1,1,0
1,-4.9,GO:0006874,cellular calcium ion homeostasis,M1,1,0
1,-2.5,GO:1903827,regulation of cellular protein localization,M1,1,0
1,-5.6,GO:0061351,neural precursor cell proliferation,M1,1,0
1,-2.6,GO:0062042,regulation of cardiac epithelial to mesenchymal transition,M1,1,0
1,-2.7,GO:0002791,regulation of peptide secretion,M1,1,0
1,-2.3,GO:1901863,positive regulation of muscle tissue development,M1,1,0
1,-2.6,GO:0048263,determination of dorsal identity,M1,1,0
1,-2.5,GO:0044247,cellular polysaccharide catabolic process,M1,1,0
1,-3.7,GO:0048814,regulation of dendrite morphogenesis,M1,1,0
1,-2.9,GO:0005979,regulation of glycogen biosynthetic process,M1,1,0
1,-3.2,GO:0007204,positive regulation of cytosolic calcium ion concentration,M1,1,0
1,-7.7,GO:0007409,axonogenesis,M1,1,0
1,-2.6,GO:0071696,ectodermal placode development,M1,1,0
1,-2.6,GO:0003009,skeletal muscle contraction,M1,1,0
1,-5.4,GO:1905207,regulation of cardiocyte differentiation,M1,1,0
1,-7.3,GO:1903169,regulation of calcium ion transmembrane transport,M1,1,0
1,-10,GO:2000147,positive regulation of cell motility,M1,1,0
1,-5.4,GO:0061458,reproductive system development,M1,1,0
1,-2.5,GO:0003402,planar cell polarity pathway involved in axis elongation,M1,1,0
1,-5.4,GO:0061384,heart trabecula morphogenesis,M1,1,0
1,-10,GO:0001837,epithelial to mesenchymal transition,M1,1,0
1,-2.5,GO:0048484,enteric nervous system development,M1,1,0
1,-18,GO:1903522,regulation of blood circulation,M1,1,0
1,-4.3,GO:0048017,inositol lipid-mediated signaling,M1,1,0
1,-3.5,GO:0050680,negative regulation of epithelial cell proliferation,M1,1,0
1,-8.9,GO:0072175,epithelial tube formation,M1,1,0
1,-11,GO:0070252,actin-mediated cell contraction,M1,1,0
1,-5.3,GO:0003298,physiological muscle hypertrophy,M1,1,0
1,-3,GO:0048545,response to steroid hormone,M1,1,0
1,-4.8,GO:0003180,aortic valve morphogenesis,M1,1,0
1,-6.4,GO:0034762,regulation of transmembrane transport,M1,1,0
1,-5.6,GO:0035108,limb morphogenesis,M1,1,0
1,-4.6,GO:0009913,epidermal cell differentiation,M1,1,0
1,-9.1,GO:0046622,positive regulation of organ growth,M1,1,0
1,-2.2,GO:0070303,negative regulation of stress-activated protein kinase signaling cascade,M1,1,0
1,-5.2,GO:0048041,focal adhesion assembly,M1,1,0
1,-3.1,GO:0005975,carbohydrate metabolic process,M1,1,0
1,-3.3,GO:0014074,response to purine-containing compound,M1,1,0
1,-5.7,GO:0007264,small GTPase mediated signal transduction,M1,1,0
1,-2.8,GO:1904427,positive regulation of calcium ion transmembrane transport,M1,1,0
1,-9.5,GO:0060412,ventricular septum morphogenesis,M1,1,0
1,-4.6,GO:0060324,face development,M1,1,0
1,-11,GO:0007519,skeletal muscle tissue development,M1,1,0
1,-11,GO:0032990,cell part morphogenesis,M1,1,0
1,-2.6,GO:0050730,regulation of peptidyl-tyrosine phosphorylation,M1,1,0
1,-3.7,GO:0060323,head morphogenesis,M1,1,0
1,-9,GO:0014888,striated muscle adaptation,M1,1,0
1,-2.8,GO:0032413,negative regulation of ion transmembrane transporter activity,M1,1,0
1,-4,GO:2001241,positive regulation of extrinsic apoptotic signaling pathway in absence of ligand,M1,1,0
1,-2.5,GO:0045604,regulation of epidermal cell differentiation,M1,1,0
1,-5.4,GO:0048469,cell maturation,M1,1,0
1,-2.1,GO:0008542,visual learning,M1,1,0
1,-2.1,GO:0043525,positive regulation of neuron apoptotic process,M1,1,0
1,-2.8,GO:0010991,negative regulation of SMAD protein complex assembly,M1,1,0
1,-2.1,GO:0051785,positive regulation of nuclear division,M1,1,0
1,-6.1,GO:0006935,chemotaxis,M1,1,0
1,-7.7,GO:0051279,regulation of release of sequestered calcium ion into cytosol,M1,1,0
1,-2.3,GO:0007589,body fluid secretion,M1,1,0
1,-3.4,GO:0002028,regulation of sodium ion transport,M1,1,0
1,-2.3,GO:0060394,negative regulation of pathway-restricted SMAD protein phosphorylation,M1,1,0
1,-2.6,GO:0003128,heart field specification,M1,1,0
1,-2.4,GO:0019827,stem cell population maintenance,M1,1,0
1,-7.1,GO:0007044,cell-substrate junction assembly,M1,1,0
1,-5.6,GO:0032409,regulation of transporter activity,M1,1,0
1,-3.2,GO:0021885,forebrain cell migration,M1,1,0
1,-3.2,GO:0072086,specification of loop of Henle identity,M1,1,0
1,-5,GO:0030324,lung development,M1,1,0
1,-3.1,GO:0038083,peptidyl-tyrosine autophosphorylation,M1,1,0
1,-2.4,GO:0014745,negative regulation of muscle adaptation,M1,1,0
1,-5.7,GO:0032412,regulation of ion transmembrane transporter activity,M1,1,0
1,-4.4,GO:0044264,cellular polysaccharide metabolic process,M1,1,0
1,-2.2,GO:0030901,midbrain development,M1,1,0
1,-3.2,GO:0043279,response to alkaloid,M1,1,0
1,-2.1,GO:0051781,positive regulation of cell division,M1,1,0
1,-2,GO:0006638,neutral lipid metabolic process,M1,1,0
1,-8.8,GO:0003283,atrial septum development,M1,1,0
1,-2.5,GO:0097178,ruffle assembly,M1,1,0
1,-2.9,GO:0099622,cardiac muscle cell membrane repolarization,M1,1,0
1,-9.5,GO:0060043,regulation of cardiac muscle cell proliferation,M1,1,0
1,-2.6,GO:0010171,body morphogenesis,M1,1,0
1,-2.4,GO:0051647,nucleus localization,M1,1,0
1,-25,GO:0003007,heart morphogenesis,M1,1,0
1,-11,GO:0048812,neuron projection morphogenesis,M1,1,0
1,-3.9,GO:1901019,regulation of calcium ion transmembrane transporter activity,M1,1,0
1,-2.7,GO:1903204,negative regulation of oxidative stress-induced neuron death,M1,1,0
1,-2.4,GO:0033275,actin-myosin filament sliding,M1,1,0
1,-2.9,GO:0048634,regulation of muscle organ development,M1,1,0
1,-2.1,GO:2000095,"regulation of Wnt signaling pathway, planar cell polarity pathway",M1,1,0
1,-12,GO:0060322,head development,M1,1,0
1,-5.1,GO:0034698,response to gonadotropin,M1,1,0
1,-2,GO:0051642,centrosome localization,M1,1,0
1,-5,GO:0007266,Rho protein signal transduction,M1,1,0
1,-3.2,GO:0032330,regulation of chondrocyte differentiation,M1,1,0
1,-4.8,GO:0048286,lung alveolus development,M1,1,0
1,-7.8,GO:0043408,regulation of MAPK cascade,M1,1,0
1,-2.3,GO:1900407,regulation of cellular response to oxidative stress,M1,1,0
1,-15,GO:0003229,ventricular cardiac muscle tissue development,M1,1,0
1,-3.3,GO:0043010,camera-type eye development,M1,1,0
1,-2.9,GO:0042063,gliogenesis,M1,1,0
1,-2.4,GO:0046879,hormone secretion,M1,1,0
1,-17,GO:0060048,cardiac muscle contraction,M1,1,0
1,-4.1,GO:0050708,regulation of protein secretion,M1,1,0
1,-3.4,GO:0042886,amide transport,M1,1,0
1,-3.2,GO:0086002,cardiac muscle cell action potential involved in contraction,M1,1,0
1,-2.5,GO:0072103,glomerulus vasculature morphogenesis,M1,1,0
1,-4.9,GO:0003254,regulation of membrane depolarization,M1,1,0
1,-3.4,GO:0022029,telencephalon cell migration,M1,1,0
1,-5,GO:0010718,positive regulation of epithelial to mesenchymal transition,M1,1,0
1,-7.6,GO:0014741,negative regulation of muscle hypertrophy,M1,1,0
1,-3,GO:0030833,regulation of actin filament polymerization,M1,1,0
1,-3.6,GO:0032535,regulation of cellular component size,M1,1,0
1,-2.1,GO:0043407,negative regulation of MAP kinase activity,M1,1,0
1,-5.6,GO:0010092,specification of animal organ identity,M1,1,0
1,-22,GO:0003205,cardiac chamber development,M1,1,0
1,-2.2,GO:0016052,carbohydrate catabolic process,M1,1,0
1,-4,GO:0032332,positive regulation of chondrocyte differentiation,M1,1,0
1,-5.4,GO:0055074,calcium ion homeostasis,M1,1,0
1,-3.2,GO:0062043,positive regulation of cardiac epithelial to mesenchymal transition,M1,1,0
1,-6.3,GO:0060347,heart trabecula formation,M1,1,0
1,-3.2,GO:0003338,metanephros morphogenesis,M1,1,0
1,-2.9,GO:0060491,regulation of cell projection assembly,M1,1,0
1,-6.8,GO:0072006,nephron development,M1,1,0
1,-2.4,GO:0006402,mRNA catabolic process,M1,1,0
1,-3,GO:0030858,positive regulation of epithelial cell differentiation,M1,1,0
1,-2.4,GO:1904888,cranial skeletal system development,M1,1,0
1,-8.5,GO:0035148,tube formation,M1,1,0
1,-3,GO:0048875,chemical homeostasis within a tissue,M1,1,0
1,-2.2,GO:0060749,mammary gland alveolus development,M1,1,0
1,-2.2,GO:1901215,negative regulation of neuron death,M1,1,0
1,-29,GO:0051146,striated muscle cell differentiation,M1,1,0
1,-4.1,GO:0010761,fibroblast migration,M1,1,0
1,-6,GO:0030177,positive regulation of Wnt signaling pathway,M1,1,0
1,-5.5,GO:0035270,endocrine system development,M1,1,0
1,-2.7,GO:0046661,male sex differentiation,M1,1,0
1,-5.6,GO:0003207,cardiac chamber formation,M1,1,0
1,-3,GO:0051345,positive regulation of hydrolase activity,M1,1,0
1,-3.5,GO:0061053,somite development,M1,1,0
1,-4.6,GO:0032272,negative regulation of protein polymerization,M1,1,0
1,-2.7,GO:1902692,regulation of neuroblast proliferation,M1,1,0
1,-6.1,GO:0097485,neuron projection guidance,M1,1,0
1,-25,GO:0003012,muscle system process,M1,1,0
1,-3.2,GO:0043393,regulation of protein binding,M1,1,0
1,-2.8,GO:0098735,positive regulation of the force of heart contraction,M1,1,0
1,-4.8,GO:0060688,regulation of morphogenesis of a branching structure,M1,1,0
1,-4.8,GO:0031214,biomineral tissue development,M1,1,0
1,-4.2,GO:0038089,positive regulation of cell migration by vascular endothelial growth factor signaling pathway,M1,1,0
1,-4.3,GO:0003289,atrial septum primum morphogenesis,M1,1,0
1,-4.3,GO:0030010,establishment of cell polarity,M1,1,0
1,-2.5,GO:0043129,surfactant homeostasis,M1,1,0
1,-8.7,GO:0008285,negative regulation of cell population proliferation,M1,1,0
1,-2.9,GO:0006110,regulation of glycolytic process,M1,1,0
1,-3.4,GO:0048705,skeletal system morphogenesis,M1,1,0
1,-2.2,GO:0090179,planar cell polarity pathway involved in neural tube closure,M1,1,0
1,-2.5,GO:0003150,muscular septum morphogenesis,M1,1,0
1,-2.1,GO:0000288,"nuclear-transcribed mRNA catabolic process, deadenylation-dependent decay",M1,1,0
1,-4.5,GO:0033292,T-tubule organization,M1,1,0
1,-2.3,GO:0048486,parasympathetic nervous system development,M1,1,0
1,-3,GO:0050714,positive regulation of protein secretion,M1,1,0
1,-3.1,GO:0097205,renal filtration,M1,1,0
1,-2.6,GO:0005980,glycogen catabolic process,M1,1,0
1,-3.6,GO:0001974,blood vessel remodeling,M1,1,0
1,-3.8,GO:0003018,vascular process in circulatory system,M1,1,0
1,-5,GO:0030336,negative regulation of cell migration,M1,1,0
1,-5.7,GO:0022612,gland morphogenesis,M1,1,0
1,-2.5,GO:1905072,cardiac jelly development,M1,1,0
1,-6,GO:0010522,regulation of calcium ion transport into cytosol,M1,1,0
1,-4.5,GO:0030837,negative regulation of actin filament polymerization,M1,1,0
1,-5.5,GO:0010959,regulation of metal ion transport,M1,1,0
1,-15,GO:0048644,muscle organ morphogenesis,M1,1,0
1,-2.5,GO:1904064,positive regulation of cation transmembrane transport,M1,1,0
1,-3.4,GO:0043470,regulation of carbohydrate catabolic process,M1,1,0
1,-5.5,GO:0051651,maintenance of location in cell,M1,1,0
1,-7,GO:0001570,vasculogenesis,M1,1,0
1,-2.5,GO:1901228,positive regulation of transcription from RNA polymerase II promoter involved in heart development,M1,1,0
1,-9.3,GO:0050678,regulation of epithelial cell proliferation,M1,1,0
1,-3,GO:0060677,ureteric bud elongation,M1,1,0
1,-2.8,GO:1901017,negative regulation of potassium ion transmembrane transporter activity,M1,1,0
1,-2.5,GO:0098528,skeletal muscle fiber differentiation,M1,1,0
1,-3.1,GO:0048871,multicellular organismal homeostasis,M1,1,0
1,-4.1,GO:0061437,renal system vasculature development,M1,1,0
1,-9.1,GO:0030155,regulation of cell adhesion,M1,1,0
1,-7.7,GO:0007423,sensory organ development,M1,1,0
1,-3.6,GO:0071875,adrenergic receptor signaling pathway,M1,1,0
1,-5.2,GO:0048608,reproductive structure development,M1,1,0
1,-7.4,GO:0014743,regulation of muscle hypertrophy,M1,1,0
1,-16,GO:0033002,muscle cell proliferation,M1,1,0
1,-3.1,GO:0009755,hormone-mediated signaling pathway,M1,1,0
1,-3.6,GO:0001933,negative regulation of protein phosphorylation,M1,1,0
1,-3.1,GO:0048048,embryonic eye morphogenesis,M1,1,0
1,-14,GO:0055008,cardiac muscle tissue morphogenesis,M1,1,0
1,-4.1,GO:0001701,in utero embryonic development,M1,1,0
1,-3,GO:0032906,transforming growth factor beta2 production,M1,1,0
1,-2.9,GO:0043487,regulation of RNA stability,M1,1,0
1,-5.3,GO:1902903,regulation of supramolecular fiber organization,M1,1,0
1,-7,GO:0061564,axon development,M1,1,0
1,-2.3,GO:0099159,regulation of modification of postsynaptic structure,M1,1,0
1,-2.6,GO:0021545,cranial nerve development,M1,1,0
1,-5.5,GO:1902904,negative regulation of supramolecular fiber organization,M1,1,0
1,-7.4,GO:0072079,nephron tubule formation,M1,1,0
1,-2.1,GO:0042493,response to drug,M1,1,0
1,-2.2,GO:2000243,positive regulation of reproductive process,M1,1,0
1,-3.5,GO:0061418,regulation of transcription from RNA polymerase II promoter in response to hypoxia,M1,1,0
1,-6.8,GO:0097553,calcium ion transmembrane import into cytosol,M1,1,0
1,-3.9,GO:0010612,regulation of cardiac muscle adaptation,M1,1,0
1,-2.2,GO:0061377,mammary gland lobule development,M1,1,0
1,-17,GO:0003279,cardiac septum development,M1,1,0
1,-2.1,GO:0010771,negative regulation of cell morphogenesis involved in differentiation,M1,1,0
1,-4,GO:0046777,protein autophosphorylation,M1,1,0
1,-6,GO:0030510,regulation of BMP signaling pathway,M1,1,0
1,-7.3,GO:0001934,positive regulation of protein phosphorylation,M1,1,0
1,-4.1,GO:0046328,regulation of JNK cascade,M1,1,0
1,-2.4,GO:0060326,cell chemotaxis,M1,1,0
1,-2.8,GO:0051928,positive regulation of calcium ion transport,M1,1,0
1,-5.1,GO:1905330,regulation of morphogenesis of an epithelium,M1,1,0
1,-7.1,GO:0010942,positive regulation of cell death,M1,1,0
1,-4.8,GO:0045823,positive regulation of heart contraction,M1,1,0
1,-3,GO:0043536,positive regulation of blood vessel endothelial cell migration,M1,1,0
1,-2.6,GO:0018205,peptidyl-lysine modification,M1,1,0
1,-6.6,GO:0043068,positive regulation of programmed cell death,M1,1,0
1,-2.1,GO:0106027,neuron projection organization,M1,1,0
1,-3.9,GO:0060982,coronary artery morphogenesis,M1,1,0
1,-2,GO:0002042,cell migration involved in sprouting angiogenesis,M1,1,0
1,-2.1,GO:0042593,glucose homeostasis,M1,1,0
1,-5.4,GO:0035909,aorta morphogenesis,M1,1,0
1,-6.2,GO:0001764,neuron migration,M1,1,0
1,-10,GO:0086004,regulation of cardiac muscle cell contraction,M1,1,0
1,-3.4,GO:0001738,morphogenesis of a polarized epithelium,M1,1,0
1,-3.5,GO:0060527,prostate epithelial cord arborization involved in prostate glandular acinus morphogenesis,M1,1,0
1,-4.1,GO:0030834,regulation of actin filament depolymerization,M1,1,0
1,-3.5,GO:0060373,regulation of ventricular cardiac muscle cell membrane depolarization,M1,1,0
1,-5.7,GO:0086001,cardiac muscle cell action potential,M1,1,0
1,-2.9,GO:1990778,protein localization to cell periphery,M1,1,0
1,-5.4,GO:0043586,tongue development,M1,1,0
1,-3.6,GO:1902373,negative regulation of mRNA catabolic process,M1,1,0
1,-26,GO:0055001,muscle cell development,M1,1,0
1,-3.6,GO:0071322,cellular response to carbohydrate stimulus,M1,1,0
1,-2.9,GO:0046545,development of primary female sexual characteristics,M1,1,0
1,-2.1,GO:1905274,regulation of modification of postsynaptic actin cytoskeleton,M1,1,0
1,-3.3,GO:0007179,transforming growth factor beta receptor signaling pathway,M1,1,0
1,-4.3,GO:0051893,regulation of focal adhesion assembly,M1,1,0
1,-2.7,GO:0002062,chondrocyte differentiation,M1,1,0
1,-2.4,GO:0007183,SMAD protein complex assembly,M1,1,0
1,-5,GO:2001257,regulation of cation channel activity,M1,1,0
1,-11,GO:0003281,ventricular septum development,M1,1,0
1,-3.7,GO:0060393,regulation of pathway-restricted SMAD protein phosphorylation,M1,1,0
1,-8.5,GO:0003148,outflow tract septum morphogenesis,M1,1,0
1,-2.8,GO:0002040,sprouting angiogenesis,M1,1,0
1,-10,GO:0048667,cell morphogenesis involved in neuron differentiation,M1,1,0
1,-5,GO:0003176,aortic valve development,M1,1,0
1,-2.1,GO:0003085,negative regulation of systemic arterial blood pressure,M1,1,0
1,-2.8,GO:0086018,SA node cell to atrial cardiac muscle cell signaling,M1,1,0
1,-5,GO:0061326,renal tubule development,M1,1,0
1,-5.5,GO:0051098,regulation of binding,M1,1,0
1,-6,GO:0031098,stress-activated protein kinase signaling cascade,M1,1,0
1,-2.9,GO:0062237,protein localization to postsynapse,M1,1,0
1,-2.7,GO:0043624,cellular protein complex disassembly,M1,1,0
1,-2.5,GO:0010990,regulation of SMAD protein complex assembly,M1,1,0
1,-3.9,GO:0019216,regulation of lipid metabolic process,M1,1,0
1,-4.2,GO:0072171,mesonephric tubule morphogenesis,M1,1,0
1,-5.4,GO:0072088,nephron epithelium morphogenesis,M1,1,0
1,-2.2,GO:0045637,regulation of myeloid cell differentiation,M1,1,0
1,-2.8,GO:0003137,Notch signaling pathway involved in heart induction,M1,1,0
1,-3.1,GO:0030832,regulation of actin filament length,M1,1,0
1,-2.1,GO:1904796,regulation of core promoter binding,M1,1,0
1,-5.7,GO:0035914,skeletal muscle cell differentiation,M1,1,0
1,-7.4,GO:0007015,actin filament organization,M1,1,0
1,-7,GO:0072164,mesonephric tubule development,M1,1,0
1,-2.8,GO:0033144,negative regulation of intracellular steroid hormone receptor signaling pathway,M1,1,0
1,-2.9,GO:0048511,rhythmic process,M1,1,0
1,-25,GO:0035051,cardiocyte differentiation,M1,1,0
1,-5.6,GO:0035107,appendage morphogenesis,M1,1,0
1,-3.6,GO:0043501,skeletal muscle adaptation,M1,1,0
1,-2.6,GO:1901077,regulation of relaxation of muscle,M1,1,0
1,-5.1,GO:0003188,heart valve formation,M1,1,0
1,-7,GO:0001657,ureteric bud development,M1,1,0
1,-3.7,GO:0070201,regulation of establishment of protein localization,M1,1,0
1,-2.7,GO:0034505,tooth mineralization,M1,1,0
1,-7,GO:0080135,regulation of cellular response to stress,M1,1,0
1,-5.2,GO:0072009,nephron epithelium development,M1,1,0
1,-2.1,GO:0090190,positive regulation of branching involved in ureteric bud morphogenesis,M1,1,0
1,-22,GO:0055006,cardiac cell development,M1,1,0
1,-2.8,GO:0035905,ascending aorta development,M1,1,0
1,-8.1,GO:0031589,cell-substrate adhesion,M1,1,0
1,-3.2,GO:0072268,pattern specification involved in metanephros development,M1,1,0
1,-2,GO:0043467,regulation of generation of precursor metabolites and energy,M1,1,0
1,-3.9,GO:0051693,actin filament capping,M1,1,0
1,-3.3,GO:0050881,musculoskeletal movement,M1,1,0
1,-3,GO:0034637,cellular carbohydrate biosynthetic process,M1,1,0
1,-4.1,GO:0061440,kidney vasculature development,M1,1,0
1,-8,GO:0010717,regulation of epithelial to mesenchymal transition,M1,1,0
1,-2.4,GO:0046329,negative regulation of JNK cascade,M1,1,0
1,-4.1,GO:0014910,regulation of smooth muscle cell migration,M1,1,0
1,-3.9,GO:0032354,response to follicle-stimulating hormone,M1,1,0
1,-4.2,GO:1901213,regulation of transcription from RNA polymerase II promoter involved in heart development,M1,1,0
1,-7,GO:0072163,mesonephric epithelium development,M1,1,0
1,-2.5,GO:0021846,cell proliferation in forebrain,M1,1,0
1,-10,GO:0030178,negative regulation of Wnt signaling pathway,M1,1,0
1,-3.7,GO:1901890,positive regulation of cell junction assembly,M1,1,0
1,-5.1,GO:0006816,calcium ion transport,M1,1,0
1,-2.5,GO:0060231,mesenchymal to epithelial transition,M1,1,0
1,-14,GO:0001655,urogenital system development,M1,1,0
1,-2.5,GO:0060123,regulation of growth hormone secretion,M1,1,0
1,-15,GO:0030239,myofibril assembly,M1,1,0
1,-4.7,GO:0003184,pulmonary valve morphogenesis,M1,1,0
1,-2.7,GO:2001028,positive regulation of endothelial cell chemotaxis,M1,1,0
1,-6.1,GO:0051890,regulation of cardioblast differentiation,M1,1,0
1,-8,GO:0010882,regulation of cardiac muscle contraction by calcium ion signaling,M1,1,0
1,-2.2,GO:0030513,positive regulation of BMP signaling pathway,M1,1,0
1,-4,GO:0061005,cell differentiation involved in kidney development,M1,1,0
1,-2.9,GO:0030252,growth hormone secretion,M1,1,0
1,-3,GO:1903539,protein localization to postsynaptic membrane,M1,1,0
1,-5.8,GO:0014909,smooth muscle cell migration,M1,1,0
1,-8.5,GO:0048639,positive regulation of developmental growth,M1,1,0
1,-5.9,GO:0048864,stem cell development,M1,1,0
1,-2.6,GO:0042249,establishment of planar polarity of embryonic epithelium,M1,1,0
1,-2.6,GO:0022411,cellular component disassembly,M1,1,0
1,-3.5,GO:2001016,positive regulation of skeletal muscle cell differentiation,M1,1,0
1,-11,GO:0006942,regulation of striated muscle contraction,M1,1,0
1,-5.3,GO:0003301,physiological cardiac muscle hypertrophy,M1,1,0
1,-2.8,GO:0030198,extracellular matrix organization,M1,1,0
1,-9.1,GO:0120035,regulation of plasma membrane bounded cell projection organization,M1,1,0
1,-2.8,GO:0097152,mesenchymal cell apoptotic process,M1,1,0
1,-2.1,GO:0010469,regulation of signaling receptor activity,M1,1,0
1,-5.6,GO:0010632,regulation of epithelial cell migration,M1,1,0
1,-3.2,GO:0032924,activin receptor signaling pathway,M1,1,0
1,-3.7,GO:0014911,positive regulation of smooth muscle cell migration,M1,1,0
1,-4.9,GO:0060401,cytosolic calcium ion transport,M1,1,0
1,-7.6,GO:0003181,atrioventricular valve morphogenesis,M1,1,0
1,-3.4,GO:0150117,positive regulation of cell-substrate junction organization,M1,1,0
1,-5.6,GO:0009799,specification of symmetry,M1,1,0
1,-3.7,GO:0010638,positive regulation of organelle organization,M1,1,0
1,-5.5,GO:0003284,septum primum development,M1,1,0
1,-3,GO:0008286,insulin receptor signaling pathway,M1,1,0
1,-3.5,GO:0060525,prostate glandular acinus development,M1,1,0
1,-2.6,GO:2000278,regulation of DNA biosynthetic process,M1,1,0
1,-2.4,GO:1900745,positive regulation of p38MAPK cascade,M1,1,0
1,-2.5,GO:0045821,positive regulation of glycolytic process,M1,1,0
1,-6.7,GO:0061383,trabecula morphogenesis,M1,1,0
1,-2.1,GO:0046463,acylglycerol biosynthetic process,M1,1,0
1,-2.3,GO:0010616,negative regulation of cardiac muscle adaptation,M1,1,0
1,-2.1,GO:0006639,acylglycerol metabolic process,M1,1,0
1,-3.3,GO:0018105,peptidyl-serine phosphorylation,M1,1,0
1,-4.2,GO:0070167,regulation of biomineral tissue development,M1,1,0
1,-2.1,GO:0086014,atrial cardiac muscle cell action potential,M1,1,0
1,-4,GO:0043406,positive regulation of MAP kinase activity,M1,1,0
1,-2.4,GO:0086005,ventricular cardiac muscle cell action potential,M1,1,0
1,-2.6,GO:0051495,positive regulation of cytoskeleton organization,M1,1,0
1,-5.2,GO:0048483,autonomic nervous system development,M1,1,0
1,-15,GO:0045596,negative regulation of cell differentiation,M1,1,0
1,-2.1,GO:2000677,regulation of transcription regulatory region DNA binding,M1,1,0
1,-2.1,GO:0061430,bone trabecula morphogenesis,M1,1,0
1,-6.8,GO:0045926,negative regulation of growth,M1,1,0
1,-2.3,GO:0120163,negative regulation of cold-induced thermogenesis,M1,1,0
1,-2.8,GO:0072513,positive regulation of secondary heart field cardioblast proliferation,M1,1,0
1,-2.1,GO:0071375,cellular response to peptide hormone stimulus,M1,1,0
1,-4.9,GO:0003266,regulation of secondary heart field cardioblast proliferation,M1,1,0
1,-6.2,GO:0003166,bundle of His development,M1,1,0
1,-3.2,GO:0050920,regulation of chemotaxis,M1,1,0
1,-3.4,GO:0060603,mammary gland duct morphogenesis,M1,1,0
1,-3.6,GO:0035850,epithelial cell differentiation involved in kidney development,M1,1,0
1,-9.2,GO:0014887,cardiac muscle adaptation,M1,1,0
1,-3.7,GO:0030003,cellular cation homeostasis,M1,1,0
1,-5.2,GO:0043405,regulation of MAP kinase activity,M1,1,0
1,-3.4,GO:1901214,regulation of neuron death,M1,1,0
1,-7.1,GO:0043087,regulation of GTPase activity,M1,1,0
1,-2.9,GO:0010460,positive regulation of heart rate,M1,1,0
1,-2.6,GO:0016925,protein sumoylation,M1,1,0
1,-11,GO:0060840,artery development,M1,1,0
1,-2.2,GO:1900025,negative regulation of substrate adhesion-dependent cell spreading,M1,1,0
1,-3.8,GO:0030240,skeletal muscle thin filament assembly,M1,1,0
1,-11,GO:0030048,actin filament-based movement,M1,1,0
1,-4.6,GO:0045936,negative regulation of phosphate metabolic process,M1,1,0
1,-2.3,GO:0098727,maintenance of cell number,M1,1,0
1,-3.8,GO:0061035,regulation of cartilage development,M1,1,0
1,-6.1,GO:0007411,axon guidance,M1,1,0
1,-3.8,GO:0038033,positive regulation of endothelial cell chemotaxis by VEGF-activated vascular endothelial growth factor receptor signaling pathway,M1,1,0
1,-9.1,GO:0007169,transmembrane receptor protein tyrosine kinase signaling pathway,M1,1,0
1,-6.3,GO:0042330,taxis,M1,1,0
1,-5.3,GO:0043269,regulation of ion transport,M1,1,0
1,-3.5,GO:0051261,protein depolymerization,M1,1,0
1,-3.3,GO:0003093,regulation of glomerular filtration,M1,1,0
1,-3.5,GO:0044344,cellular response to fibroblast growth factor stimulus,M1,1,0
1,-3.3,GO:0010719,negative regulation of epithelial to mesenchymal transition,M1,1,0
1,-3.4,GO:2000177,regulation of neural precursor cell proliferation,M1,1,0
1,-3.5,GO:0070509,calcium ion import,M1,1,0
1,-2.2,GO:2001224,positive regulation of neuron migration,M1,1,0
1,-4.6,GO:0071559,response to transforming growth factor beta,M1,1,0
1,-2.1,GO:0042416,dopamine biosynthetic process,M1,1,0
1,-3,GO:0043488,regulation of mRNA stability,M1,1,0
1,-3.6,GO:0015833,peptide transport,M1,1,0
1,-3,GO:0072074,kidney mesenchyme development,M1,1,0
1,-3.1,GO:0008347,glial cell migration,M1,1,0
1,-2.4,GO:0007009,plasma membrane organization,M1,1,0
1,-2.6,GO:0030316,osteoclast differentiation,M1,1,0
1,-2.2,GO:0002066,columnar/cuboidal epithelial cell development,M1,1,0
1,-3.3,GO:0018209,peptidyl-serine modification,M1,1,0
1,-6.5,GO:0051145,smooth muscle cell differentiation,M1,1,0
1,-17,GO:0035265,organ growth,M1,1,0
1,-2.1,GO:0030539,male genitalia development,M1,1,0
1,-2.1,GO:1901388,regulation of transforming growth factor beta activation,M1,1,0
1,-2.6,GO:0045472,response to ether,M1,1,0
1,-2.1,GO:1903706,regulation of hemopoiesis,M1,1,0
1,-4.3,GO:0031016,pancreas development,M1,1,0
1,-15,GO:0060415,muscle tissue morphogenesis,M1,1,0
1,-3,GO:0051148,negative regulation of muscle cell differentiation,M1,1,0
1,-5.5,GO:0071900,regulation of protein serine/threonine kinase activity,M1,1,0
1,-3.2,GO:0007416,synapse assembly,M1,1,0
1,-5.4,GO:0090075,relaxation of muscle,M1,1,0
1,-2.8,GO:0070374,positive regulation of ERK1 and ERK2 cascade,M1,1,0
1,-3.3,GO:0006892,post-Golgi vesicle-mediated transport,M1,1,0
1,-6,GO:0045664,regulation of neuron differentiation,M1,1,0
1,-6.9,GO:0010614,negative regulation of cardiac muscle hypertrophy,M1,1,0
1,-2.9,GO:1903523,negative regulation of blood circulation,M1,1,0
1,-2.2,GO:0045600,positive regulation of fat cell differentiation,M1,1,0
1,-3.2,GO:0086019,cell-cell signaling involved in cardiac conduction,M1,1,0
1,-6.3,GO:0051209,release of sequestered calcium ion into cytosol,M1,1,0
1,-3.3,GO:0051963,regulation of synapse assembly,M1,1,0
1,-4.8,GO:1901880,negative regulation of protein depolymerization,M1,1,0
1,-2.1,GO:0051964,negative regulation of synapse assembly,M1,1,0
1,-4.7,GO:0048806,genitalia development,M1,1,0
1,-6,GO:0045785,positive regulation of cell adhesion,M1,1,0
1,-4.9,GO:0005976,polysaccharide metabolic process,M1,1,0
1,-2.1,GO:0003339,regulation of mesenchymal to epithelial transition involved in metanephros morphogenesis,M1,1,0
1,-5.1,GO:0007405,neuroblast proliferation,M1,1,0
1,-3.2,GO:0003190,atrioventricular valve formation,M1,1,0
1,-3.2,GO:0062009,secondary palate development,M1,1,0
1,-3.2,GO:0051258,protein polymerization,M1,1,0
1,-21,GO:0003013,circulatory system process,M1,1,0
1,-7.8,GO:0016331,morphogenesis of embryonic epithelium,M1,1,0
1,-2.6,GO:0042471,ear morphogenesis,M1,1,0
1,-3.9,GO:0045761,regulation of adenylate cyclase activity,M1,1,0
1,-2.6,GO:0043550,regulation of lipid kinase activity,M1,1,0
1,-6.3,GO:0014902,myotube differentiation,M1,1,0
1,-2.9,GO:1903670,regulation of sprouting angiogenesis,M1,1,0
1,-3.2,GO:0022407,regulation of cell-cell adhesion,M1,1,0
1,-9,GO:0010002,cardioblast differentiation,M1,1,0
1,-2.3,GO:0061438,renal system vasculature morphogenesis,M1,1,0
1,-3.2,GO:0008064,regulation of actin polymerization or depolymerization,M1,1,0
1,-6,GO:0060993,kidney morphogenesis,M1,1,0
1,-4.8,GO:0072080,nephron tubule development,M1,1,0
1,-2.1,GO:0045662,negative regulation of myoblast differentiation,M1,1,0
1,-3.4,GO:0001659,temperature homeostasis,M1,1,0
1,-3.1,GO:0032984,protein-containing complex disassembly,M1,1,0
1,-4.3,GO:0035023,regulation of Rho protein signal transduction,M1,1,0
1,-4.2,GO:0099072,regulation of postsynaptic membrane neurotransmitter receptor levels,M1,1,0
1,-2.2,GO:0000272,polysaccharide catabolic process,M1,1,0
1,-2.8,GO:0051100,negative regulation of binding,M1,1,0
1,-6.3,GO:0022604,regulation of cell morphogenesis,M1,1,0
1,-5.2,GO:0070296,sarcoplasmic reticulum calcium ion transport,M1,1,0
1,-3.6,GO:2001014,regulation of skeletal muscle cell differentiation,M1,1,0
1,-2.1,GO:0086066,atrial cardiac muscle cell to AV node cell communication,M1,1,0
1,-2.4,GO:0033599,regulation of mammary gland epithelial cell proliferation,M1,1,0
1,-2.5,GO:1903203,regulation of oxidative stress-induced neuron death,M1,1,0
1,-3.5,GO:0003256,regulation of transcription from RNA polymerase II promoter involved in myocardial precursor cell differentiation,M1,1,0
1,-2.5,GO:0042423,catecholamine biosynthetic process,M1,1,0
1,-5.1,GO:0009725,response to hormone,M1,1,0
1,-2.3,GO:2000353,positive regulation of endothelial cell apoptotic process,M1,1,0
1,-2.5,GO:0031033,myosin filament organization,M1,1,0
1,-2.7,GO:0060606,tube closure,M1,1,0
1,-5.4,GO:0007219,Notch signaling pathway,M1,1,0
1,-3.9,GO:0005977,glycogen metabolic process,M1,1,0
1,-3.4,GO:0051216,cartilage development,M1,1,0
1,-3.7,GO:0003221,right ventricular cardiac muscle tissue morphogenesis,M1,1,0
1,-3.8,GO:0055080,cation homeostasis,M1,1,0
1,-16,GO:0070848,response to growth factor,M1,1,0
1,-5.3,GO:0055003,cardiac myofibril assembly,M1,1,0
1,-4.6,GO:0120161,regulation of cold-induced thermogenesis,M1,1,0
1,-4.1,GO:0045778,positive regulation of ossification,M1,1,0
1,-8.3,GO:0060413,atrial septum morphogenesis,M1,1,0
1,-3.6,GO:0001841,neural tube formation,M1,1,0
1,-7.5,GO:0045444,fat cell differentiation,M1,1,0
1,-3.2,GO:1901897,regulation of relaxation of cardiac muscle,M1,1,0
1,-3.6,GO:0030947,regulation of vascular endothelial growth factor receptor signaling pathway,M1,1,0
1,-3.5,GO:0051962,positive regulation of nervous system development,M1,1,0
1,-2.3,GO:0007626,locomotory behavior,M1,1,0
1,-2.4,GO:0060384,innervation,M1,1,0
1,-2.1,GO:2001053,regulation of mesenchymal cell apoptotic process,M1,1,0
1,-3.5,GO:1902305,regulation of sodium ion transmembrane transport,M1,1,0
1,-2.4,GO:0008045,motor neuron axon guidance,M1,1,0
1,-3.1,GO:0090036,regulation of protein kinase C signaling,M1,1,0
1,-3.2,GO:0010766,negative regulation of sodium ion transport,M1,1,0
1,-2.3,GO:0097709,connective tissue replacement,M1,1,0
1,-2.5,GO:0035136,forelimb morphogenesis,M1,1,0
1,-2.5,GO:0098909,regulation of cardiac muscle cell action potential involved in regulation of contraction,M1,1,0
1,-2.1,GO:0060742,epithelial cell differentiation involved in prostate gland development,M1,1,0
1,-9.1,GO:1901888,regulation of cell junction assembly,M1,1,0
1,-17,GO:0001944,vasculature development,M1,1,0
1,-2.5,GO:2000015,regulation of determination of dorsal identity,M1,1,0
1,-4.4,GO:0001736,establishment of planar polarity,M1,1,0
1,-3.2,GO:0003195,tricuspid valve formation,M1,1,0
1,-9.5,GO:0014898,cardiac muscle hypertrophy in response to stress,M1,1,0
1,-2.3,GO:0070372,regulation of ERK1 and ERK2 cascade,M1,1,0
1,-3.7,GO:0071634,regulation of transforming growth factor beta production,M1,1,0
1,-3,GO:0070997,neuron death,M1,1,0
1,-4.9,GO:0031329,regulation of cellular catabolic process,M1,1,0
1,-2.4,GO:0035115,embryonic forelimb morphogenesis,M1,1,0
1,-2.1,GO:0010560,positive regulation of glycoprotein biosynthetic process,M1,1,0
1,-9.2,GO:0090287,regulation of cellular response to growth factor stimulus,M1,1,0
1,-4,GO:0030501,positive regulation of bone mineralization,M1,1,0
1,-9.1,GO:0001763,morphogenesis of a branching structure,M1,1,0
1,-16,GO:0014896,muscle hypertrophy,M1,1,0
1,-12,GO:0046620,regulation of organ growth,M1,1,0
1,-13,GO:0001822,kidney development,M1,1,0
1,-9,GO:0055021,regulation of cardiac muscle tissue growth,M1,1,0
1,-2.8,GO:0097749,membrane tubulation,M1,1,0
1,-2.2,GO:0061157,mRNA destabilization,M1,1,0
1,-4,GO:0007351,tripartite regional subdivision,M1,1,0
1,-9,GO:0003171,atrioventricular valve development,M1,1,0
1,-2.4,GO:0006401,RNA catabolic process,M1,1,0
1,-3.8,GO:0046621,negative regulation of organ growth,M1,1,0
1,-3.1,GO:0033692,cellular polysaccharide biosynthetic process,M1,1,0
1,-4.5,GO:2000738,positive regulation of stem cell differentiation,M1,1,0
1,-4.2,GO:0033598,mammary gland epithelial cell proliferation,M1,1,0
1,-2.1,GO:2000035,regulation of stem cell division,M1,1,0
1,-2.2,GO:0061577,calcium ion transmembrane transport via high voltage-gated calcium channel,M1,1,0
1,-4.5,GO:0009880,embryonic pattern specification,M1,1,0
1,-3.6,GO:0098771,inorganic ion homeostasis,M1,1,0
1,-2.9,GO:0032410,negative regulation of transporter activity,M1,1,0
1,-4,GO:0071560,cellular response to transforming growth factor beta stimulus,M1,1,0
1,-2.1,GO:0045616,regulation of keratinocyte differentiation,M1,1,0
1,-2.6,GO:0060346,bone trabecula formation,M1,1,0
1,-9.5,GO:0043502,regulation of muscle adaptation,M1,1,0
1,-3,GO:0045229,external encapsulating structure organization,M1,1,0
1,-2.1,GO:0001778,plasma membrane repair,M1,1,0
1,-3.1,GO:1902893,regulation of pri-miRNA transcription by RNA polymerase II,M1,1,0
1,-2.9,GO:0046885,regulation of hormone biosynthetic process,M1,1,0
1,-2.8,GO:0060157,urinary bladder development,M1,1,0
1,-3.1,GO:1903320,regulation of protein modification by small protein conjugation or removal,M1,1,0
1,-4,GO:0051223,regulation of protein transport,M1,1,0
1,-4.1,GO:0030282,bone mineralization,M1,1,0
1,-2.4,GO:0070873,regulation of glycogen metabolic process,M1,1,0
1,-4.6,GO:0010720,positive regulation of cell development,M1,1,0
1,-4.1,GO:0045599,negative regulation of fat cell differentiation,M1,1,0
1,-8,GO:0010644,cell communication by electrical coupling,M1,1,0
1,-4.6,GO:0010563,negative regulation of phosphorus metabolic process,M1,1,0
1,-2.1,GO:0009100,glycoprotein metabolic process,M1,1,0
1,-8,GO:0031333,negative regulation of protein-containing complex assembly,M1,1,0
1,-6.5,GO:0051403,stress-activated MAPK cascade,M1,1,0
1,-2.4,GO:0046385,deoxyribose phosphate biosynthetic process,M1,1,0
1,-2.8,GO:1900825,regulation of membrane depolarization during cardiac muscle cell action potential,M1,1,0
1,-2.8,GO:0032526,response to retinoic acid,M1,1,0
1,-4.3,GO:0072081,specification of nephron tubule identity,M1,1,0
1,-3,GO:0030216,keratinocyte differentiation,M1,1,0
1,-2.4,GO:0016051,carbohydrate biosynthetic process,M1,1,0
1,-14,GO:0048863,stem cell differentiation,M1,1,0
1,-5.4,GO:0045598,regulation of fat cell differentiation,M1,1,0
1,-12,GO:0097435,supramolecular fiber organization,M1,1,0
1,-5.6,GO:0010881,regulation of cardiac muscle contraction by regulation of the release of sequestered calcium ion,M1,1,0
1,-5.1,GO:0060911,cardiac cell fate commitment,M1,1,0
1,-2.2,GO:0019432,triglyceride biosynthetic process,M1,1,0
1,-2.6,GO:1900744,regulation of p38MAPK cascade,M1,1,0
1,-7,GO:0003174,mitral valve development,M1,1,0
1,-4,GO:1902306,negative regulation of sodium ion transmembrane transport,M1,1,0
1,-6.5,GO:0090130,tissue migration,M1,1,0
1,-3.7,GO:0030031,cell projection assembly,M1,1,0
1,-2.4,GO:0051016,barbed-end actin filament capping,M1,1,0
1,-2.5,GO:0042472,inner ear morphogenesis,M1,1,0
1,-5.9,GO:0060541,respiratory system development,M1,1,0
1,-2.6,GO:0018210,peptidyl-threonine modification,M1,1,0
1,-3.5,GO:0060325,face morphogenesis,M1,1,0
1,-21,GO:0060047,heart contraction,M1,1,0
1,-4.5,GO:0009954,proximal/distal pattern formation,M1,1,0
1,-18,GO:0006936,muscle contraction,M1,1,0
1,-12,GO:0002027,regulation of heart rate,M1,1,0
1,-5.4,GO:0021537,telencephalon development,M1,1,0
1,-2.2,GO:1905332,positive regulation of morphogenesis of an epithelium,M1,1,0
1,-2.4,GO:0036475,neuron death in response to oxidative stress,M1,1,0
1,-3,GO:0110156,methylguanosine-cap decapping,M1,1,0
1,-3.4,GO:0010976,positive regulation of neuron projection development,M1,1,0
1,-3.9,GO:0048745,smooth muscle tissue development,M1,1,0
1,-6.2,GO:0090263,positive regulation of canonical Wnt signaling pathway,M1,1,0
1,-4.6,GO:0003264,regulation of cardioblast proliferation,M1,1,0
1,-2.4,GO:0001658,branching involved in ureteric bud morphogenesis,M1,1,0
1,-6.1,GO:0001569,branching involved in blood vessel morphogenesis,M1,1,0
1,-2.5,GO:0110154,RNA decapping,M1,1,0
1,-2.4,GO:0003306,Wnt signaling pathway involved in heart development,M1,1,0
1,-6.2,GO:0090066,regulation of anatomical structure size,M1,1,0
1,-3.7,GO:0071692,protein localization to extracellular region,M1,1,0
1,-12,GO:0010927,cellular component assembly involved in morphogenesis,M1,1,0
1,-2,GO:0099175,regulation of postsynapse organization,M1,1,0
1,-3.5,GO:0021543,pallium development,M1,1,0
1,-2,GO:0050770,regulation of axonogenesis,M1,1,0
1,-2.7,GO:0071331,cellular response to hexose stimulus,M1,1,0
1,-2.5,GO:0003071,renal system process involved in regulation of systemic arterial blood pressure,M1,1,0
1,-2.1,GO:0042401,cellular biogenic amine biosynthetic process,M1,1,0
1,-7.6,GO:0003230,cardiac atrium development,M1,1,0
1,-3.4,GO:0010656,negative regulation of muscle cell apoptotic process,M1,1,0
1,-3.9,GO:0035924,cellular response to vascular endothelial growth factor stimulus,M1,1,0
1,-16,GO:0014897,striated muscle hypertrophy,M1,1,0
1,-5.3,GO:0070588,calcium ion transmembrane transport,M1,1,0
1,-4,GO:0045859,regulation of protein kinase activity,M1,1,0
1,-3.9,GO:0006073,cellular glucan metabolic process,M1,1,0
1,-2.6,GO:0043401,steroid hormone mediated signaling pathway,M1,1,0
1,-2.3,GO:0040034,"regulation of development, heterochronic",M1,1,0
1,-2.8,GO:1902905,positive regulation of supramolecular fiber organization,M1,1,0
1,-2.3,GO:0031056,regulation of histone modification,M1,1,0
1,-3.5,GO:0072077,renal vesicle morphogenesis,M1,1,0
1,-2.3,GO:1990138,neuron projection extension,M1,1,0
1,-3.5,GO:0071604,transforming growth factor beta production,M1,1,0
1,-2.2,GO:0032873,negative regulation of stress-activated MAPK cascade,M1,1,0
1,-3.7,GO:0000290,deadenylation-dependent decapping of nuclear-transcribed mRNA,M1,1,0
1,-3.9,GO:0034446,substrate adhesion-dependent cell spreading,M1,1,0
1,-3.7,GO:0045667,regulation of osteoblast differentiation,M1,1,0
1,-2.8,GO:0060750,epithelial cell proliferation involved in mammary gland duct elongation,M1,1,0
1,-2.9,GO:0030522,intracellular receptor signaling pathway,M1,1,0
1,-2.2,GO:0014848,urinary tract smooth muscle contraction,M1,1,0
1,-3.3,GO:0030949,positive regulation of vascular endothelial growth factor receptor signaling pathway,M1,1,0
1,-19,GO:0002009,morphogenesis of an epithelium,M1,1,0
1,-5.3,GO:0061049,cell growth involved in cardiac muscle cell development,M1,1,0
1,-3.1,GO:0045732,positive regulation of protein catabolic process,M1,1,0
1,-3,GO:1901137,carbohydrate derivative biosynthetic process,M1,1,0
1,-2.7,GO:0051150,regulation of smooth muscle cell differentiation,M1,1,0
1,-2.2,GO:0098732,macromolecule deacylation,M1,1,0
1,-4.8,GO:0050807,regulation of synapse organization,M1,1,0
1,-4.6,GO:0051493,regulation of cytoskeleton organization,M1,1,0
1,-4.1,GO:0072087,renal vesicle development,M1,1,0
1,-3.9,GO:0051091,positive regulation of DNA-binding transcription factor activity,M1,1,0
1,-3.2,GO:0110151,positive regulation of biomineralization,M1,1,0
1,-4.2,GO:0030326,embryonic limb morphogenesis,M1,1,0
1,-2.2,GO:0051152,positive regulation of smooth muscle cell differentiation,M1,1,0
1,-6.7,GO:0048546,digestive tract morphogenesis,M1,1,0
1,-8.1,GO:0050808,synapse organization,M1,1,0
1,-5.9,GO:0010649,regulation of cell communication by electrical coupling,M1,1,0
1,-2.5,GO:0033674,positive regulation of kinase activity,M1,1,0
1,-2.5,GO:0035025,positive regulation of Rho protein signal transduction,M1,1,0
1,-3.2,GO:0061343,cell adhesion involved in heart morphogenesis,M1,1,0
1,-44,GO:0007507,heart development,M1,1,0
1,-2.3,GO:0045670,regulation of osteoclast differentiation,M1,1,0
1,-5,GO:0098904,regulation of AV node cell action potential,M1,1,0
1,-2.5,GO:0061419,positive regulation of transcription from RNA polymerase II promoter in response to hypoxia,M1,1,0
1,-4.5,GO:0032956,regulation of actin cytoskeleton organization,M1,1,0
1,-3.8,GO:0072273,metanephric nephron morphogenesis,M1,1,0
1,-2.6,GO:0043523,regulation of neuron apoptotic process,M1,1,0
1,-4.8,GO:0060173,limb development,M1,1,0
1,-5.9,GO:0003183,mitral valve morphogenesis,M1,1,0
1,-5.8,GO:2000136,regulation of cell proliferation involved in heart morphogenesis,M1,1,0
1,-14,GO:0048762,mesenchymal cell differentiation,M1,1,0
1,-2.1,GO:2001236,regulation of extrinsic apoptotic signaling pathway,M1,1,0
1,-8.1,GO:0048844,artery morphogenesis,M1,1,0
1,-2.7,GO:0090136,epithelial cell-cell adhesion,M1,1,0
1,-3.4,GO:0055022,negative regulation of cardiac muscle tissue growth,M1,1,0
1,-2.1,GO:0007097,nuclear migration,M1,1,0
1,-2.7,GO:0070371,ERK1 and ERK2 cascade,M1,1,0
1,-2.1,GO:0032411,positive regulation of transporter activity,M1,1,0
1,-2.5,GO:0071300,cellular response to retinoic acid,M1,1,0
1,-3.9,GO:0006112,energy reserve metabolic process,M1,1,0
1,-7.7,GO:0042693,muscle cell fate commitment,M1,1,0
1,-4.4,GO:0061036,positive regulation of cartilage development,M1,1,0
1,-2.1,GO:0086026,atrial cardiac muscle cell to AV node cell signaling,M1,1,0
1,-3.2,GO:0030041,actin filament polymerization,M1,1,0
1,-2.6,GO:1905475,regulation of protein localization to membrane,M1,1,0
1,-3,GO:0051302,regulation of cell division,M1,1,0
1,-2.4,GO:0030878,thyroid gland development,M1,1,0
1,-2.2,GO:0090102,cochlea development,M1,1,0
1,-2.9,GO:0021983,pituitary gland development,M1,1,0
1,-6.8,GO:0055023,positive regulation of cardiac muscle tissue growth,M1,1,0
1,-5.6,GO:0045661,regulation of myoblast differentiation,M1,1,0
1,-4.9,GO:0072172,mesonephric tubule formation,M1,1,0
1,-2.5,GO:0043462,regulation of ATPase activity,M1,1,0
1,-3.7,GO:0072075,metanephric mesenchyme development,M1,1,0
1,-2.6,GO:0010659,cardiac muscle cell apoptotic process,M1,1,0
1,-4.3,GO:0048813,dendrite morphogenesis,M1,1,0
1,-6,GO:0021987,cerebral cortex development,M1,1,0
1,-7.6,GO:0001503,ossification,M1,1,0
1,-3,GO:0060444,branching involved in mammary gland duct morphogenesis,M1,1,0
1,-3.2,GO:0070169,positive regulation of biomineral tissue development,M1,1,0
1,-4.2,GO:2000649,regulation of sodium ion transmembrane transporter activity,M1,1,0
1,-6.5,GO:0051153,regulation of striated muscle cell differentiation,M1,1,0
1,-8.1,GO:1904062,regulation of cation transmembrane transport,M1,1,0
1,-33,GO:0048738,cardiac muscle tissue development,M1,1,0
1,-2.1,GO:1904238,pericyte cell differentiation,M1,1,0
1,-2.1,GO:0009309,amine biosynthetic process,M1,1,0
1,-4.9,GO:0030323,respiratory tube development,M1,1,0
1,-7.9,GO:0002064,epithelial cell development,M1,1,0
1,-11,GO:0030335,positive regulation of cell migration,M1,1,0
1,-2.3,GO:0048050,post-embryonic eye morphogenesis,M1,1,0
1,-6.8,GO:0001823,mesonephros development,M1,1,0
1,-2.1,GO:1900084,regulation of peptidyl-tyrosine autophosphorylation,M1,1,0
1,-31,GO:0042692,muscle cell differentiation,M1,1,0
1,-2.6,GO:0071415,cellular response to purine-containing compound,M1,1,0
1,-4.5,GO:0050803,regulation of synapse structure or activity,M1,1,0
1,-3.9,GO:0007498,mesoderm development,M1,1,0
1,-2.7,GO:0060788,ectodermal placode formation,M1,1,0
1,-2.6,GO:0009251,glucan catabolic process,M1,1,0
1,-2.7,GO:0060644,mammary gland epithelial cell differentiation,M1,1,0
1,-2.1,GO:1904746,negative regulation of apoptotic process involved in development,M1,1,0
1,-2.9,GO:0001707,mesoderm formation,M1,1,0
1,-3.2,GO:0010464,regulation of mesenchymal cell proliferation,M1,1,0
1,-2.5,GO:0038066,p38MAPK cascade,M1,1,0
1,-2.3,GO:0003278,apoptotic process involved in heart morphogenesis,M1,1,0
1,-3.5,GO:0060526,prostate glandular acinus morphogenesis,M1,1,0
1,-2.6,GO:1901653,cellular response to peptide,M1,1,0
1,-2.2,GO:0001768,establishment of T cell polarity,M1,1,0
1,-2.8,GO:0097746,blood vessel diameter maintenance,M1,1,0
1,-2.9,GO:0018107,peptidyl-threonine phosphorylation,M1,1,0
1,-20,GO:0008016,regulation of heart contraction,M1,1,0
1,-4,GO:0008595,"anterior/posterior axis specification, embryo",M1,1,0
1,-5.2,GO:0030879,mammary gland development,M1,1,0
1,-4.2,GO:0035113,embryonic appendage morphogenesis,M1,1,0
1,-5.4,GO:0110148,biomineralization,M1,1,0
1,-5.3,GO:0098655,cation transmembrane transport,M1,1,0
1,-3,GO:2001222,regulation of neuron migration,M1,1,0
1,-6.6,GO:0010631,epithelial cell migration,M1,1,0
1,-7.3,GO:0045927,positive regulation of growth,M1,1,0
1,-4.1,GO:0006875,cellular metal ion homeostasis,M1,1,0
1,-15,GO:0048598,embryonic morphogenesis,M1,1,0
1,-8.7,GO:1903115,regulation of actin filament-based movement,M1,1,0
1,-2.2,GO:0060711,labyrinthine layer development,M1,1,0
