_MEMBER_MyList,_LogP_MyList,GO,Description,_PATTERN_,_RANK_,CHILD_GO_MyList
1,-43.75273662604503,GO:0032502,developmental process,M1,1,GO:0007507 heart development
1,-24.7353808876704,GO:0032501,multicellular organismal process,M1,1,GO:0003012 muscle system process
1,-18.314061938860906,GO:0009987,cellular process,M1,1,GO:0030036 actin cytoskeleton organization
1,-17.69854097623147,GO:0040007,growth,M1,1,GO:0060419 heart growth
1,-16.408308878483027,GO:0050896,response to stimulus,M1,1,GO:0070848 response to growth factor
1,-15.165801015277726,GO:0048519,negative regulation of biological process,M1,1,GO:0045596 negative regulation of cell differentiation
1,-13.384773815291268,GO:0023052,signaling,M1,1,GO:0060828 regulation of canonical Wnt signaling pathway
1,-11.878348933008194,GO:0040011,locomotion,M1,1,GO:0001667 ameboidal-type cell migration
1,-10.140925939492107,GO:0051179,localization,M1,1,GO:0086004 regulation of cardiac muscle cell contraction
1,-9.650274946381616,GO:0050789,regulation of biological process,M1,1,GO:0032970 regulation of actin filament-based process
1,-9.050116488436151,GO:0022610,biological adhesion,M1,1,GO:0030155 regulation of cell adhesion
1,-7.251143035084704,GO:0048518,positive regulation of biological process,M1,1,GO:0001934 positive regulation of protein phosphorylation
1,-7.05654699486416,GO:0065007,biological regulation,M1,1,GO:0043087 regulation of GTPase activity
1,-5.4676698851208005,GO:0008152,metabolic process,M1,1,GO:0071900 regulation of protein serine/threonine kinase activity
1,-5.390987404010147,GO:0110148,biomineralization,M1,1,GO:0110148 biomineralization
1,-5.1826501706619075,GO:0022414,reproductive process,M1,1,GO:0048608 reproductive structure development
1,-3.0871535206632355,GO:0051704,multi-organism process,M1,1,GO:0048599 oocyte development
1,-2.943282368261041,GO:0007610,behavior,M1,1,GO:0007611 learning or memory
1,-2.895427626825036,GO:0048511,rhythmic process,M1,1,GO:0048511 rhythmic process
1,-2.661844165010118,GO:0002376,immune system process,M1,1,GO:0045671 negative regulation of osteoclast differentiation
