_MEMBER_hits,_LogP_hits,GO,_PATTERN_,_RANK_,GiniIndex,Category,CategoryID,Description,PARENT_GO,LogP,Enrichment,Z-score,#TotalGeneInLibrary,#GeneInGO,#GeneInHitList,#GeneInGOAndHitList,%InGO,STDV %InGO,GeneID,Hits,Log(q-value),EvidenceCutoff,GROUP_ID,FirstInGroupByEnrichment,FirstInGroupByLogP,BestLogPInGroup,BestEnrichmentInGroup,URL
1,-11.599436280246707,GO:0006091,M1,1,0,GO Biological Processes,19,generation of precursor metabolites and energy,19_GO:0008152 metabolic process,-11.599436280246707,5.688542667481877,9.982608725839203,20841,428,214,25,11.682242990654206,2.1957366270540266,11364|11947|13382|13806|14683|18641|18746|18747|19046|20916|21991|27357|56012|56421|57320|66218|67041|67834|68015|68263|68375|110078|110446|170731|216558,Acadm|Atp5b|Dld|Eno1|Gnas|Pfkl|Pkm|Prkaca|Ppp1cb|Sucla2|Tpi1|Gyg|Pgam2|Pfkp|Park7|Ndufb9|Oxct1|Idh3a|Trap1|Pdhb|Ndufa8|Pygb|Acat1|Mfn2|Ugp2,-7.403979446618537,0,1,1,1,-11.599436280246707,13.432806961005477,
1,-7.725262852430344,GO:0015980,M1,1,0,GO Biological Processes,19,energy derivation by oxidation of organic compounds,19_GO:0008152 metabolic process,-7.725262852430344,5.428175271947296,7.935138364611244,20841,305,214,17,7.94392523364486,1.848574312040046,11364|11947|13382|14683|18747|19046|20916|27357|57320|66218|67834|68015|68263|68375|110078|170731|216558,Acadm|Atp5b|Dld|Gnas|Prkaca|Ppp1cb|Sucla2|Gyg|Park7|Ndufb9|Idh3a|Trap1|Pdhb|Ndufa8|Pygb|Mfn2|Ugp2,-4.307957269185819,0,1,0,0,-11.599436280246707,13.432806961005477,
1,-4.83617549089777,GO:0045333,M1,1,0,GO Biological Processes,19,cellular respiration,19_GO:0008152 metabolic process,-4.83617549089777,4.982634209954358,5.978880219302986,20841,215,214,11,5.140186915887851,1.5094672732032288,11947|13382|18747|20916|57320|66218|67834|68015|68263|68375|170731,Atp5b|Dld|Prkaca|Sucla2|Park7|Ndufb9|Idh3a|Trap1|Pdhb|Ndufa8|Mfn2,-2.2317832642961006,0,1,0,0,-11.599436280246707,13.432806961005477,
1,-3.678027015091811,GO:0006120,M1,1,0,GO Biological Processes,19,"mitochondrial electron transport, NADH to ubiquinone",19_GO:0008152 metabolic process,-3.678027015091811,13.432806961005477,6.824156697582165,20841,29,214,4,1.8691588785046729,0.9258038511128556,13382|57320|66218|68375,Dld|Park7|Ndufb9|Ndufa8,-1.6096749798284495,0,1,0,0,-11.599436280246707,13.432806961005477,
1,-3.5757523147213663,GO:0009060,M1,1,0,GO Biological Processes,19,aerobic respiration,19_GO:0008152 metabolic process,-3.5757523147213663,4.839147849306321,4.980927473009211,20841,161,214,8,3.7383177570093458,1.2967550371581962,11947|13382|20916|57320|66218|67834|68263|68375,Atp5b|Dld|Sucla2|Park7|Ndufb9|Idh3a|Pdhb|Ndufa8,-1.5505571964881546,0,1,0,0,-11.599436280246707,13.432806961005477,
1,-10.26512607121462,GO:0097435,M1,1,0,GO Biological Processes,19,supramolecular fiber organization,19_GO:0009987 cellular process,-10.26512607121462,3.9776328912858787,8.511895229071358,20841,759,214,31,14.485981308411215,2.405945202930078,12343|12540|12562|12632|14086|14228|14489|15481|16211|16412|17258|18186|19684|21916|22240|26554|50884|56431|67451|68178|69675|74117|76707|77579|94352|101314|109620|109711|170731|218952|320878,Capza2|Cdc42|Cdh5|Cfl2|Fscn1|Fkbp4|Mtpn|Hspa8|Kpnb1|Itgb1|Mef2a|Nrp1|Rdx|Tmod1|Dpysl3|Cul3|Nckap1|Dstn|Pkp2|Cgnl1|Pxdn|Actr3|Clasp1|Myh10|Loxl2|Brk1|Dsp|Actn1|Mfn2|Fermt2|Mical2,-6.370699233250432,0,2,1,1,-10.26512607121462,10.995402472113357,
1,-9.405657478337588,GO:0030036,M1,1,0,GO Biological Processes,19,actin cytoskeleton organization,19_GO:0009987 cellular process,-9.405657478337588,3.8955140186915886,8.082795135657621,20841,725,214,29,13.551401869158878,2.339721700736922,12343|12540|12632|13039|14086|14489|16412|17258|18186|18484|19684|21916|22240|26554|50884|53378|56376|56431|64652|68178|74117|76707|77579|101314|109711|170731|215789|218952|320878,Capza2|Cdc42|Cfl2|Ctsl|Fscn1|Mtpn|Itgb1|Mef2a|Nrp1|Pam|Rdx|Tmod1|Dpysl3|Cul3|Nckap1|Sdcbp|Pdlim5|Dstn|Nisch|Cgnl1|Actr3|Clasp1|Myh10|Brk1|Actn1|Mfn2|Phactr2|Fermt2|Mical2,-5.687321899429081,0,2,0,0,-10.26512607121462,10.995402472113357,
1,-8.657355121552174,GO:0032970,M1,1,0,GO Biological Processes,19,regulation of actin filament-based process,19_GO:0050789 regulation of biological process,-8.657355121552174,4.916213605319913,8.218067693130534,20841,416,214,21,9.813084112149532,2.0336098737954336,11475|12343|12540|12632|13039|14086|14489|18186|18484|19684|21916|50884|56431|67451|68178|74117|76707|101314|109620|170731|218952,Acta2|Capza2|Cdc42|Cfl2|Ctsl|Fscn1|Mtpn|Nrp1|Pam|Rdx|Tmod1|Nckap1|Dstn|Pkp2|Cgnl1|Actr3|Clasp1|Brk1|Dsp|Mfn2|Fermt2,-5.063958279251967,0,2,0,0,-10.26512607121462,10.995402472113357,
1,-7.9893312403149555,GO:0007015,M1,1,0,GO Biological Processes,19,actin filament organization,19_GO:0009987 cellular process,-7.9893312403149555,4.504724360821771,7.690292207390362,20841,454,214,21,9.813084112149532,2.0336098737954336,12343|12540|12632|14086|14489|16412|18186|19684|21916|22240|26554|50884|56431|68178|74117|76707|77579|101314|109711|218952|320878,Capza2|Cdc42|Cfl2|Fscn1|Mtpn|Itgb1|Nrp1|Rdx|Tmod1|Dpysl3|Cul3|Nckap1|Dstn|Cgnl1|Actr3|Clasp1|Myh10|Brk1|Actn1|Fermt2|Mical2,-4.492844411022805,0,2,0,0,-10.26512607121462,10.995402472113357,
1,-7.261727873088196,GO:0032956,M1,1,0,GO Biological Processes,19,regulation of actin cytoskeleton organization,19_GO:0050789 regulation of biological process,-7.261727873088196,4.750626852062913,7.404139879889362,20841,369,214,18,8.411214953271028,1.8973332962578442,12343|12540|12632|13039|14086|14489|18186|18484|19684|21916|50884|56431|68178|74117|76707|101314|170731|218952,Capza2|Cdc42|Cfl2|Ctsl|Fscn1|Mtpn|Nrp1|Pam|Rdx|Tmod1|Nckap1|Dstn|Cgnl1|Actr3|Clasp1|Brk1|Mfn2|Fermt2,-3.9850297075253365,0,2,0,0,-10.26512607121462,10.995402472113357,
1,-6.934463884843062,GO:1902903,M1,1,0,GO Biological Processes,19,regulation of supramolecular fiber organization,19_GO:0050789 regulation of biological process,-6.934463884843062,4.517993062915503,7.124756759812106,20841,388,214,18,8.411214953271028,1.8973332962578442,12343|12540|12562|12632|14228|14489|15481|18186|19684|21916|50884|56431|68178|74117|76707|101314|170731|218952,Capza2|Cdc42|Cdh5|Cfl2|Fkbp4|Mtpn|Hspa8|Nrp1|Rdx|Tmod1|Nckap1|Dstn|Cgnl1|Actr3|Clasp1|Brk1|Mfn2|Fermt2,-3.7803997363731177,0,2,0,0,-10.26512607121462,10.995402472113357,
1,-6.683431294341489,GO:0051493,M1,1,0,GO Biological Processes,19,regulation of cytoskeleton organization,19_GO:0050789 regulation of biological process,-6.683431294341489,3.7733299996551364,6.663487397853675,20841,542,214,21,9.813084112149532,2.0336098737954336,12343|12540|12562|12632|13039|14086|14228|14489|18186|18484|19684|21916|50884|51810|56431|68178|74117|76707|101314|170731|218952,Capza2|Cdc42|Cdh5|Cfl2|Ctsl|Fscn1|Fkbp4|Mtpn|Nrp1|Pam|Rdx|Tmod1|Nckap1|Hnrnpu|Dstn|Cgnl1|Actr3|Clasp1|Brk1|Mfn2|Fermt2,-3.5671557067609445,0,2,0,0,-10.26512607121462,10.995402472113357,
1,-6.285177690873409,GO:0051129,M1,1,0,GO Biological Processes,19,negative regulation of cellular component organization,19_GO:0048519 negative regulation of biological process,-6.285177690873409,3.1134223295169354,6.135821808814066,20841,782,214,25,11.682242990654206,2.1957366270540266,11740|12343|12540|12562|14228|14489|15481|16412|17758|18186|19242|19684|21916|22240|22334|22589|51810|53378|64294|68178|68585|74117|74493|76707|170731,Slc25a5|Capza2|Cdc42|Cdh5|Fkbp4|Mtpn|Hspa8|Itgb1|Map4|Nrp1|Ptn|Rdx|Tmod1|Dpysl3|Vdac2|Atrx|Hnrnpu|Sdcbp|Itm2c|Cgnl1|Rtn4|Actr3|Tnks2|Clasp1|Mfn2,-3.368474458198069,0,2,0,0,-10.26512607121462,10.995402472113357,
1,-6.03273555860458,GO:0022411,M1,1,0,GO Biological Processes,19,cellular component disassembly,19_GO:0009987 cellular process,-6.03273555860458,4.128661989885101,6.443592928699854,20841,401,214,17,7.94392523364486,1.848574312040046,11739|11740|12343|12632|14086|14489|15481|16573|19684|21916|22333|56431|66734|76707|170731|226519|320878,Slc25a4|Slc25a5|Capza2|Cfl2|Fscn1|Mtpn|Hspa8|Kif5b|Rdx|Tmod1|Vdac1|Dstn|Map1lc3a|Clasp1|Mfn2|Lamc1|Mical2,-3.138308720640392,0,2,0,0,-10.26512607121462,10.995402472113357,
1,-5.889600112276688,GO:0110053,M1,1,0,GO Biological Processes,19,regulation of actin filament organization,19_GO:0050789 regulation of biological process,-5.889600112276688,4.869392523364486,6.639530908511416,20841,280,214,14,6.542056074766355,1.6902788435988845,12343|12540|12632|14489|18186|19684|21916|50884|56431|68178|74117|76707|101314|218952,Capza2|Cdc42|Cfl2|Mtpn|Nrp1|Rdx|Tmod1|Nckap1|Dstn|Cgnl1|Actr3|Clasp1|Brk1|Fermt2,-3.055871114666112,0,2,0,0,-10.26512607121462,10.995402472113357,
1,-5.478363759980645,GO:0030042,M1,1,0,GO Biological Processes,19,actin filament depolymerization,19_GO:0009987 cellular process,-5.478363759980645,10.995402472113357,8.028261663039439,20841,62,214,7,3.2710280373831777,1.215943884198015,12343|12632|14489|19684|21916|56431|320878,Capza2|Cfl2|Mtpn|Rdx|Tmod1|Dstn|Mical2,-2.7300649576946956,0,2,0,0,-10.26512607121462,10.995402472113357,
1,-5.17580947047842,GO:0051261,M1,1,0,GO Biological Processes,19,protein depolymerization,19_GO:0009987 cellular process,-5.17580947047842,6.901501214217382,6.794696848050086,20841,127,214,9,4.205607476635514,1.3720739697915443,12343|12632|14489|15481|19684|21916|56431|76707|320878,Capza2|Cfl2|Mtpn|Hspa8|Rdx|Tmod1|Dstn|Clasp1|Mical2,-2.485502615170157,0,2,0,0,-10.26512607121462,10.995402472113357,
1,-4.773500889285783,GO:1902904,M1,1,0,GO Biological Processes,19,negative regulation of supramolecular fiber organization,19_GO:0048519 negative regulation of biological process,-4.773500889285783,5.440662037278755,6.077511207994544,20841,179,214,10,4.672897196261682,1.4427610980587438,12343|12562|14228|14489|15481|19684|21916|68178|76707|170731,Capza2|Cdh5|Fkbp4|Mtpn|Hspa8|Rdx|Tmod1|Cgnl1|Clasp1|Mfn2,-2.2012933460555146,0,2,0,0,-10.26512607121462,10.995402472113357,
1,-4.7248109662304065,GO:0032984,M1,1,0,GO Biological Processes,19,protein-containing complex disassembly,19_GO:0009987 cellular process,-4.7248109662304065,4.8473590730325204,5.856689997659475,20841,221,214,11,5.140186915887851,1.5094672732032288,12343|12632|14489|15481|16573|19684|21916|56431|66734|76707|320878,Capza2|Cfl2|Mtpn|Hspa8|Kif5b|Rdx|Tmod1|Dstn|Map1lc3a|Clasp1|Mical2,-2.162822588181824,0,2,0,0,-10.26512607121462,10.995402472113357,
1,-4.640008354939925,GO:0043624,M1,1,0,GO Biological Processes,19,cellular protein complex disassembly,19_GO:0009987 cellular process,-4.640008354939925,5.922234150037888,6.120953887146964,20841,148,214,9,4.205607476635514,1.3720739697915443,12343|12632|14489|15481|19684|21916|56431|76707|320878,Capza2|Cfl2|Mtpn|Hspa8|Rdx|Tmod1|Dstn|Clasp1|Mical2,-2.1336553781071332,0,2,0,0,-10.26512607121462,10.995402472113357,
1,-4.54759572709282,GO:0030834,M1,1,0,GO Biological Processes,19,regulation of actin filament depolymerization,19_GO:0050789 regulation of biological process,-4.54759572709282,10.074605220754108,7.048964580813875,20841,58,214,6,2.803738317757009,1.1284612035642736,12343|12632|14489|19684|21916|56431,Capza2|Cfl2|Mtpn|Rdx|Tmod1|Dstn,-2.092501582958895,0,2,0,0,-10.26512607121462,10.995402472113357,
1,-4.530290375465966,GO:0032272,M1,1,0,GO Biological Processes,19,negative regulation of protein polymerization,19_GO:0048519 negative regulation of biological process,-4.530290375465966,7.926918061291024,6.556402645361351,20841,86,214,7,3.2710280373831777,1.215943884198015,12343|12562|14228|14489|19684|21916|22334,Capza2|Cdh5|Fkbp4|Mtpn|Rdx|Tmod1|Vdac2,-2.0830215688439973,0,2,0,0,-10.26512607121462,10.995402472113357,
1,-4.511125988367416,GO:0010639,M1,1,0,GO Biological Processes,19,negative regulation of organelle organization,19_GO:0048519 negative regulation of biological process,-4.511125988367416,3.6849456933569087,5.307677765308461,20841,370,214,14,6.542056074766355,1.6902788435988845,11740|12343|12562|14228|14489|17758|19684|21916|22589|51810|68178|74493|76707|170731,Slc25a5|Capza2|Cdh5|Fkbp4|Mtpn|Map4|Rdx|Tmod1|Atrx|Hnrnpu|Cgnl1|Tnks2|Clasp1|Mfn2,-2.074479147538098,0,2,0,0,-10.26512607121462,10.995402472113357,
1,-4.1930845562990555,GO:1901879,M1,1,0,GO Biological Processes,19,regulation of protein depolymerization,19_GO:0050789 regulation of biological process,-4.1930845562990555,7.027989208979671,6.061076857797018,20841,97,214,7,3.2710280373831777,1.215943884198015,12343|12632|14489|19684|21916|56431|76707,Capza2|Cfl2|Mtpn|Rdx|Tmod1|Dstn|Clasp1,-1.8609505827913422,0,2,0,0,-10.26512607121462,10.995402472113357,
1,-4.033703330580691,GO:0051494,M1,1,0,GO Biological Processes,19,negative regulation of cytoskeleton organization,19_GO:0048519 negative regulation of biological process,-4.033703330580691,4.95192460003168,5.378061896629143,20841,177,214,9,4.205607476635514,1.3720739697915443,12343|12562|14228|14489|19684|21916|68178|76707|170731,Capza2|Cdh5|Fkbp4|Mtpn|Rdx|Tmod1|Cgnl1|Clasp1|Mfn2,-1.7898784578303228,0,2,0,0,-10.26512607121462,10.995402472113357,
1,-4.031092782019167,GO:0008154,M1,1,0,GO Biological Processes,19,actin polymerization or depolymerization,19_GO:0009987 cellular process,-4.031092782019167,4.446933811291768,5.223087722487917,20841,219,214,10,4.672897196261682,1.4427610980587438,12343|12632|14489|19684|21916|50884|56431|74117|101314|320878,Capza2|Cfl2|Mtpn|Rdx|Tmod1|Nckap1|Dstn|Actr3|Brk1|Mical2,-1.7898784578303228,0,2,0,0,-10.26512607121462,10.995402472113357,
1,-3.7951898504101433,GO:0032271,M1,1,0,GO Biological Processes,19,regulation of protein polymerization,19_GO:0050789 regulation of biological process,-3.7951898504101433,4.161873951593578,4.954305755465615,20841,234,214,10,4.672897196261682,1.4427610980587438,12343|12562|14228|14489|19684|21916|22334|50884|74117|101314,Capza2|Cdh5|Fkbp4|Mtpn|Rdx|Tmod1|Vdac2|Nckap1|Actr3|Brk1,-1.6641910060088927,0,2,0,0,-10.26512607121462,10.995402472113357,
1,-3.7659729476548898,GO:0008064,M1,1,0,GO Biological Processes,19,regulation of actin polymerization or depolymerization,19_GO:0050789 regulation of biological process,-3.7659729476548898,4.565055490654205,5.05481314284872,20841,192,214,9,4.205607476635514,1.3720739697915443,12343|12632|14489|19684|21916|50884|56431|74117|101314,Capza2|Cfl2|Mtpn|Rdx|Tmod1|Nckap1|Dstn|Actr3|Brk1,-1.656875944701469,0,2,0,0,-10.26512607121462,10.995402472113357,
1,-3.7266104113355487,GO:0031333,M1,1,0,GO Biological Processes,19,negative regulation of protein-containing complex assembly,19_GO:0048519 negative regulation of biological process,-3.7266104113355487,5.092175187832142,5.174619122802129,20841,153,214,8,3.7383177570093458,1.2967550371581962,12343|12540|12562|14228|14489|19684|21916|22334,Capza2|Cdc42|Cdh5|Fkbp4|Mtpn|Rdx|Tmod1|Vdac2,-1.628063590715436,0,2,0,0,-10.26512607121462,10.995402472113357,
1,-3.7155423161083974,GO:0030832,M1,1,0,GO Biological Processes,19,regulation of actin filament length,19_GO:0050789 regulation of biological process,-3.7155423161083974,4.494823867721064,4.994158792601662,20841,195,214,9,4.205607476635514,1.3720739697915443,12343|12632|14489|19684|21916|50884|56431|74117|101314,Capza2|Cfl2|Mtpn|Rdx|Tmod1|Nckap1|Dstn|Actr3|Brk1,-1.620456027597791,0,2,0,0,-10.26512607121462,10.995402472113357,
1,-3.628719877271785,GO:0051258,M1,1,0,GO Biological Processes,19,protein polymerization,19_GO:0009987 cellular process,-3.628719877271785,3.6561991643009795,4.663880101173421,20841,293,214,11,5.140186915887851,1.5094672732032288,12343|12562|14228|14489|19684|21916|22334|50884|74117|76707|101314,Capza2|Cdh5|Fkbp4|Mtpn|Rdx|Tmod1|Vdac2|Nckap1|Actr3|Clasp1|Brk1,-1.5798923940493845,0,2,0,0,-10.26512607121462,10.995402472113357,
1,-3.3816076079154365,GO:0043244,M1,1,0,GO Biological Processes,19,regulation of protein-containing complex disassembly,19_GO:0050789 regulation of biological process,-3.3816076079154365,5.203930941000214,4.916305715649348,20841,131,214,7,3.2710280373831777,1.215943884198015,12343|12632|14489|19684|21916|56431|76707,Capza2|Cfl2|Mtpn|Rdx|Tmod1|Dstn|Clasp1,-1.4291888229735619,0,2,0,0,-10.26512607121462,10.995402472113357,
1,-3.0110976582374795,GO:0051693,M1,1,0,GO Biological Processes,19,actin filament capping,19_GO:0048519 negative regulation of biological process,-3.0110976582374795,9.05933492718974,5.388406544844381,20841,43,214,4,1.8691588785046729,0.9258038511128556,12343|14489|19684|21916,Capza2|Mtpn|Rdx|Tmod1,-1.1480792845249157,0,2,0,0,-10.26512607121462,10.995402472113357,
1,-7.617456692853998,GO:0034330,M1,1,0,GO Biological Processes,19,cell junction organization,19_GO:0009987 cellular process,-7.617456692853998,3.4327310216929794,6.987445133261454,20841,766,214,27,12.616822429906541,2.2697709081595416,12540|12552|12558|12562|12826|14086|15481|16412|18186|18747|19242|19684|20616|20692|52398|53378|56376|64058|67451|74117|76707|77579|109620|109711|170731|218952|226519,Cdc42|Cdh11|Cdh2|Cdh5|Col4a1|Fscn1|Hspa8|Itgb1|Nrp1|Prkaca|Ptn|Rdx|Snap91|Sparc|Septin11|Sdcbp|Pdlim5|Perp|Pkp2|Actr3|Clasp1|Myh10|Dsp|Actn1|Mfn2|Fermt2|Lamc1,-4.267097899240086,0,3,1,1,-7.617456692853998,11.686542056074765,
1,-6.564355358809982,GO:0051017,M1,1,0,GO Biological Processes,19,actin filament bundle assembly,19_GO:0009987 cellular process,-6.564355358809982,6.678024032042723,7.682910036898884,20841,175,214,12,5.607476635514018,1.572699134284521,12540|14086|16412|18186|19684|22240|26554|68178|76707|77579|109711|218952,Cdc42|Fscn1|Itgb1|Nrp1|Rdx|Dpysl3|Cul3|Cgnl1|Clasp1|Myh10|Actn1|Fermt2,-3.499192902258093,0,3,0,0,-7.617456692853998,11.686542056074765,
1,-6.484571612986567,GO:0061572,M1,1,0,GO Biological Processes,19,actin filament bundle organization,19_GO:0009987 cellular process,-6.484571612986567,6.565473065210543,7.5954429886503725,20841,178,214,12,5.607476635514018,1.572699134284521,12540|14086|16412|18186|19684|22240|26554|68178|76707|77579|109711|218952,Cdc42|Fscn1|Itgb1|Nrp1|Rdx|Dpysl3|Cul3|Cgnl1|Clasp1|Myh10|Actn1|Fermt2,-3.4715939568719927,0,3,0,0,-7.617456692853998,11.686542056074765,
1,-5.7220230074793985,GO:0031032,M1,1,0,GO Biological Processes,19,actomyosin structure organization,19_GO:0009987 cellular process,-5.7220230074793985,5.565020026702269,6.77220201506981,20841,210,214,12,5.607476635514018,1.572699134284521,12540|12632|16412|17258|18186|21916|26554|68178|76707|77579|170731|218952,Cdc42|Cfl2|Itgb1|Mef2a|Nrp1|Tmod1|Cul3|Cgnl1|Clasp1|Myh10|Mfn2|Fermt2,-2.906777415562835,0,3,0,0,-7.617456692853998,11.686542056074765,
1,-5.615559796117513,GO:0045216,M1,1,0,GO Biological Processes,19,cell-cell junction organization,19_GO:0009987 cellular process,-5.615559796117513,5.435600956313844,6.6588909300636425,20841,215,214,12,5.607476635514018,1.572699134284521,12540|12552|12558|12562|14086|16412|18747|19684|64058|67451|109620|218952,Cdc42|Cdh11|Cdh2|Cdh5|Fscn1|Itgb1|Prkaca|Rdx|Perp|Pkp2|Dsp|Fermt2,-2.8350763104601624,0,3,0,0,-7.617456692853998,11.686542056074765,
1,-4.923992711992758,GO:0034332,M1,1,0,GO Biological Processes,19,adherens junction organization,19_GO:0009987 cellular process,-4.923992711992758,11.686542056074765,7.705879649011179,20841,50,214,6,2.803738317757009,1.1284612035642736,12540|12552|12562|19684|109620|218952,Cdc42|Cdh11|Cdh5|Rdx|Dsp|Fermt2,-2.2848383791318763,0,3,0,0,-7.617456692853998,11.686542056074765,
1,-4.8424610343823735,GO:0034329,M1,1,0,GO Biological Processes,19,cell junction assembly,19_GO:0009987 cellular process,-4.8424610343823735,3.5253520531145597,5.465958575262193,20841,442,214,16,7.4766355140186915,1.797926470267284,12540|12552|12558|12562|14086|16412|18186|18747|53378|56376|67451|74117|76707|109711|218952|226519,Cdc42|Cdh11|Cdh2|Cdh5|Fscn1|Itgb1|Nrp1|Prkaca|Sdcbp|Pdlim5|Pkp2|Actr3|Clasp1|Actn1|Fermt2|Lamc1,-2.2317832642961006,0,3,0,0,-7.617456692853998,11.686542056074765,
1,-3.7044884120013606,GO:0030038,M1,1,0,GO Biological Processes,19,contractile actin filament bundle assembly,19_GO:0009987 cellular process,-3.7044884120013606,5.876853045439898,5.364868778666064,20841,116,214,7,3.2710280373831777,1.215943884198015,12540|16412|18186|26554|68178|76707|218952,Cdc42|Itgb1|Nrp1|Cul3|Cgnl1|Clasp1|Fermt2,-1.6196212886724404,0,3,0,0,-7.617456692853998,11.686542056074765,
1,-3.7044884120013606,GO:0043149,M1,1,0,GO Biological Processes,19,stress fiber assembly,19_GO:0009987 cellular process,-3.7044884120013606,5.876853045439898,5.364868778666064,20841,116,214,7,3.2710280373831777,1.215943884198015,12540|16412|18186|26554|68178|76707|218952,Cdc42|Itgb1|Nrp1|Cul3|Cgnl1|Clasp1|Fermt2,-1.6196212886724404,0,3,0,0,-7.617456692853998,11.686542056074765,
1,-3.3833304216095827,GO:0031589,M1,1,0,GO Biological Processes,19,cell-substrate adhesion,19_GO:0022610 biological adhesion,-3.3833304216095827,3.2017923441300726,4.322529230247011,20841,365,214,12,5.607476635514018,1.572699134284521,12540|14456|16412|16777|18186|19242|20163|57278|76707|109711|218952|226519,Cdc42|Gas6|Itgb1|Lamb1|Nrp1|Ptn|Rsu1|Bcam|Clasp1|Actn1|Fermt2|Lamc1,-1.4291888229735619,0,3,0,0,-7.617456692853998,11.686542056074765,
1,-3.328004918382354,GO:0007229,M1,1,0,GO Biological Processes,19,integrin-mediated signaling pathway,19_GO:0023052 signaling,-3.328004918382354,6.086740654205607,5.088106610632404,20841,96,214,6,2.803738317757009,1.1284612035642736,12540|16412|18186|19242|26554|218952,Cdc42|Itgb1|Nrp1|Ptn|Cul3|Fermt2,-1.3898888037208623,0,3,0,0,-7.617456692853998,11.686542056074765,
1,-3.0157885725141775,GO:0110020,M1,1,0,GO Biological Processes,19,regulation of actomyosin structure organization,19_GO:0050789 regulation of biological process,-3.0157885725141775,5.312064570943075,4.6185875658696505,20841,110,214,6,2.803738317757009,1.1284612035642736,12540|18186|68178|76707|170731|218952,Cdc42|Nrp1|Cgnl1|Clasp1|Mfn2|Fermt2,-1.1507455122351993,0,3,0,0,-7.617456692853998,11.686542056074765,
1,-7.226244031714181,GO:0007265,M1,1,0,GO Biological Processes,19,Ras protein signal transduction,19_GO:0023052 signaling,-7.226244031714181,5.016949872557349,7.491998375557612,20841,330,214,17,7.94392523364486,1.848574312040046,12540|12558|16211|16412|18186|19328|20163|20620|26554|50884|53378|64143|64652|68585|101314|170731|235323,Cdc42|Cdh2|Kpnb1|Itgb1|Nrp1|Rab12|Rsu1|Plk2|Cul3|Nckap1|Sdcbp|Ralb|Nisch|Rtn4|Brk1|Mfn2|Usp28,-3.9850297075253365,0,4,1,1,-7.226244031714181,5.016949872557349,
1,-7.040771977515287,GO:0007264,M1,1,0,GO Biological Processes,19,small GTPase mediated signal transduction,19_GO:0023052 signaling,-7.040771977515287,4.353809785596482,7.115169881788045,20841,425,214,19,8.878504672897197,1.9443455305965447,12540|12558|14569|16211|16412|18186|19328|20163|20620|26554|50884|53378|64143|64652|68178|68585|101314|170731|235323,Cdc42|Cdh2|Gdi2|Kpnb1|Itgb1|Nrp1|Rab12|Rsu1|Plk2|Cul3|Nckap1|Sdcbp|Ralb|Nisch|Cgnl1|Rtn4|Brk1|Mfn2|Usp28,-3.8453151438871176,0,4,0,0,-7.226244031714181,5.016949872557349,
1,-6.548521700208024,GO:0061061,M1,1,0,GO Biological Processes,19,muscle structure development,19_GO:0032502 developmental process,-6.548521700208024,3.320040356839422,6.378553370441784,20841,704,214,24,11.214953271028037,2.157057694703101,11364|11739|12192|12301|12520|12558|12632|14225|16412|17258|19221|19317|21916|22223|51810|53599|56376|56449|67040|67451|71973|77579|109620|170731,Acadm|Slc25a4|Zfp36l1|Cacybp|Cd81|Cdh2|Cfl2|Fkbp1a|Itgb1|Mef2a|Ptgfrn|Qk|Tmod1|Uchl1|Hnrnpu|Cd164|Pdlim5|Ybx3|Ddx17|Pkp2|Rbpms2|Myh10|Dsp|Mfn2,-3.499192902258093,0,5,1,1,-6.548521700208024,8.468508736286061,
1,-5.688988392550284,GO:0042692,M1,1,0,GO Biological Processes,19,muscle cell differentiation,19_GO:0032502 developmental process,-5.688988392550284,3.895514018691589,6.142886882425069,20841,425,214,17,7.94392523364486,1.848574312040046,11364|11739|12301|12520|12558|12632|16412|17258|19221|19317|21916|22223|51810|56376|71973|77579|170731,Acadm|Slc25a4|Cacybp|Cd81|Cdh2|Cfl2|Itgb1|Mef2a|Ptgfrn|Qk|Tmod1|Uchl1|Hnrnpu|Pdlim5|Rbpms2|Myh10|Mfn2,-2.8914715675941522,0,5,0,0,-6.548521700208024,8.468508736286061,
1,-5.21578265708094,GO:0051146,M1,1,0,GO Biological Processes,19,striated muscle cell differentiation,19_GO:0032502 developmental process,-5.21578265708094,4.260718457943925,5.987241010028078,20841,320,214,14,6.542056074766355,1.6902788435988845,11364|11739|12301|12520|12558|12632|16412|17258|19221|21916|51810|56376|77579|170731,Acadm|Slc25a4|Cacybp|Cd81|Cdh2|Cfl2|Itgb1|Mef2a|Ptgfrn|Tmod1|Hnrnpu|Pdlim5|Myh10|Mfn2,-2.511687517287043,0,5,0,0,-6.548521700208024,8.468508736286061,
1,-4.630142207399284,GO:0048738,M1,1,0,GO Biological Processes,19,cardiac muscle tissue development,19_GO:0032502 developmental process,-4.630142207399284,4.344439426050099,5.623399350023027,20841,269,214,12,5.607476635514018,1.572699134284521,11364|11739|12301|12540|14225|16412|17258|51810|56376|67451|77579|109620,Acadm|Slc25a4|Cacybp|Cdc42|Fkbp1a|Itgb1|Mef2a|Hnrnpu|Pdlim5|Pkp2|Myh10|Dsp,-2.1336553781071332,0,5,0,0,-6.548521700208024,8.468508736286061,
1,-4.1167576453661505,GO:0030239,M1,1,0,GO Biological Processes,19,myofibril assembly,19_GO:0032502 developmental process,-4.1167576453661505,8.468508736286061,6.329319096523322,20841,69,214,6,2.803738317757009,1.1284612035642736,12632|16412|17258|21916|77579|170731,Cfl2|Itgb1|Mef2a|Tmod1|Myh10|Mfn2,-1.824390798729925,0,5,0,0,-6.548521700208024,8.468508736286061,
1,-4.1167576453661505,GO:0055002,M1,1,0,GO Biological Processes,19,striated muscle cell development,19_GO:0032502 developmental process,-4.1167576453661505,8.468508736286061,6.329319096523322,20841,69,214,6,2.803738317757009,1.1284612035642736,12632|16412|17258|21916|77579|170731,Cfl2|Itgb1|Mef2a|Tmod1|Myh10|Mfn2,-1.824390798729925,0,5,0,0,-6.548521700208024,8.468508736286061,
1,-4.047542104202949,GO:0055001,M1,1,0,GO Biological Processes,19,muscle cell development,19_GO:0032502 developmental process,-4.047542104202949,4.4673325902426475,5.2418614442779115,20841,218,214,10,4.672897196261682,1.4427610980587438,11739|12632|16412|17258|21916|22223|51810|56376|77579|170731,Slc25a4|Cfl2|Itgb1|Mef2a|Tmod1|Uchl1|Hnrnpu|Pdlim5|Myh10|Mfn2,-1.7898784578303228,0,5,0,0,-6.548521700208024,8.468508736286061,
1,-4.038101988323644,GO:0014706,M1,1,0,GO Biological Processes,19,striated muscle tissue development,19_GO:0032502 developmental process,-4.038101988323644,3.161943196989926,4.7864281267494055,20841,462,214,15,7.009345794392523,1.7452253301934944,11364|11739|12301|12540|12632|14225|16412|17258|51810|56376|56449|67040|67451|77579|109620,Acadm|Slc25a4|Cacybp|Cdc42|Cfl2|Fkbp1a|Itgb1|Mef2a|Hnrnpu|Pdlim5|Ybx3|Ddx17|Pkp2|Myh10|Dsp,-1.7898784578303228,0,5,0,0,-6.548521700208024,8.468508736286061,
1,-3.86984682150126,GO:0035051,M1,1,0,GO Biological Processes,19,cardiocyte differentiation,19_GO:0032502 developmental process,-3.86984682150126,4.712315345191438,5.179960436543375,20841,186,214,9,4.205607476635514,1.3720739697915443,11364|11739|12301|16412|17258|18186|51810|56376|77579,Acadm|Slc25a4|Cacybp|Itgb1|Mef2a|Nrp1|Hnrnpu|Pdlim5|Myh10,-1.7078137433600404,0,5,0,0,-6.548521700208024,8.468508736286061,
1,-3.8561359789543213,GO:0007507,M1,1,0,GO Biological Processes,19,heart development,19_GO:0032502 developmental process,-3.8561359789543213,2.6968943206326386,4.476826563661538,20841,650,214,18,8.411214953271028,1.8973332962578442,11364|11739|12192|12301|12540|12876|14225|16412|17258|18186|50884|51810|56376|67451|68585|77579|109620|234593,Acadm|Slc25a4|Zfp36l1|Cacybp|Cdc42|Cpe|Fkbp1a|Itgb1|Mef2a|Nrp1|Nckap1|Hnrnpu|Pdlim5|Pkp2|Rtn4|Myh10|Dsp|Ndrg4,-1.7020718304843772,0,5,0,0,-6.548521700208024,8.468508736286061,
1,-3.8057011512129915,GO:0055007,M1,1,0,GO Biological Processes,19,cardiac muscle cell differentiation,19_GO:0032502 developmental process,-3.8057011512129915,5.228877877438373,5.27660704170513,20841,149,214,8,3.7383177570093458,1.2967550371581962,11364|11739|12301|16412|17258|51810|56376|77579,Acadm|Slc25a4|Cacybp|Itgb1|Mef2a|Hnrnpu|Pdlim5|Myh10,-1.6641910060088927,0,5,0,0,-6.548521700208024,8.468508736286061,
1,-3.796938952257648,GO:0060537,M1,1,0,GO Biological Processes,19,muscle tissue development,19_GO:0032502 developmental process,-3.796938952257648,3.005797853928695,4.55729826670396,20841,486,214,15,7.009345794392523,1.7452253301934944,11364|11739|12301|12540|12632|14225|16412|17258|51810|56376|56449|67040|67451|77579|109620,Acadm|Slc25a4|Cacybp|Cdc42|Cfl2|Fkbp1a|Itgb1|Mef2a|Hnrnpu|Pdlim5|Ybx3|Ddx17|Pkp2|Myh10|Dsp,-1.6641910060088927,0,5,0,0,-6.548521700208024,8.468508736286061,
1,-3.6814416032430635,GO:0010927,M1,1,0,GO Biological Processes,19,cellular component assembly involved in morphogenesis,19_GO:0032502 developmental process,-3.6814416032430635,5.826623532231009,5.332578713456175,20841,117,214,7,3.2710280373831777,1.215943884198015,12632|16412|17258|21916|76707|77579|170731,Cfl2|Itgb1|Mef2a|Tmod1|Clasp1|Myh10|Mfn2,-1.6098364105819802,0,5,0,0,-6.548521700208024,8.468508736286061,
1,-6.462930807844237,GO:0051640,M1,1,0,GO Biological Processes,19,organelle localization,19_GO:0051179 localization,-6.462930807844237,3.658577566749703,6.489893354229192,20841,559,214,21,9.813084112149532,2.0336098737954336,12190|12540|12558|16211|16412|16573|16783|17258|17758|19328|20616|22223|26554|51810|64143|68196|74117|76707|77579|170731|234593,Brca2|Cdc42|Cdh2|Kpnb1|Itgb1|Kif5b|Lamp1|Mef2a|Map4|Rab12|Snap91|Uchl1|Cul3|Hnrnpu|Ralb|Hsbp1|Actr3|Clasp1|Myh10|Mfn2|Ndrg4,-3.4715939568719927,0,6,1,1,-6.462930807844237,5.350980794906029,
1,-6.316972124308104,GO:0051301,M1,1,0,GO Biological Processes,19,cell division,19_GO:0009987 cellular process,-6.316972124308104,3.450133188857285,6.31368088440476,20841,621,214,22,10.280373831775702,2.07606666318394,12190|12313|12450|12540|12626|17758|19046|19242|20620|21969|26554|51810|52398|56338|56431|56526|64143|69010|74117|76707|77579|77889,Brca2|Calm1|Ccng1|Cdc42|Cetn3|Map4|Ppp1cb|Ptn|Plk2|Top1|Cul3|Hnrnpu|Septin11|Txnip|Dstn|Septin6|Ralb|Anapc13|Actr3|Clasp1|Myh10|Lbh,-3.376787795783241,0,6,0,0,-6.462930807844237,5.350980794906029,
1,-4.71102178275185,GO:0000910,M1,1,0,GO Biological Processes,19,cytokinesis,19_GO:0009987 cellular process,-4.71102178275185,5.350980794906029,6.004901973590511,20841,182,214,10,4.672897196261682,1.4427610980587438,12190|12313|12540|20620|26554|52398|56431|56526|74117|77579,Brca2|Calm1|Cdc42|Plk2|Cul3|Septin11|Dstn|Septin6|Actr3|Myh10,-2.159017625609868,0,6,0,0,-6.462930807844237,5.350980794906029,
1,-4.564799417449001,GO:0051656,M1,1,0,GO Biological Processes,19,establishment of organelle localization,19_GO:0051179 localization,-4.564799417449001,3.5200427879743272,5.281752043654594,20841,415,214,15,7.009345794392523,1.7452253301934944,12190|12540|16211|16412|16573|16783|17758|20616|22223|26554|51810|68196|74117|76707|77579,Brca2|Cdc42|Kpnb1|Itgb1|Kif5b|Lamp1|Map4|Snap91|Uchl1|Cul3|Hnrnpu|Hsbp1|Actr3|Clasp1|Myh10,-2.101736343643801,0,6,0,0,-6.462930807844237,5.350980794906029,
1,-3.158319827577272,GO:0051302,M1,1,0,GO Biological Processes,19,regulation of cell division,19_GO:0050789 regulation of biological process,-3.158319827577272,4.188724751281278,4.449370950142668,20841,186,214,8,3.7383177570093458,1.2967550371581962,12190|12313|12540|19242|20620|26554|56338|77889,Brca2|Calm1|Cdc42|Ptn|Plk2|Cul3|Txnip|Lbh,-1.2617160703588097,0,6,0,0,-6.462930807844237,5.350980794906029,
1,-3.0254356357438557,GO:1903047,M1,1,0,GO Biological Processes,19,mitotic cell cycle process,19_GO:0009987 cellular process,-3.0254356357438557,2.365133511348465,3.7421513020130712,20841,700,214,17,7.94392523364486,1.848574312040046,12190|12192|12313|12450|12453|12540|16211|16412|17758|19684|20620|22589|26554|51810|74996|76707|77579,Brca2|Zfp36l1|Calm1|Ccng1|Ccni|Cdc42|Kpnb1|Itgb1|Map4|Rdx|Plk2|Atrx|Cul3|Hnrnpu|Usp47|Clasp1|Myh10,-1.1563146630444379,0,6,0,0,-6.462930807844237,5.350980794906029,
1,-6.411781620079387,GO:0010638,M1,1,0,GO Biological Processes,19,positive regulation of organelle organization,19_GO:0048518 positive regulation of biological process,-6.411781620079387,3.495159396868473,6.3868948920321555,20841,613,214,22,10.280373831775702,2.07606666318394,11739|11740|12540|12632|14086|16573|17698|18186|20932|22333|22589|26554|50884|53378|56431|64143|70186|74117|74493|101314|104625|218952,Slc25a4|Slc25a5|Cdc42|Cfl2|Fscn1|Kif5b|Msn|Nrp1|Surf4|Vdac1|Atrx|Cul3|Nckap1|Sdcbp|Dstn|Ralb|Fam162a|Actr3|Tnks2|Brk1|Cnot6|Fermt2,-3.446773707829492,0,7,1,1,-6.411781620079387,16.79100870125685,
1,-5.925506065590262,GO:0043254,M1,1,0,GO Biological Processes,19,regulation of protein-containing complex assembly,19_GO:0050789 regulation of biological process,-5.925506065590262,3.852706172332341,6.266635575922036,20841,455,214,18,8.411214953271028,1.8973332962578442,12343|12540|12562|14086|14228|14489|17698|19182|19684|20616|21916|22334|50884|57320|64143|74117|101314|218952,Capza2|Cdc42|Cdh5|Fscn1|Fkbp4|Mtpn|Msn|Psmc3|Rdx|Snap91|Tmod1|Vdac2|Nckap1|Park7|Ralb|Actr3|Brk1|Fermt2,-3.0724719127842985,0,7,0,0,-6.411781620079387,16.79100870125685,
1,-4.975388115738782,GO:0010592,M1,1,0,GO Biological Processes,19,positive regulation of lamellipodium assembly,19_GO:0048518 positive regulation of biological process,-4.975388115738782,16.79100870125685,8.667416628299783,20841,29,214,5,2.336448598130841,1.0326127549515722,12540|14086|50884|74117|101314,Cdc42|Fscn1|Nckap1|Actr3|Brk1,-2.3239993264608882,0,7,0,0,-6.411781620079387,16.79100870125685,
1,-4.499083969524123,GO:0051491,M1,1,0,GO Biological Processes,19,positive regulation of filopodium assembly,19_GO:0048518 positive regulation of biological process,-4.499083969524123,13.526090342679128,7.661620557090762,20841,36,214,5,2.336448598130841,1.0326127549515722,12540|14086|18186|22240|74117,Cdc42|Fscn1|Nrp1|Dpysl3|Actr3,-2.074479147538098,0,7,0,0,-6.411781620079387,16.79100870125685,
1,-4.499083969524123,GO:1902745,M1,1,0,GO Biological Processes,19,positive regulation of lamellipodium organization,19_GO:0048518 positive regulation of biological process,-4.499083969524123,13.526090342679128,7.661620557090762,20841,36,214,5,2.336448598130841,1.0326127549515722,12540|14086|50884|74117|101314,Cdc42|Fscn1|Nckap1|Actr3|Brk1,-2.074479147538098,0,7,0,0,-6.411781620079387,16.79100870125685,
1,-4.271668376950442,GO:0010591,M1,1,0,GO Biological Processes,19,regulation of lamellipodium assembly,19_GO:0050789 regulation of biological process,-4.271668376950442,12.173481308411215,7.204670196319729,20841,40,214,5,2.336448598130841,1.0326127549515722,12540|14086|50884|74117|101314,Cdc42|Fscn1|Nckap1|Actr3|Brk1,-1.9146820113797487,0,7,0,0,-6.411781620079387,16.79100870125685,
1,-4.194263848258196,GO:0044089,M1,1,0,GO Biological Processes,19,positive regulation of cellular component biogenesis,19_GO:0048518 positive regulation of biological process,-4.194263848258196,2.98305127557464,4.823029680562138,20841,555,214,17,7.94392523364486,1.848574312040046,12540|12562|14086|17698|18186|19182|20616|22240|50884|53378|57320|64143|74117|76707|101314|104625|218952,Cdc42|Cdh5|Fscn1|Msn|Nrp1|Psmc3|Snap91|Dpysl3|Nckap1|Sdcbp|Park7|Ralb|Actr3|Clasp1|Brk1|Cnot6|Fermt2,-1.8609505827913422,0,7,0,0,-6.411781620079387,16.79100870125685,
1,-3.9462154235719806,GO:0030032,M1,1,0,GO Biological Processes,19,lamellipodium assembly,19_GO:0009987 cellular process,-3.9462154235719806,7.8963122000505175,6.05318019039604,20841,74,214,6,2.803738317757009,1.1284612035642736,12540|14086|16412|50884|74117|101314,Cdc42|Fscn1|Itgb1|Nckap1|Actr3|Brk1,-1.7329052530589169,0,7,0,0,-6.411781620079387,16.79100870125685,
1,-3.887186094145814,GO:0007163,M1,1,0,GO Biological Processes,19,establishment or maintenance of cell polarity,19_GO:0009987 cellular process,-3.887186094145814,4.271396950319724,5.059036072215844,20841,228,214,10,4.672897196261682,1.4427610980587438,12540|12562|14086|16412|17698|17758|20616|50884|74117|76707,Cdc42|Cdh5|Fscn1|Itgb1|Msn|Map4|Snap91|Nckap1|Actr3|Clasp1,-1.712918559587583,0,7,0,0,-6.411781620079387,16.79100870125685,
1,-3.7999709063306217,GO:1902743,M1,1,0,GO Biological Processes,19,regulation of lamellipodium organization,19_GO:0050789 regulation of biological process,-3.7999709063306217,9.738785046728971,6.301385938999093,20841,50,214,5,2.336448598130841,1.0326127549515722,12540|14086|50884|74117|101314,Cdc42|Fscn1|Nckap1|Actr3|Brk1,-1.6641910060088927,0,7,0,0,-6.411781620079387,16.79100870125685,
1,-3.7750731105675577,GO:0120034,M1,1,0,GO Biological Processes,19,positive regulation of plasma membrane bounded cell projection assembly,19_GO:0048518 positive regulation of biological process,-3.7750731105675577,6.032875692663965,5.464047112689696,20841,113,214,7,3.2710280373831777,1.215943884198015,12540|14086|18186|22240|50884|74117|101314,Cdc42|Fscn1|Nrp1|Dpysl3|Nckap1|Actr3|Brk1,-1.6587975229870133,0,7,0,0,-6.411781620079387,16.79100870125685,
1,-3.649793146025247,GO:0120032,M1,1,0,GO Biological Processes,19,regulation of plasma membrane bounded cell projection assembly,19_GO:0050789 regulation of biological process,-3.649793146025247,4.404475649274409,4.915170565497354,20841,199,214,9,4.205607476635514,1.3720739697915443,12540|14086|17758|18186|19684|22240|50884|74117|101314,Cdc42|Fscn1|Map4|Nrp1|Rdx|Dpysl3|Nckap1|Actr3|Brk1,-1.5878752207672953,0,7,0,0,-6.411781620079387,16.79100870125685,
1,-3.619934791172258,GO:0031334,M1,1,0,GO Biological Processes,19,positive regulation of protein-containing complex assembly,19_GO:0048518 positive regulation of biological process,-3.619934791172258,3.9588557100524278,4.754974061689396,20841,246,214,10,4.672897196261682,1.4427610980587438,12562|14086|17698|19182|20616|50884|57320|74117|101314|218952,Cdh5|Fscn1|Msn|Psmc3|Snap91|Nckap1|Park7|Actr3|Brk1|Fermt2,-1.5792469740133313,0,7,0,0,-6.411781620079387,16.79100870125685,
1,-3.602674490342106,GO:0051489,M1,1,0,GO Biological Processes,19,regulation of filopodium assembly,19_GO:0050789 regulation of biological process,-3.602674490342106,8.853440951571793,5.940097529927985,20841,55,214,5,2.336448598130841,1.0326127549515722,12540|14086|18186|22240|74117,Cdc42|Fscn1|Nrp1|Dpysl3|Actr3,-1.5704579015476252,0,7,0,0,-6.411781620079387,16.79100870125685,
1,-3.6015618793913573,GO:0060491,M1,1,0,GO Biological Processes,19,regulation of cell projection assembly,19_GO:0050789 regulation of biological process,-3.6015618793913573,4.339062644582215,4.8572855540624635,20841,202,214,9,4.205607476635514,1.3720739697915443,12540|14086|17758|18186|19684|22240|50884|74117|101314,Cdc42|Fscn1|Map4|Nrp1|Rdx|Dpysl3|Nckap1|Actr3|Brk1,-1.5704579015476252,0,7,0,0,-6.411781620079387,16.79100870125685,
1,-3.427247243985001,GO:0097581,M1,1,0,GO Biological Processes,19,lamellipodium organization,19_GO:0009987 cellular process,-3.427247243985001,6.351381552214547,5.239609913831658,20841,92,214,6,2.803738317757009,1.1284612035642736,12540|14086|16412|50884|74117|101314,Cdc42|Fscn1|Itgb1|Nckap1|Actr3|Brk1,-1.4596771149705055,0,7,0,0,-6.411781620079387,16.79100870125685,
1,-3.1734039664287517,GO:2000249,M1,1,0,GO Biological Processes,19,regulation of actin cytoskeleton reorganization,19_GO:0050789 regulation of biological process,-3.1734039664287517,9.988497483824586,5.72274728990736,20841,39,214,4,1.8691588785046729,0.9258038511128556,12540|13039|18186|74117,Cdc42|Ctsl|Nrp1|Actr3,-1.2746123230621136,0,7,0,0,-6.411781620079387,16.79100870125685,
1,-3.0322160772147795,GO:0046847,M1,1,0,GO Biological Processes,19,filopodium assembly,19_GO:0009987 cellular process,-3.0322160772147795,6.670400716937652,4.943283895845217,20841,73,214,5,2.336448598130841,1.0326127549515722,12540|14086|18186|22240|74117,Cdc42|Fscn1|Nrp1|Dpysl3|Actr3,-1.161041698884303,0,7,0,0,-6.411781620079387,16.79100870125685,
1,-6.004655204453636,GO:2001243,M1,1,0,GO Biological Processes,19,negative regulation of intrinsic apoptotic signaling pathway,19_GO:0048519 negative regulation of biological process,-6.004655204453636,8.67812528916443,7.878602963547708,20841,101,214,9,4.205607476635514,1.3720739697915443,13806|15507|22334|56449|57320|66073|68015|74996|117198,Eno1|Hspb1|Vdac2|Ybx3|Park7|Txndc12|Trap1|Usp47|Ivns1abp,-3.131417665559386,0,8,1,1,-6.004655204453636,16.231308411214954,
1,-5.106881957759242,GO:2001234,M1,1,0,GO Biological Processes,19,negative regulation of apoptotic signaling pathway,19_GO:0048519 negative regulation of biological process,-5.106881957759242,4.849187575134757,6.12183607196205,20841,241,214,12,5.607476635514018,1.572699134284521,11740|13806|15507|18186|22334|56449|57320|66073|68015|74996|117198|170731,Slc25a5|Eno1|Hspb1|Nrp1|Vdac2|Ybx3|Park7|Txndc12|Trap1|Usp47|Ivns1abp|Mfn2,-2.4299390640089604,0,8,0,0,-6.004655204453636,16.231308411214954,
1,-4.612521982148381,GO:0097190,M1,1,0,GO Biological Processes,19,apoptotic signaling pathway,19_GO:0023052 signaling,-4.612521982148381,2.974870030351294,5.093210023858815,20841,622,214,19,8.878504672897197,1.9443455305965447,11740|12190|13806|15507|18186|22334|56449|57320|64058|64294|66073|67184|68015|70186|74996|94275|117198|170731|235323,Slc25a5|Brca2|Eno1|Hspb1|Nrp1|Vdac2|Ybx3|Park7|Perp|Itm2c|Txndc12|Ndufa13|Trap1|Fam162a|Usp47|Maged1|Ivns1abp|Mfn2|Usp28,-2.1246353246181484,0,8,0,0,-6.004655204453636,16.231308411214954,
1,-4.13441957594158,GO:2001233,M1,1,0,GO Biological Processes,19,regulation of apoptotic signaling pathway,19_GO:0023052 signaling,-4.13441957594158,3.400074579905377,4.943040712428801,20841,401,214,14,6.542056074766355,1.6902788435988845,11740|13806|15507|18186|22334|56449|57320|64294|66073|68015|74996|94275|117198|170731,Slc25a5|Eno1|Hspb1|Nrp1|Vdac2|Ybx3|Park7|Itm2c|Txndc12|Trap1|Usp47|Maged1|Ivns1abp|Mfn2,-1.8254534674858929,0,8,0,0,-6.004655204453636,16.231308411214954,
1,-4.075525732565779,GO:0097193,M1,1,0,GO Biological Processes,19,intrinsic apoptotic signaling pathway,19_GO:0023052 signaling,-4.075525732565779,3.8066912234771224,5.046203438615766,20841,307,214,12,5.607476635514018,1.572699134284521,12190|13806|15507|22334|56449|57320|64058|66073|68015|74996|117198|235323,Brca2|Eno1|Hspb1|Vdac2|Ybx3|Park7|Perp|Txndc12|Trap1|Usp47|Ivns1abp|Usp28,-1.793882751321327,0,8,0,0,-6.004655204453636,16.231308411214954,
1,-4.052542211275442,GO:2001242,M1,1,0,GO Biological Processes,19,regulation of intrinsic apoptotic signaling pathway,19_GO:0023052 signaling,-4.052542211275442,4.980060535259134,5.4008985098199105,20841,176,214,9,4.205607476635514,1.3720739697915443,13806|15507|22334|56449|57320|66073|68015|74996|117198,Eno1|Hspb1|Vdac2|Ybx3|Park7|Txndc12|Trap1|Usp47|Ivns1abp,-1.7898784578303228,0,8,0,0,-6.004655204453636,16.231308411214954,
1,-3.1093688790021767,GO:1902176,M1,1,0,GO Biological Processes,19,negative regulation of oxidative stress-induced intrinsic apoptotic signaling pathway,19_GO:0048519 negative regulation of biological process,-3.1093688790021767,16.231308411214954,6.584753544109888,20841,18,214,3,1.4018691588785046,0.8036763621569859,15507|57320|68015,Hspb1|Park7|Trap1,-1.225665906429762,0,8,0,0,-6.004655204453636,16.231308411214954,
1,-5.507269242569113,GO:0046034,M1,1,0,GO Biological Processes,19,ATP metabolic process,19_GO:0008152 metabolic process,-5.507269242569113,4.869392523364486,6.394902619597745,20841,260,214,13,6.074766355140187,1.6328603554482992,11947|13382|13806|15481|18641|18746|21991|56012|56421|57320|66218|68375|228033,Atp5b|Dld|Eno1|Hspa8|Pfkl|Pkm|Tpi1|Pgam2|Pfkp|Park7|Ndufb9|Ndufa8|Atp5g3,-2.7431761730999313,0,9,1,1,-5.507269242569113,29.216355140186913,
1,-5.348339043337659,GO:0006090,M1,1,0,GO Biological Processes,19,pyruvate metabolic process,19_GO:0008152 metabolic process,-5.348339043337659,7.243724414922376,7.015833039310777,20841,121,214,9,4.205607476635514,1.3720739697915443,13382|13806|16832|18641|18746|21991|56012|56421|68263,Dld|Eno1|Ldhb|Pfkl|Pkm|Tpi1|Pgam2|Pfkp|Pdhb,-2.615280207608446,0,9,0,0,-5.507269242569113,29.216355140186913,
1,-4.63483014249944,GO:0006006,M1,1,0,GO Biological Processes,19,glucose metabolic process,19_GO:0008152 metabolic process,-4.63483014249944,4.740116615664544,5.758182207999815,20841,226,214,11,5.140186915887851,1.5094672732032288,11364|13806|18641|18746|19046|21991|56012|56421|64652|66681|68263,Acadm|Eno1|Pfkl|Pkm|Ppp1cb|Tpi1|Pgam2|Pfkp|Nisch|Pgm2|Pdhb,-2.1336553781071332,0,9,0,0,-5.507269242569113,29.216355140186913,
1,-4.145248443612235,GO:0009150,M1,1,0,GO Biological Processes,19,purine ribonucleotide metabolic process,19_GO:0008152 metabolic process,-4.145248443612235,3.6172630173564753,5.029647209123343,20841,350,214,13,6.074766355140187,1.6328603554482992,11947|13382|13806|15452|18641|18746|20916|21991|56012|56421|68263|110446|228033,Atp5b|Dld|Eno1|Hprt|Pfkl|Pkm|Sucla2|Tpi1|Pgam2|Pfkp|Pdhb|Acat1|Atp5g3,-1.8306052022648578,0,9,0,0,-5.507269242569113,29.216355140186913,
1,-4.12760313952446,GO:0019318,M1,1,0,GO Biological Processes,19,hexose metabolic process,19_GO:0008152 metabolic process,-4.12760313952446,4.168351576420961,5.205623471133571,20841,257,214,11,5.140186915887851,1.5094672732032288,11364|13806|18641|18746|19046|21991|56012|56421|64652|66681|68263,Acadm|Eno1|Pfkl|Pkm|Ppp1cb|Tpi1|Pgam2|Pfkp|Nisch|Pgm2|Pdhb,-1.824390798729925,0,9,0,0,-5.507269242569113,29.216355140186913,
1,-4.039023757721984,GO:0055086,M1,1,0,GO Biological Processes,19,nucleobase-containing small molecule metabolic process,19_GO:0008152 metabolic process,-4.039023757721984,3.0197783090632466,4.732068113673255,20841,516,214,16,7.4766355140186915,1.797926470267284,11947|13382|13806|15452|18641|18746|20916|21991|22240|56012|56421|57320|68263|110446|216558|228033,Atp5b|Dld|Eno1|Hprt|Pfkl|Pkm|Sucla2|Tpi1|Dpysl3|Pgam2|Pfkp|Park7|Pdhb|Acat1|Ugp2|Atp5g3,-1.7898784578303228,0,9,0,0,-5.507269242569113,29.216355140186913,
1,-3.950511560138002,GO:0016052,M1,1,0,GO Biological Processes,19,carbohydrate catabolic process,19_GO:0008152 metabolic process,-3.950511560138002,5.486639462945899,5.464222453350927,20841,142,214,8,3.7383177570093458,1.2967550371581962,13806|18641|18746|19046|21991|56012|56421|110078,Eno1|Pfkl|Pkm|Ppp1cb|Tpi1|Pgam2|Pfkp|Pygb,-1.7329052530589169,0,9,0,0,-5.507269242569113,29.216355140186913,
1,-3.939036583256303,GO:0009259,M1,1,0,GO Biological Processes,19,ribonucleotide metabolic process,19_GO:0008152 metabolic process,-3.939036583256303,3.4497058748631235,4.822623255553867,20841,367,214,13,6.074766355140187,1.6328603554482992,11947|13382|13806|15452|18641|18746|20916|21991|56012|56421|68263|110446|228033,Atp5b|Dld|Eno1|Hprt|Pfkl|Pkm|Sucla2|Tpi1|Pgam2|Pfkp|Pdhb|Acat1|Atp5g3,-1.7329052530589169,0,9,0,0,-5.507269242569113,29.216355140186913,
1,-3.9376526572898767,GO:0019674,M1,1,0,GO Biological Processes,19,NAD metabolic process,19_GO:0008152 metabolic process,-3.9376526572898767,15.582056074766353,7.430667671436459,20841,25,214,4,1.8691588785046729,0.9258038511128556,13806|16832|18641|56421,Eno1|Ldhb|Pfkl|Pfkp,-1.7329052530589169,0,9,0,0,-5.507269242569113,29.216355140186913,
1,-3.915524861981914,GO:0006735,M1,1,0,GO Biological Processes,19,NADH regeneration,19_GO:0008152 metabolic process,-3.915524861981914,29.216355140186913,9.090411919027657,20841,10,214,3,1.4018691588785046,0.8036763621569859,13806|18641|56421,Eno1|Pfkl|Pfkp,-1.7329052530589169,0,9,0,0,-5.507269242569113,29.216355140186913,
1,-3.915524861981914,GO:0061621,M1,1,0,GO Biological Processes,19,canonical glycolysis,19_GO:0008152 metabolic process,-3.915524861981914,29.216355140186913,9.090411919027657,20841,10,214,3,1.4018691588785046,0.8036763621569859,13806|18641|56421,Eno1|Pfkl|Pfkp,-1.7329052530589169,0,9,0,0,-5.507269242569113,29.216355140186913,
1,-3.915524861981914,GO:0061718,M1,1,0,GO Biological Processes,19,glucose catabolic process to pyruvate,19_GO:0008152 metabolic process,-3.915524861981914,29.216355140186913,9.090411919027657,20841,10,214,3,1.4018691588785046,0.8036763621569859,13806|18641|56421,Eno1|Pfkl|Pfkp,-1.7329052530589169,0,9,0,0,-5.507269242569113,29.216355140186913,
1,-3.8814114376370856,GO:0005996,M1,1,0,GO Biological Processes,19,monosaccharide metabolic process,19_GO:0008152 metabolic process,-3.8814114376370856,3.9097312231393686,4.938333222924442,20841,274,214,11,5.140186915887851,1.5094672732032288,11364|13806|18641|18746|19046|21991|56012|56421|64652|66681|68263,Acadm|Eno1|Pfkl|Pkm|Ppp1cb|Tpi1|Pgam2|Pfkp|Nisch|Pgm2|Pdhb,-1.7112604692736868,0,9,0,0,-5.507269242569113,29.216355140186913,
1,-3.857827308598029,GO:0006163,M1,1,0,GO Biological Processes,19,purine nucleotide metabolic process,19_GO:0008152 metabolic process,-3.857827308598029,3.3851391873656853,4.740892893783627,20841,374,214,13,6.074766355140187,1.6328603554482992,11947|13382|13806|15452|18641|18746|20916|21991|56012|56421|68263|110446|228033,Atp5b|Dld|Eno1|Hprt|Pfkl|Pkm|Sucla2|Tpi1|Pgam2|Pfkp|Pdhb|Acat1|Atp5g3,-1.7020718304843772,0,9,0,0,-5.507269242569113,29.216355140186913,
1,-3.8010730949506812,GO:0019693,M1,1,0,GO Biological Processes,19,ribose phosphate metabolic process,19_GO:0008152 metabolic process,-3.8010730949506812,3.340480359036323,4.683691432334506,20841,379,214,13,6.074766355140187,1.6328603554482992,11947|13382|13806|15452|18641|18746|20916|21991|56012|56421|68263|110446|228033,Atp5b|Dld|Eno1|Hprt|Pfkl|Pkm|Sucla2|Tpi1|Pgam2|Pfkp|Pdhb|Acat1|Atp5g3,-1.6641910060088927,0,9,0,0,-5.507269242569113,29.216355140186913,
1,-3.7856881956328317,GO:0009152,M1,1,0,GO Biological Processes,19,purine ribonucleotide biosynthetic process,19_GO:0008152 metabolic process,-3.7856881956328317,5.194018691588784,5.250769580163519,20841,150,214,8,3.7383177570093458,1.2967550371581962,11947|13382|13806|15452|18746|68263|110446|228033,Atp5b|Dld|Eno1|Hprt|Pkm|Pdhb|Acat1|Atp5g3,-1.662113369310788,0,9,0,0,-5.507269242569113,29.216355140186913,
1,-3.631224693735872,GO:0009260,M1,1,0,GO Biological Processes,19,ribonucleotide biosynthetic process,19_GO:0008152 metabolic process,-3.631224693735872,4.931030403407074,5.052029640921483,20841,158,214,8,3.7383177570093458,1.2967550371581962,11947|13382|13806|15452|18746|68263|110446|228033,Atp5b|Dld|Eno1|Hprt|Pkm|Pdhb|Acat1|Atp5g3,-1.5798923940493845,0,9,0,0,-5.507269242569113,29.216355140186913,
1,-3.626130115022174,GO:0072521,M1,1,0,GO Biological Processes,19,purine-containing compound metabolic process,19_GO:0008152 metabolic process,-3.626130115022174,3.2051697622145983,4.506860420509275,20841,395,214,13,6.074766355140187,1.6328603554482992,11947|13382|13806|15452|18641|18746|20916|21991|56012|56421|68263|110446|228033,Atp5b|Dld|Eno1|Hprt|Pfkl|Pkm|Sucla2|Tpi1|Pgam2|Pfkp|Pdhb|Acat1|Atp5g3,-1.5798923940493845,0,9,0,0,-5.507269242569113,29.216355140186913,
1,-3.6135171240703188,GO:0009117,M1,1,0,GO Biological Processes,19,nucleotide metabolic process,19_GO:0008152 metabolic process,-3.6135171240703188,3.029844236760125,4.43391555073238,20841,450,214,14,6.542056074766355,1.6902788435988845,11947|13382|13806|15452|18641|18746|20916|21991|56012|56421|57320|68263|110446|228033,Atp5b|Dld|Eno1|Hprt|Pfkl|Pkm|Sucla2|Tpi1|Pgam2|Pfkp|Park7|Pdhb|Acat1|Atp5g3,-1.5764227825373993,0,9,0,0,-5.507269242569113,29.216355140186913,
1,-3.548234416044677,GO:0061620,M1,1,0,GO Biological Processes,19,glycolytic process through glucose-6-phosphate,19_GO:0008152 metabolic process,-3.548234416044677,22.47411933860532,7.888618679976165,20841,13,214,3,1.4018691588785046,0.8036763621569859,13806|18641|56421,Eno1|Pfkl|Pfkp,-1.5402983032529707,0,9,0,0,-5.507269242569113,29.216355140186913,
1,-3.5264189292761796,GO:0006753,M1,1,0,GO Biological Processes,19,nucleoside phosphate metabolic process,19_GO:0008152 metabolic process,-3.5264189292761796,2.9704355262354167,4.34793339804201,20841,459,214,14,6.542056074766355,1.6902788435988845,11947|13382|13806|15452|18641|18746|20916|21991|56012|56421|57320|68263|110446|228033,Atp5b|Dld|Eno1|Hprt|Pfkl|Pkm|Sucla2|Tpi1|Pgam2|Pfkp|Park7|Pdhb|Acat1|Atp5g3,-1.5296191826024332,0,9,0,0,-5.507269242569113,29.216355140186913,
1,-3.5083518752693608,GO:0006734,M1,1,0,GO Biological Processes,19,NADH metabolic process,19_GO:0008152 metabolic process,-3.5083518752693608,12.173481308411214,6.442814101728291,20841,32,214,4,1.8691588785046729,0.9258038511128556,13806|18641|56421|67834,Eno1|Pfkl|Pfkp|Idh3a,-1.514292165961643,0,9,0,0,-5.507269242569113,29.216355140186913,
1,-3.4685352064035064,GO:0046390,M1,1,0,GO Biological Processes,19,ribose phosphate biosynthetic process,19_GO:0008152 metabolic process,-3.4685352064035064,4.665286249930046,4.843860050392866,20841,167,214,8,3.7383177570093458,1.2967550371581962,11947|13382|13806|15452|18746|68263|110446|228033,Atp5b|Dld|Eno1|Hprt|Pkm|Pdhb|Acat1|Atp5g3,-1.4873446484325519,0,9,0,0,-5.507269242569113,29.216355140186913,
1,-3.451129059162933,GO:0006164,M1,1,0,GO Biological Processes,19,purine nucleotide biosynthetic process,19_GO:0008152 metabolic process,-3.451129059162933,4.6375166889185575,4.821649008695844,20841,168,214,8,3.7383177570093458,1.2967550371581962,11947|13382|13806|15452|18746|68263|110446|228033,Atp5b|Dld|Eno1|Hprt|Pkm|Pdhb|Acat1|Atp5g3,-1.475780313574819,0,9,0,0,-5.507269242569113,29.216355140186913,
1,-3.414140876116113,GO:0032787,M1,1,0,GO Biological Processes,19,monocarboxylic acid metabolic process,19_GO:0008152 metabolic process,-3.414140876116113,2.562838170191835,4.110040010483792,20841,646,214,17,7.94392523364486,1.848574312040046,11363|11364|13244|13382|13806|16832|18484|18641|18746|19317|21991|56012|56421|57320|68263|110446|231086,Acadl|Acadm|Degs1|Dld|Eno1|Ldhb|Pam|Pfkl|Pkm|Qk|Tpi1|Pgam2|Pfkp|Park7|Pdhb|Acat1|Hadhb,-1.4509332869399474,0,9,0,0,-5.507269242569113,29.216355140186913,
1,-3.401966711535509,GO:0006096,M1,1,0,GO Biological Processes,19,glycolytic process,19_GO:0008152 metabolic process,-3.401966711535509,6.283087126921917,5.200903997614153,20841,93,214,6,2.803738317757009,1.1284612035642736,13806|18641|18746|21991|56012|56421,Eno1|Pfkl|Pkm|Tpi1|Pgam2|Pfkp,-1.4445559810361353,0,9,0,0,-5.507269242569113,29.216355140186913,
1,-3.377004064485423,GO:0006757,M1,1,0,GO Biological Processes,19,ATP generation from ADP,19_GO:0008152 metabolic process,-3.377004064485423,6.216245774507854,5.162761098009304,20841,94,214,6,2.803738317757009,1.1284612035642736,13806|18641|18746|21991|56012|56421,Eno1|Pfkl|Pkm|Tpi1|Pgam2|Pfkp,-1.4270598986714038,0,9,0,0,-5.507269242569113,29.216355140186913,
1,-3.349328658390475,GO:0072522,M1,1,0,GO Biological Processes,19,purine-containing compound biosynthetic process,19_GO:0008152 metabolic process,-3.349328658390475,4.477602320335159,4.691951681779501,20841,174,214,8,3.7383177570093458,1.2967550371581962,11947|13382|13806|15452|18746|68263|110446|228033,Atp5b|Dld|Eno1|Hprt|Pkm|Pdhb|Acat1|Atp5g3,-1.4042918270711997,0,9,0,0,-5.507269242569113,29.216355140186913,
1,-3.18795951354151,GO:0046031,M1,1,0,GO Biological Processes,19,ADP metabolic process,19_GO:0008152 metabolic process,-3.18795951354151,5.7286970863111595,4.876243499772767,20841,102,214,6,2.803738317757009,1.1284612035642736,13806|18641|18746|21991|56012|56421,Eno1|Pfkl|Pkm|Tpi1|Pgam2|Pfkp,-1.284271012759967,0,9,0,0,-5.507269242569113,29.216355140186913,
1,-3.185261620226543,GO:0006007,M1,1,0,GO Biological Processes,19,glucose catabolic process,19_GO:0008152 metabolic process,-3.185261620226543,17.18609125893348,6.80020613187584,20841,17,214,3,1.4018691588785046,0.8036763621569859,13806|18641|56421,Eno1|Pfkl|Pfkp,-1.284271012759967,0,9,0,0,-5.507269242569113,29.216355140186913,
1,-3.185261620226543,GO:0061615,M1,1,0,GO Biological Processes,19,glycolytic process through fructose-6-phosphate,19_GO:0008152 metabolic process,-3.185261620226543,17.18609125893348,6.80020613187584,20841,17,214,3,1.4018691588785046,0.8036763621569859,13806|18641|56421,Eno1|Pfkl|Pfkp,-1.284271012759967,0,9,0,0,-5.507269242569113,29.216355140186913,
1,-3.1509464937381146,GO:0044282,M1,1,0,GO Biological Processes,19,small molecule catabolic process,19_GO:0008152 metabolic process,-3.1509464937381146,3.2073842968269073,4.142264492483799,20841,334,214,11,5.140186915887851,1.5094672732032288,11363|11364|13806|14719|18641|21991|56421|57320|67041|110446|231086,Acadl|Acadm|Eno1|Got2|Pfkl|Tpi1|Pfkp|Park7|Oxct1|Acat1|Hadhb,-1.2565196557739267,0,9,0,0,-5.507269242569113,29.216355140186913,
1,-3.0573919845608053,GO:0006165,M1,1,0,GO Biological Processes,19,nucleoside diphosphate phosphorylation,19_GO:0008152 metabolic process,-3.0573919845608053,5.410436137071651,4.6805840838871156,20841,108,214,6,2.803738317757009,1.1284612035642736,13806|18641|18746|21991|56012|56421,Eno1|Pfkl|Pkm|Tpi1|Pgam2|Pfkp,-1.1799984858953978,0,9,0,0,-5.507269242569113,29.216355140186913,
1,-3.0573919845608053,GO:0009135,M1,1,0,GO Biological Processes,19,purine nucleoside diphosphate metabolic process,19_GO:0008152 metabolic process,-3.0573919845608053,5.410436137071651,4.6805840838871156,20841,108,214,6,2.803738317757009,1.1284612035642736,13806|18641|18746|21991|56012|56421,Eno1|Pfkl|Pkm|Tpi1|Pgam2|Pfkp,-1.1799984858953978,0,9,0,0,-5.507269242569113,29.216355140186913,
1,-3.0573919845608053,GO:0009179,M1,1,0,GO Biological Processes,19,purine ribonucleoside diphosphate metabolic process,19_GO:0008152 metabolic process,-3.0573919845608053,5.410436137071651,4.6805840838871156,20841,108,214,6,2.803738317757009,1.1284612035642736,13806|18641|18746|21991|56012|56421,Eno1|Pfkl|Pkm|Tpi1|Pgam2|Pfkp,-1.1799984858953978,0,9,0,0,-5.507269242569113,29.216355140186913,
1,-3.038022152664564,GO:0006085,M1,1,0,GO Biological Processes,19,acetyl-CoA biosynthetic process,19_GO:0008152 metabolic process,-3.038022152664564,15.377029021151008,6.38590477995036,20841,19,214,3,1.4018691588785046,0.8036763621569859,13382|68263|110446,Dld|Pdhb|Acat1,-1.1627116051474489,0,9,0,0,-5.507269242569113,29.216355140186913,
1,-5.216583295853726,GO:1903827,M1,1,0,GO Biological Processes,19,regulation of cellular protein localization,19_GO:0051179 localization,-5.216583295853726,3.2866237280257633,5.602399228895642,20841,563,214,19,8.878504672897197,1.9443455305965447,12520|12540|12558|14456|16412|16573|17698|18747|19052|19242|19684|57320|64143|68585|68728|70572|74117|94275|218952,Cd81|Cdc42|Cdh2|Gas6|Itgb1|Kif5b|Msn|Prkaca|Ppp2ca|Ptn|Rdx|Park7|Ralb|Rtn4|Trp53inp2|Ipo5|Actr3|Maged1|Fermt2,-2.511687517287043,0,10,1,1,-5.216583295853726,4.7341316199376955,
1,-4.9901462075315335,GO:0032386,M1,1,0,GO Biological Processes,19,regulation of intracellular transport,19_GO:0051179 localization,-4.9901462075315335,4.069940019528526,5.769650775076572,20841,335,214,14,6.542056074766355,1.6902788435988845,12520|12540|14456|16573|16783|17698|17931|18747|19052|19684|57320|70572|74117|234593,Cd81|Cdc42|Gas6|Kif5b|Lamp1|Msn|Ppp1r12a|Prkaca|Ppp2ca|Rdx|Park7|Ipo5|Actr3|Ndrg4,-2.3261682909456196,0,10,0,0,-5.216583295853726,4.7341316199376955,
1,-3.86984682150126,GO:0032388,M1,1,0,GO Biological Processes,19,positive regulation of intracellular transport,19_GO:0051179 localization,-3.86984682150126,4.712315345191438,5.179960436543375,20841,186,214,9,4.205607476635514,1.3720739697915443,12520|12540|14456|16573|17698|18747|19684|70572|74117,Cd81|Cdc42|Gas6|Kif5b|Msn|Prkaca|Rdx|Ipo5|Actr3,-1.7078137433600404,0,10,0,0,-5.216583295853726,4.7341316199376955,
1,-3.826344540192044,GO:1903829,M1,1,0,GO Biological Processes,19,positive regulation of cellular protein localization,19_GO:0051179 localization,-3.826344540192044,3.853476097626572,4.878553914615081,20841,278,214,11,5.140186915887851,1.5094672732032288,12520|16412|16573|17698|19242|19684|57320|68585|70572|74117|218952,Cd81|Itgb1|Kif5b|Msn|Ptn|Rdx|Park7|Rtn4|Ipo5|Actr3|Fermt2,-1.6762106853505325,0,10,0,0,-5.216583295853726,4.7341316199376955,
1,-3.2735946932619813,GO:0033157,M1,1,0,GO Biological Processes,19,regulation of intracellular protein transport,19_GO:0051179 localization,-3.2735946932619813,3.9129047062750333,4.464525014195136,20841,224,214,9,4.205607476635514,1.3720739697915443,12520|12540|14456|16573|18747|19052|57320|70572|74117,Cd81|Cdc42|Gas6|Kif5b|Prkaca|Ppp2ca|Park7|Ipo5|Actr3,-1.3429556826433486,0,10,0,0,-5.216583295853726,4.7341316199376955,
1,-3.254053014076454,GO:0051223,M1,1,0,GO Biological Processes,19,regulation of protein transport,19_GO:0051179 localization,-3.254053014076454,2.6705991901450563,4.032921896936877,20841,547,214,15,7.009345794392523,1.7452253301934944,11747|12520|12540|14456|16573|18484|18641|18747|19052|20616|57320|67041|70572|74117|77579,Anxa5|Cd81|Cdc42|Gas6|Kif5b|Pam|Pfkl|Prkaca|Ppp2ca|Snap91|Park7|Oxct1|Ipo5|Actr3|Myh10,-1.3257679088512986,0,10,0,0,-5.216583295853726,4.7341316199376955,
1,-3.136047903374206,GO:0090316,M1,1,0,GO Biological Processes,19,positive regulation of intracellular protein transport,19_GO:0051179 localization,-3.136047903374206,4.7341316199376955,4.579888212469419,20841,144,214,7,3.2710280373831777,1.215943884198015,12520|12540|14456|16573|18747|70572|74117,Cd81|Cdc42|Gas6|Kif5b|Prkaca|Ipo5|Actr3,-1.24808710765925,0,10,0,0,-5.216583295853726,4.7341316199376955,
1,-3.018774567730005,GO:0070201,M1,1,0,GO Biological Processes,19,regulation of establishment of protein localization,19_GO:0051179 localization,-3.018774567730005,2.531746545943407,3.8005805158956125,20841,577,214,15,7.009345794392523,1.7452253301934944,11747|12520|12540|14456|16573|18484|18641|18747|19052|20616|57320|67041|70572|74117|77579,Anxa5|Cd81|Cdc42|Gas6|Kif5b|Pam|Pfkl|Prkaca|Ppp2ca|Snap91|Park7|Oxct1|Ipo5|Actr3|Myh10,-1.1516973375405735,0,10,0,0,-5.216583295853726,4.7341316199376955,
1,-4.866697435917468,GO:0031346,M1,1,0,GO Biological Processes,19,positive regulation of cell projection organization,19_GO:0048518 positive regulation of biological process,-4.866697435917468,3.5413763806287166,5.48791415551559,20841,440,214,16,7.4766355140186915,1.797926470267284,12540|14086|14828|15507|16412|18186|19242|19317|20616|22240|50884|68585|74117|101314|170731|234593,Cdc42|Fscn1|Hspa5|Hspb1|Itgb1|Nrp1|Ptn|Qk|Snap91|Dpysl3|Nckap1|Rtn4|Actr3|Brk1|Mfn2|Ndrg4,-2.2394423263562935,0,11,1,1,-4.866697435917468,4.76353616416091,
1,-4.589205523760017,GO:0120035,M1,1,0,GO Biological Processes,19,regulation of plasma membrane bounded cell projection organization,19_GO:0050789 regulation of biological process,-4.589205523760017,2.771198997036699,4.990026039242714,20841,738,214,21,9.813084112149532,2.0336098737954336,12540|12558|14086|14828|15507|16412|17758|18186|19242|19317|19684|20616|22240|50884|56376|64294|68585|74117|101314|170731|234593,Cdc42|Cdh2|Fscn1|Hspa5|Hspb1|Itgb1|Map4|Nrp1|Ptn|Qk|Rdx|Snap91|Dpysl3|Nckap1|Pdlim5|Itm2c|Rtn4|Actr3|Brk1|Mfn2|Ndrg4,-2.1129476014575364,0,11,0,0,-4.866697435917468,4.76353616416091,
1,-4.453585468455801,GO:0031344,M1,1,0,GO Biological Processes,19,regulation of cell projection organization,19_GO:0050789 regulation of biological process,-4.453585468455801,2.712393713279952,4.878310817664038,20841,754,214,21,9.813084112149532,2.0336098737954336,12540|12558|14086|14828|15507|16412|17758|18186|19242|19317|19684|20616|22240|50884|56376|64294|68585|74117|101314|170731|234593,Cdc42|Cdh2|Fscn1|Hspa5|Hspb1|Itgb1|Map4|Nrp1|Ptn|Qk|Rdx|Snap91|Dpysl3|Nckap1|Pdlim5|Itm2c|Rtn4|Actr3|Brk1|Mfn2|Ndrg4,-2.0362798852112753,0,11,0,0,-4.866697435917468,4.76353616416091,
1,-4.392152502427329,GO:0048812,M1,1,0,GO Biological Processes,19,neuron projection morphogenesis,19_GO:0032502 developmental process,-4.392152502427329,2.7706358596668483,4.86448041752101,20841,703,214,20,9.345794392523365,1.9897348323132489,12540|12552|12558|15452|16412|16573|17258|18028|18186|19242|20616|21974|22223|50884|56376|68585|68810|74117|77579|170731,Cdc42|Cdh11|Cdh2|Hprt|Itgb1|Kif5b|Mef2a|Nfib|Nrp1|Ptn|Snap91|Top2b|Uchl1|Nckap1|Pdlim5|Rtn4|Nexn|Actr3|Myh10|Mfn2,-1.9960362182527418,0,11,0,0,-4.866697435917468,4.76353616416091,
1,-4.353628499304527,GO:0048667,M1,1,0,GO Biological Processes,19,cell morphogenesis involved in neuron differentiation,19_GO:0032502 developmental process,-4.353628499304527,2.8467217828900075,4.872108435280812,20841,650,214,19,8.878504672897197,1.9443455305965447,12540|12552|12558|15452|16412|16573|17258|18028|18186|19242|20616|21974|22223|56376|68585|68810|74117|77579|170731,Cdc42|Cdh11|Cdh2|Hprt|Itgb1|Kif5b|Mef2a|Nfib|Nrp1|Ptn|Snap91|Top2b|Uchl1|Pdlim5|Rtn4|Nexn|Actr3|Myh10|Mfn2,-1.9710850223192136,0,11,0,0,-4.866697435917468,4.76353616416091,
1,-4.270378963985254,GO:0099173,M1,1,0,GO Biological Processes,19,postsynapse organization,19_GO:0009987 cellular process,-4.270378963985254,4.750626852062913,5.496746887757211,20841,205,214,10,4.672897196261682,1.4427610980587438,12540|12558|15481|18186|19242|56376|74117|77579|109711|170731,Cdc42|Cdh2|Hspa8|Nrp1|Ptn|Pdlim5|Actr3|Myh10|Actn1|Mfn2,-1.9146820113797487,0,11,0,0,-4.866697435917468,4.76353616416091,
1,-4.265040804993661,GO:0120039,M1,1,0,GO Biological Processes,19,plasma membrane bounded cell projection morphogenesis,19_GO:0032502 developmental process,-4.265040804993661,2.712753494910577,4.757167361865927,20841,718,214,20,9.345794392523365,1.9897348323132489,12540|12552|12558|15452|16412|16573|17258|18028|18186|19242|20616|21974|22223|50884|56376|68585|68810|74117|77579|170731,Cdc42|Cdh11|Cdh2|Hprt|Itgb1|Kif5b|Mef2a|Nfib|Nrp1|Ptn|Snap91|Top2b|Uchl1|Nckap1|Pdlim5|Rtn4|Nexn|Actr3|Myh10|Mfn2,-1.9146820113797487,0,11,0,0,-4.866697435917468,4.76353616416091,
1,-4.22354507361098,GO:0048858,M1,1,0,GO Biological Processes,19,cell projection morphogenesis,19_GO:0032502 developmental process,-4.22354507361098,2.6939930972970876,4.7220011962747135,20841,723,214,20,9.345794392523365,1.9897348323132489,12540|12552|12558|15452|16412|16573|17258|18028|18186|19242|20616|21974|22223|50884|56376|68585|68810|74117|77579|170731,Cdc42|Cdh11|Cdh2|Hprt|Itgb1|Kif5b|Mef2a|Nfib|Nrp1|Ptn|Snap91|Top2b|Uchl1|Nckap1|Pdlim5|Rtn4|Nexn|Actr3|Myh10|Mfn2,-1.8793465887018863,0,11,0,0,-4.866697435917468,4.76353616416091,
1,-4.0383774390991345,GO:0050807,M1,1,0,GO Biological Processes,19,regulation of synapse organization,19_GO:0050789 regulation of biological process,-4.0383774390991345,4.073256103194628,5.108727703124916,20841,263,214,11,5.140186915887851,1.5094672732032288,12540|12558|15481|19242|20616|20692|52398|56376|74117|77579|170731,Cdc42|Cdh2|Hspa8|Ptn|Snap91|Sparc|Septin11|Pdlim5|Actr3|Myh10|Mfn2,-1.7898784578303228,0,11,0,0,-4.866697435917468,4.76353616416091,
1,-4.038076432077911,GO:0032990,M1,1,0,GO Biological Processes,19,cell part morphogenesis,19_GO:0032502 developmental process,-4.038076432077911,2.6109343288817617,4.563950805705902,20841,746,214,20,9.345794392523365,1.9897348323132489,12540|12552|12558|15452|16412|16573|17258|18028|18186|19242|20616|21974|22223|50884|56376|68585|68810|74117|77579|170731,Cdc42|Cdh11|Cdh2|Hprt|Itgb1|Kif5b|Mef2a|Nfib|Nrp1|Ptn|Snap91|Top2b|Uchl1|Nckap1|Pdlim5|Rtn4|Nexn|Actr3|Myh10|Mfn2,-1.7898784578303228,0,11,0,0,-4.866697435917468,4.76353616416091,
1,-3.966228973635707,GO:0010976,M1,1,0,GO Biological Processes,19,positive regulation of neuron projection development,19_GO:0048518 positive regulation of biological process,-3.966228973635707,4.3671681823896735,5.1491042236852245,20841,223,214,10,4.672897196261682,1.4427610980587438,14828|15507|16412|19242|19317|22240|68585|74117|170731|234593,Hspa5|Hspb1|Itgb1|Ptn|Qk|Dpysl3|Rtn4|Actr3|Mfn2|Ndrg4,-1.734559967353093,0,11,0,0,-4.866697435917468,4.76353616416091,
1,-3.9234015197874728,GO:0050803,M1,1,0,GO Biological Processes,19,regulation of synapse structure or activity,19_GO:0065007 biological regulation,-3.9234015197874728,3.9530123805910957,4.983913280532067,20841,271,214,11,5.140186915887851,1.5094672732032288,12540|12558|15481|19242|20616|20692|52398|56376|74117|77579|170731,Cdc42|Cdh2|Hspa8|Ptn|Snap91|Sparc|Septin11|Pdlim5|Actr3|Myh10|Mfn2,-1.7329052530589169,0,11,0,0,-4.866697435917468,4.76353616416091,
1,-3.905400229530602,GO:0048813,M1,1,0,GO Biological Processes,19,dendrite morphogenesis,19_GO:0032502 developmental process,-3.905400229530602,4.76353616416091,5.2228684829952865,20841,184,214,9,4.205607476635514,1.3720739697915443,12540|15452|16412|17258|18186|19242|56376|74117|170731,Cdc42|Hprt|Itgb1|Mef2a|Nrp1|Ptn|Pdlim5|Actr3|Mfn2,-1.726976735201213,0,11,0,0,-4.866697435917468,4.76353616416091,
1,-3.7488077291916584,GO:0050808,M1,1,0,GO Biological Processes,19,synapse organization,19_GO:0009987 cellular process,-3.7488077291916584,2.975188914479319,4.511333032629541,20841,491,214,15,7.009345794392523,1.7452253301934944,12540|12558|12826|15481|18186|19242|20616|20692|52398|53378|56376|74117|77579|109711|170731,Cdc42|Cdh2|Col4a1|Hspa8|Nrp1|Ptn|Snap91|Sparc|Septin11|Sdcbp|Pdlim5|Actr3|Myh10|Actn1|Mfn2,-1.6467725807257243,0,11,0,0,-4.866697435917468,4.76353616416091,
1,-3.7093446231350624,GO:0022604,M1,1,0,GO Biological Processes,19,regulation of cell morphogenesis,19_GO:0032502 developmental process,-3.7093446231350624,3.4781375166889186,4.664476013775007,20841,336,214,12,5.607476635514018,1.572699134284521,12540|17698|18186|19242|19684|20692|23837|68585|74117|77579|170731|218952,Cdc42|Msn|Nrp1|Ptn|Rdx|Sparc|Cfdp1|Rtn4|Actr3|Myh10|Mfn2|Fermt2,-1.6196212886724404,0,11,0,0,-4.866697435917468,4.76353616416091,
1,-3.430548551975731,GO:0061564,M1,1,0,GO Biological Processes,19,axon development,19_GO:0032502 developmental process,-3.430548551975731,2.7772200703599728,4.204974607519562,20841,526,214,15,7.009345794392523,1.7452253301934944,12552|12558|16412|16573|18028|18186|19242|19716|20616|21974|22223|68585|68810|74117|77579,Cdh11|Cdh2|Itgb1|Kif5b|Nfib|Nrp1|Ptn|Bex1|Snap91|Top2b|Uchl1|Rtn4|Nexn|Actr3|Myh10,-1.4604010000734244,0,11,0,0,-4.866697435917468,4.76353616416091,
1,-3.2296592074385004,GO:0010975,M1,1,0,GO Biological Processes,19,regulation of neuron projection development,19_GO:0032502 developmental process,-3.2296592074385004,2.6560322854715377,4.009000666075644,20841,550,214,15,7.009345794392523,1.7452253301934944,12558|14828|15507|16412|18186|19242|19317|20616|22240|56376|64294|68585|74117|170731|234593,Cdh2|Hspa5|Hspb1|Itgb1|Nrp1|Ptn|Qk|Snap91|Dpysl3|Pdlim5|Itm2c|Rtn4|Actr3|Mfn2|Ndrg4,-1.305424065179701,0,11,0,0,-4.866697435917468,4.76353616416091,
1,-4.800382600245346,GO:0007006,M1,1,0,GO Biological Processes,19,mitochondrial membrane organization,19_GO:0009987 cellular process,-4.800382600245346,7.213914849428868,6.594529438573312,20841,108,214,8,3.7383177570093458,1.2967550371581962,11739|11740|12313|15525|22334|66075|170731|223696,Slc25a4|Slc25a5|Calm1|Hspa4|Vdac2|Chchd3|Mfn2|Tomm22,-2.206985757945139,0,12,1,1,-4.800382600245346,48.693925233644855,
1,-4.680461450190691,GO:1901526,M1,1,0,GO Biological Processes,19,positive regulation of mitophagy,19_GO:0048518 positive regulation of biological process,-4.680461450190691,48.693925233644855,11.900895700360996,20841,6,214,3,1.4018691588785046,0.8036763621569859,11739|11740|22333,Slc25a4|Slc25a5|Vdac1,-2.1502575525504253,0,12,0,0,-4.800382600245346,48.693925233644855,
1,-4.673616528242877,GO:0007005,M1,1,0,GO Biological Processes,19,mitochondrion organization,19_GO:0009987 cellular process,-4.673616528242877,3.2590422400470973,5.2504096207002755,20841,508,214,17,7.94392523364486,1.848574312040046,11739|11740|12313|15525|17258|22333|22334|57320|66075|66218|66734|68194|68198|68375|70186|170731|223696,Slc25a4|Slc25a5|Calm1|Hspa4|Mef2a|Vdac1|Vdac2|Park7|Chchd3|Ndufb9|Map1lc3a|Ndufb4|Ndufb2|Ndufa8|Fam162a|Mfn2|Tomm22,-2.1502575525504253,0,12,0,0,-4.800382600245346,48.693925233644855,
1,-3.915524861981914,GO:1903599,M1,1,0,GO Biological Processes,19,positive regulation of autophagy of mitochondrion,19_GO:0048518 positive regulation of biological process,-3.915524861981914,29.216355140186913,9.090411919027657,20841,10,214,3,1.4018691588785046,0.8036763621569859,11739|11740|22333,Slc25a4|Slc25a5|Vdac1,-1.7329052530589169,0,12,0,0,-4.800382600245346,48.693925233644855,
1,-3.658881247266313,GO:1901524,M1,1,0,GO Biological Processes,19,regulation of mitophagy,19_GO:0008152 metabolic process,-3.658881247266313,24.346962616822427,8.2399487523931,20841,12,214,3,1.4018691588785046,0.8036763621569859,11739|11740|22333,Slc25a4|Slc25a5|Vdac1,-1.5937581821331497,0,12,0,0,-4.800382600245346,48.693925233644855,
1,-3.5628573891570077,GO:0000423,M1,1,0,GO Biological Processes,19,mitophagy,19_GO:0008152 metabolic process,-3.5628573891570077,12.566174253843833,6.564055546974937,20841,31,214,4,1.8691588785046729,0.9258038511128556,11739|11740|22333|170731,Slc25a4|Slc25a5|Vdac1|Mfn2,-1.549244143473611,0,12,0,0,-4.800382600245346,48.693925233644855,
1,-3.5575434740861374,GO:1990845,M1,1,0,GO Biological Processes,19,adaptive thermogenesis,19_GO:0008152 metabolic process,-3.5575434740861374,4.809276566285911,4.957616806357716,20841,162,214,8,3.7383177570093458,1.2967550371581962,11363|11739|11740|14683|16775|51810|66834|170731,Acadl|Slc25a4|Slc25a5|Gnas|Lama4|Hnrnpu|Acot13|Mfn2,-1.546778071275567,0,12,0,0,-4.800382600245346,48.693925233644855,
1,-3.4621335491949154,GO:0006839,M1,1,0,GO Biological Processes,19,mitochondrial transport,19_GO:0051179 localization,-3.4621335491949154,4.1539841431545375,4.6901726401341435,20841,211,214,9,4.205607476635514,1.3720739697915443,11739|11740|11947|15525|16573|22333|22334|170731|223696,Slc25a4|Slc25a5|Atp5b|Hspa4|Kif5b|Vdac1|Vdac2|Mfn2|Tomm22,-1.4841606597806527,0,12,0,0,-4.800382600245346,48.693925233644855,
1,-3.3556245023794635,GO:0010667,M1,1,0,GO Biological Processes,19,negative regulation of cardiac muscle cell apoptotic process,19_GO:0048519 negative regulation of biological process,-3.3556245023794635,11.130040053404539,6.109259844503869,20841,35,214,4,1.8691588785046729,0.9258038511128556,11739|15481|19317|170731,Slc25a4|Hspa8|Qk|Mfn2,-1.4081409351131011,0,12,0,0,-4.800382600245346,48.693925233644855,
1,-3.322377353434308,GO:0010508,M1,1,0,GO Biological Processes,19,positive regulation of autophagy,19_GO:0048518 positive regulation of biological process,-3.322377353434308,5.087425024410657,4.8348312065632815,20841,134,214,7,3.2710280373831777,1.215943884198015,11739|11740|19328|20620|22333|64143|68728,Slc25a4|Slc25a5|Rab12|Plk2|Vdac1|Ralb|Trp53inp2,-1.3893716095365682,0,12,0,0,-4.800382600245346,48.693925233644855,
1,-3.2169219719458595,GO:0010664,M1,1,0,GO Biological Processes,19,negative regulation of striated muscle cell apoptotic process,19_GO:0048519 negative regulation of biological process,-3.2169219719458595,10.251352680767338,5.813956270943437,20841,38,214,4,1.8691588785046729,0.9258038511128556,11739|15481|19317|170731,Slc25a4|Hspa8|Qk|Mfn2,-1.2979269424909345,0,12,0,0,-4.800382600245346,48.693925233644855,
1,-3.202455453584962,GO:0016239,M1,1,0,GO Biological Processes,19,positive regulation of macroautophagy,19_GO:0048518 positive regulation of biological process,-3.202455453584962,7.267750034872367,5.2339156033214085,20841,67,214,5,2.336448598130841,1.0326127549515722,11739|11740|19328|22333|64143,Slc25a4|Slc25a5|Rab12|Vdac1|Ralb,-1.2880319872045205,0,12,0,0,-4.800382600245346,48.693925233644855,
1,-3.1434397357243595,GO:1903008,M1,1,0,GO Biological Processes,19,organelle disassembly,19_GO:0009987 cellular process,-3.1434397357243595,5.61852983465133,4.809336544707136,20841,104,214,6,2.803738317757009,1.1284612035642736,11739|11740|16573|22333|66734|170731,Slc25a4|Slc25a5|Kif5b|Vdac1|Map1lc3a|Mfn2,-1.2511789595166791,0,12,0,0,-4.800382600245346,48.693925233644855,
1,-3.005425296099565,GO:0000422,M1,1,0,GO Biological Processes,19,autophagy of mitochondrion,19_GO:0008152 metabolic process,-3.005425296099565,6.580260166708765,4.89802655658921,20841,74,214,5,2.336448598130841,1.0326127549515722,11739|11740|22333|66734|170731,Slc25a4|Slc25a5|Vdac1|Map1lc3a|Mfn2,-1.1464281963199254,0,12,0,0,-4.800382600245346,48.693925233644855,
1,-3.005425296099565,GO:0061726,M1,1,0,GO Biological Processes,19,mitochondrion disassembly,19_GO:0009987 cellular process,-3.005425296099565,6.580260166708765,4.89802655658921,20841,74,214,5,2.336448598130841,1.0326127549515722,11739|11740|22333|66734|170731,Slc25a4|Slc25a5|Vdac1|Map1lc3a|Mfn2,-1.1464281963199254,0,12,0,0,-4.800382600245346,48.693925233644855,
1,-4.775633266072881,GO:0008380,M1,1,0,GO Biological Processes,19,RNA splicing,19_GO:0008152 metabolic process,-4.775633266072881,3.670396374395341,5.47876485382995,20841,398,214,15,7.009345794392523,1.7452253301934944,13204|15481|19317|20384|20901|51810|59013|66395|66587|67040|67332|67678|67760|68045|117198,Dhx15|Hspa8|Qk|Srsf5|Strap|Hnrnpu|Hnrnph1|Ahnak|Fastk|Ddx17|Snrpd3|Lsm3|Slc38a2|Rtraf|Ivns1abp,-2.2012933460555146,0,13,1,1,-4.775633266072881,5.5474092038329585,
1,-4.415821091294873,GO:0043484,M1,1,0,GO Biological Processes,19,regulation of RNA splicing,19_GO:0008152 metabolic process,-4.415821091294873,5.5474092038329585,5.844179192115053,20841,158,214,9,4.205607476635514,1.3720739697915443,15481|19317|20384|51810|59013|66395|66587|67040|67760,Hspa8|Qk|Srsf5|Hnrnpu|Hnrnph1|Ahnak|Fastk|Ddx17|Slc38a2,-2.012755947164958,0,13,0,0,-4.775633266072881,5.5474092038329585,
1,-4.680461450190691,GO:0071107,M1,1,0,GO Biological Processes,19,response to parathyroid hormone,19_GO:0050896 response to stimulus,-4.680461450190691,48.693925233644855,11.900895700360996,20841,6,214,3,1.4018691588785046,0.8036763621569859,12705|14683|18747,Cited1|Gnas|Prkaca,-2.1502575525504253,0,14,1,1,-4.680461450190691,48.693925233644855,
1,-4.584128565484916,GO:0030335,M1,1,0,GO Biological Processes,19,positive regulation of cell migration,19_GO:0040011 locomotion,-4.584128565484916,3.0754058042302015,5.1172964604058695,20841,570,214,18,8.411214953271028,1.8973332962578442,11475|11947|12562|14456|14828|15507|16412|16777|18186|19242|19684|20620|20692|53378|68585|74117|76707|218952,Acta2|Atp5b|Cdh5|Gas6|Hspa5|Hspb1|Itgb1|Lamb1|Nrp1|Ptn|Rdx|Plk2|Sparc|Sdcbp|Rtn4|Actr3|Clasp1|Fermt2,-2.1129476014575364,0,15,1,1,-4.584128565484916,5.497701236056678,
1,-4.332087034225569,GO:2000147,M1,1,0,GO Biological Processes,19,positive regulation of cell motility,19_GO:0040011 locomotion,-4.332087034225569,2.9412438060590853,4.897585562946014,20841,596,214,18,8.411214953271028,1.8973332962578442,11475|11947|12562|14456|14828|15507|16412|16777|18186|19242|19684|20620|20692|53378|68585|74117|76707|218952,Acta2|Atp5b|Cdh5|Gas6|Hspa5|Hspb1|Itgb1|Lamb1|Nrp1|Ptn|Rdx|Plk2|Sparc|Sdcbp|Rtn4|Actr3|Clasp1|Fermt2,-1.9561741361392682,0,15,0,0,-4.584128565484916,5.497701236056678,
1,-4.275038824296001,GO:0001667,M1,1,0,GO Biological Processes,19,ameboidal-type cell migration,19_GO:0040011 locomotion,-4.275038824296001,3.320040356839422,5.009955397679686,20841,440,214,15,7.009345794392523,1.7452253301934944,11475|11947|12558|12562|14314|15507|16412|18186|20620|20692|50884|68585|74117|76707|94352,Acta2|Atp5b|Cdh2|Cdh5|Fstl1|Hspb1|Itgb1|Nrp1|Plk2|Sparc|Nckap1|Rtn4|Actr3|Clasp1|Loxl2,-1.9146820113797487,0,15,0,0,-4.584128565484916,5.497701236056678,
1,-4.175661974125519,GO:0040017,M1,1,0,GO Biological Processes,19,positive regulation of locomotion,19_GO:0040011 locomotion,-4.175661974125519,2.859675870165114,4.760238696934488,20841,613,214,18,8.411214953271028,1.8973332962578442,11475|11947|12562|14456|14828|15507|16412|16777|18186|19242|19684|20620|20692|53378|68585|74117|76707|218952,Acta2|Atp5b|Cdh5|Gas6|Hspa5|Hspb1|Itgb1|Lamb1|Nrp1|Ptn|Rdx|Plk2|Sparc|Sdcbp|Rtn4|Actr3|Clasp1|Fermt2,-1.8552664038890496,0,15,0,0,-4.584128565484916,5.497701236056678,
1,-4.175661974125519,GO:0051272,M1,1,0,GO Biological Processes,19,positive regulation of cellular component movement,19_GO:0051179 localization,-4.175661974125519,2.859675870165114,4.760238696934488,20841,613,214,18,8.411214953271028,1.8973332962578442,11475|11947|12562|14456|14828|15507|16412|16777|18186|19242|19684|20620|20692|53378|68585|74117|76707|218952,Acta2|Atp5b|Cdh5|Gas6|Hspa5|Hspb1|Itgb1|Lamb1|Nrp1|Ptn|Rdx|Plk2|Sparc|Sdcbp|Rtn4|Actr3|Clasp1|Fermt2,-1.8552664038890496,0,15,0,0,-4.584128565484916,5.497701236056678,
1,-3.96011573629133,GO:0001568,M1,1,0,GO Biological Processes,19,blood vessel development,19_GO:0032502 developmental process,-3.96011573629133,2.57639816051031,4.497059242497048,20841,756,214,20,9.345794392523365,1.9897348323132489,11947|12192|12540|12558|12562|12705|12826|14886|15507|16412|16775|18186|18746|19242|19317|20620|20692|68585|77579|94352,Atp5b|Zfp36l1|Cdc42|Cdh2|Cdh5|Cited1|Col4a1|Gtf2i|Hspb1|Itgb1|Lama4|Nrp1|Pkm|Ptn|Qk|Plk2|Sparc|Rtn4|Myh10|Loxl2,-1.7331418512170962,0,15,0,0,-4.584128565484916,5.497701236056678,
1,-3.7905756233273427,GO:0048514,M1,1,0,GO Biological Processes,19,blood vessel morphogenesis,19_GO:0032502 developmental process,-3.7905756233273427,2.6641053319319377,4.4181312006231765,20841,658,214,18,8.411214953271028,1.8973332962578442,11947|12192|12540|12558|12562|12705|12826|14886|15507|16412|18186|18746|19242|19317|20620|20692|68585|94352,Atp5b|Zfp36l1|Cdc42|Cdh2|Cdh5|Cited1|Col4a1|Gtf2i|Hspb1|Itgb1|Nrp1|Pkm|Ptn|Qk|Plk2|Sparc|Rtn4|Loxl2,-1.6633046514453351,0,15,0,0,-4.584128565484916,5.497701236056678,
1,-3.692089426946132,GO:0001944,M1,1,0,GO Biological Processes,19,vasculature development,19_GO:0032502 developmental process,-3.692089426946132,2.459289153214387,4.264766881532093,20841,792,214,20,9.345794392523365,1.9897348323132489,11947|12192|12540|12558|12562|12705|12826|14886|15507|16412|16775|18186|18746|19242|19317|20620|20692|68585|77579|94352,Atp5b|Zfp36l1|Cdc42|Cdh2|Cdh5|Cited1|Col4a1|Gtf2i|Hspb1|Itgb1|Lama4|Nrp1|Pkm|Ptn|Qk|Plk2|Sparc|Rtn4|Myh10|Loxl2,-1.6139038889737272,0,15,0,0,-4.584128565484916,5.497701236056678,
1,-3.6414773150061124,GO:0060485,M1,1,0,GO Biological Processes,19,mesenchyme development,19_GO:0032502 developmental process,-3.6414773150061124,3.668720394315709,4.677748453469243,20841,292,214,11,5.140186915887851,1.5094672732032288,12192|12558|18186|19052|50884|53378|67040|68585|76707|94352|218952,Zfp36l1|Cdh2|Nrp1|Ppp2ca|Nckap1|Sdcbp|Ddx17|Rtn4|Clasp1|Loxl2|Fermt2,-1.5858995677791798,0,15,0,0,-4.584128565484916,5.497701236056678,
1,-3.5264365517431706,GO:0002040,M1,1,0,GO Biological Processes,19,sprouting angiogenesis,19_GO:0032502 developmental process,-3.5264365517431706,5.497701236056678,5.116532332817106,20841,124,214,7,3.2710280373831777,1.215943884198015,12540|16412|18186|18746|20620|68585|94352,Cdc42|Itgb1|Nrp1|Pkm|Plk2|Rtn4|Loxl2,-1.5296191826024332,0,15,0,0,-4.584128565484916,5.497701236056678,
1,-3.4920923130793895,GO:0010631,M1,1,0,GO Biological Processes,19,epithelial cell migration,19_GO:0040011 locomotion,-3.4920923130793895,3.523902484013773,4.5152164156753285,20841,304,214,11,5.140186915887851,1.5094672732032288,11947|12562|14314|15507|16412|18186|20620|20692|68585|76707|94352,Atp5b|Cdh5|Fstl1|Hspb1|Itgb1|Nrp1|Plk2|Sparc|Rtn4|Clasp1|Loxl2,-1.5030710527241276,0,15,0,0,-4.584128565484916,5.497701236056678,
1,-3.467957634013023,GO:0090132,M1,1,0,GO Biological Processes,19,epithelium migration,19_GO:0032501 multicellular organismal process,-3.467957634013023,3.500870441634598,4.488924106262872,20841,306,214,11,5.140186915887851,1.5094672732032288,11947|12562|14314|15507|16412|18186|20620|20692|68585|76707|94352,Atp5b|Cdh5|Fstl1|Hspb1|Itgb1|Nrp1|Plk2|Sparc|Rtn4|Clasp1|Loxl2,-1.4873446484325519,0,15,0,0,-4.584128565484916,5.497701236056678,
1,-3.444033141819422,GO:0090130,M1,1,0,GO Biological Processes,19,tissue migration,19_GO:0032501 multicellular organismal process,-3.444033141819422,3.4781375166889186,4.462849761909623,20841,308,214,11,5.140186915887851,1.5094672732032288,11947|12562|14314|15507|16412|18186|20620|20692|68585|76707|94352,Atp5b|Cdh5|Fstl1|Hspb1|Itgb1|Nrp1|Plk2|Sparc|Rtn4|Clasp1|Loxl2,-1.4712927793388362,0,15,0,0,-4.584128565484916,5.497701236056678,
1,-3.3444073901900526,GO:0043542,M1,1,0,GO Biological Processes,19,endothelial cell migration,19_GO:0040011 locomotion,-3.3444073901900526,4.002240430162591,4.549250432187004,20841,219,214,9,4.205607476635514,1.3720739697915443,11947|12562|14314|15507|16412|18186|20620|20692|94352,Atp5b|Cdh5|Fstl1|Hspb1|Itgb1|Nrp1|Plk2|Sparc|Loxl2,-1.4018035875417767,0,15,0,0,-4.584128565484916,5.497701236056678,
1,-3.1116862114901656,GO:0048762,M1,1,0,GO Biological Processes,19,mesenchymal cell differentiation,19_GO:0032502 developmental process,-3.1116862114901656,3.7139434500237605,4.270789790451842,20841,236,214,9,4.205607476635514,1.3720739697915443,12558|18186|19052|53378|67040|68585|76707|94352|218952,Cdh2|Nrp1|Ppp2ca|Sdcbp|Ddx17|Rtn4|Clasp1|Loxl2|Fermt2,-1.225859545287895,0,15,0,0,-4.584128565484916,5.497701236056678,
1,-4.446122499789679,GO:0003012,M1,1,0,GO Biological Processes,19,muscle system process,19_GO:0032501 multicellular organismal process,-4.446122499789679,3.437218251786696,5.170603883062093,20841,425,214,15,7.009345794392523,1.7452253301934944,11475|11739|12313|13806|14225|14489|14886|17258|17901|21916|56012|56376|67451|68196|109620,Acta2|Slc25a4|Calm1|Eno1|Fkbp1a|Mtpn|Gtf2i|Mef2a|Myl1|Tmod1|Pgam2|Pdlim5|Pkp2|Hsbp1|Dsp,-2.035995501172277,0,16,1,1,-4.446122499789679,3.437218251786696,
1,-4.379241798307141,GO:1902115,M1,1,0,GO Biological Processes,19,regulation of organelle assembly,19_GO:0050789 regulation of biological process,-4.379241798307141,4.893861832527121,5.62171595189114,20841,199,214,10,4.672897196261682,1.4427610980587438,14086|17698|17758|19684|20620|51810|53378|64143|104625|170731,Fscn1|Msn|Map4|Rdx|Plk2|Hnrnpu|Sdcbp|Ralb|Cnot6|Mfn2,-1.9899649386628588,0,17,1,1,-4.379241798307141,6.670400716937652,
1,-3.967840879746346,GO:0031329,M1,1,0,GO Biological Processes,19,regulation of cellular catabolic process,19_GO:0008152 metabolic process,-3.967840879746346,2.5798106084050256,4.5037002953986285,20841,755,214,20,9.345794392523365,1.9897348323132489,11739|11740|12192|12520|13690|17698|18747|19046|19317|19328|19684|20620|22333|51810|53378|57320|64143|66587|68728|104625,Slc25a4|Slc25a5|Zfp36l1|Cd81|Eif4g2|Msn|Prkaca|Ppp1cb|Qk|Rab12|Rdx|Plk2|Vdac1|Hnrnpu|Sdcbp|Park7|Ralb|Fastk|Trp53inp2|Cnot6,-1.734559967353093,0,17,0,0,-4.379241798307141,6.670400716937652,
1,-3.3232148372906583,GO:0031331,M1,1,0,GO Biological Processes,19,positive regulation of cellular catabolic process,19_GO:0048518 positive regulation of biological process,-3.3232148372906583,2.9789224848818034,4.198320883699116,20841,425,214,13,6.074766355140187,1.6328603554482992,11739|11740|12192|12520|17698|19317|19328|19684|20620|22333|64143|68728|104625,Slc25a4|Slc25a5|Zfp36l1|Cd81|Msn|Qk|Rab12|Rdx|Plk2|Vdac1|Ralb|Trp53inp2|Cnot6,-1.3893716095365682,0,17,0,0,-4.379241798307141,6.670400716937652,
1,-3.0322160772147795,GO:1902117,M1,1,0,GO Biological Processes,19,positive regulation of organelle assembly,19_GO:0048518 positive regulation of biological process,-3.0322160772147795,6.670400716937652,4.943283895845217,20841,73,214,5,2.336448598130841,1.0326127549515722,14086|17698|53378|64143|104625,Fscn1|Msn|Sdcbp|Ralb|Cnot6,-1.161041698884303,0,17,0,0,-4.379241798307141,6.670400716937652,
1,-4.075525732565779,GO:0031647,M1,1,0,GO Biological Processes,19,regulation of protein stability,19_GO:0065007 biological regulation,-4.075525732565779,3.8066912234771224,5.046203438615766,20841,307,214,12,5.607476635514018,1.572699134284521,12520|13135|15481|16783|21376|26554|50884|57320|67693|68585|74996|235323,Cd81|Dad1|Hspa8|Lamp1|Tbrg1|Cul3|Nckap1|Park7|Hypk|Rtn4|Usp47|Usp28,-1.793882751321327,0,18,1,1,-4.075525732565779,3.8066912234771224,
1,-3.915524861981914,GO:0002934,M1,1,0,GO Biological Processes,19,desmosome organization,19_GO:0009987 cellular process,-3.915524861981914,29.216355140186913,9.090411919027657,20841,10,214,3,1.4018691588785046,0.8036763621569859,64058|67451|109620,Perp|Pkp2|Dsp,-1.7329052530589169,0,19,1,1,-3.915524861981914,29.216355140186913,
1,-3.7805218690855034,GO:1902946,M1,1,0,GO Biological Processes,19,protein localization to early endosome,19_GO:0051179 localization,-3.7805218690855034,26.560322854715377,8.636857464739345,20841,11,214,3,1.4018691588785046,0.8036763621569859,17698|18186|19684,Msn|Nrp1|Rdx,-1.660611996849865,0,20,1,1,-3.7805218690855034,26.560322854715377,
1,-3.7695949620080658,GO:0072657,M1,1,0,GO Biological Processes,19,protein localization to membrane,19_GO:0051179 localization,-3.7695949620080658,2.750155245754029,4.438313794630243,20841,602,214,17,7.94392523364486,1.848574312040046,12313|12520|12558|12876|14456|14828|15525|16412|16573|19242|19328|19684|53421|67451|74117|218952|223696,Calm1|Cd81|Cdh2|Cpe|Gas6|Hspa5|Hspa4|Itgb1|Kif5b|Ptn|Rab12|Rdx|Sec61a1|Pkp2|Actr3|Fermt2|Tomm22,-1.6569234986963468,0,21,1,1,-3.7695949620080658,2.750155245754029,
1,-3.6944487781589235,GO:0051668,M1,1,0,GO Biological Processes,19,localization within membrane,19_GO:0051179 localization,-3.6944487781589235,2.616390012554052,4.33169185687195,20841,670,214,18,8.411214953271028,1.8973332962578442,12313|12520|12558|12876|14456|14828|15525|16412|16573|19242|19328|19684|53421|67451|74117|218952|223696|234593,Calm1|Cd81|Cdh2|Cpe|Gas6|Hspa5|Hspa4|Itgb1|Kif5b|Ptn|Rab12|Rdx|Sec61a1|Pkp2|Actr3|Fermt2|Tomm22|Ndrg4,-1.6139038889737272,0,21,0,0,-3.7695949620080658,2.750155245754029,
1,-3.7490539320422416,GO:0051099,M1,1,0,GO Biological Processes,19,positive regulation of binding,19_GO:0065007 biological regulation,-3.7490539320422416,4.54140235339693,5.034457048111387,20841,193,214,9,4.205607476635514,1.3720739697915443,12313|13806|15525|19052|20620|57320|64143|74117|170731,Calm1|Eno1|Hspa4|Ppp2ca|Plk2|Park7|Ralb|Actr3|Mfn2,-1.6467725807257243,0,22,1,1,-3.7490539320422416,4.54140235339693,
1,-3.6867782749165285,GO:0001701,M1,1,0,GO Biological Processes,19,in utero embryonic development,19_GO:0032502 developmental process,-3.6867782749165285,2.8126455008603526,4.404499397076892,20841,554,214,16,7.4766355140186915,1.797926470267284,12190|12192|12705|13135|13806|16412|19182|19672|26554|50884|56449|68585|77579|101314|108098|170731,Brca2|Zfp36l1|Cited1|Dad1|Eno1|Itgb1|Psmc3|Rcn1|Cul3|Nckap1|Ybx3|Rtn4|Myh10|Brk1|Med21|Mfn2,-1.6118953724942093,0,23,1,1,-3.6867782749165285,2.8126455008603526,
1,-3.6418497905338802,GO:0008088,M1,1,0,GO Biological Processes,19,axo-dendritic transport,19_GO:0051179 localization,-3.6418497905338802,6.956275033377837,5.571470089291189,20841,84,214,6,2.803738317757009,1.1284612035642736,15481|15507|16573|22223|51810|68196,Hspa8|Hspb1|Kif5b|Uchl1|Hnrnpu|Hsbp1,-1.5858995677791798,0,24,1,1,-3.6418497905338802,6.956275033377837,
1,-3.4685352064035064,GO:0010970,M1,1,0,GO Biological Processes,19,transport along microtubule,19_GO:0051179 localization,-3.4685352064035064,4.665286249930046,4.843860050392866,20841,167,214,8,3.7383177570093458,1.2967550371581962,12540|15481|15507|16573|16783|22223|51810|68196,Cdc42|Hspa8|Hspb1|Kif5b|Lamp1|Uchl1|Hnrnpu|Hsbp1,-1.4873446484325519,0,24,0,0,-3.6418497905338802,6.956275033377837,
1,-3.4108616736605675,GO:0007018,M1,1,0,GO Biological Processes,19,microtubule-based movement,19_GO:0009987 cellular process,-3.4108616736605675,3.043370327102804,4.287957032643358,20841,416,214,13,6.074766355140187,1.6328603554482992,11747|12540|15481|15507|16211|16573|16783|17758|22223|51810|67068|68196|74117,Anxa5|Cdc42|Hspa8|Hspb1|Kpnb1|Kif5b|Lamp1|Map4|Uchl1|Hnrnpu|Dynlrb1|Hsbp1|Actr3,-1.4509332869399474,0,24,0,0,-3.6418497905338802,6.956275033377837,
1,-3.6193677701764386,GO:0071711,M1,1,0,GO Biological Processes,19,basement membrane organization,19_GO:0009987 cellular process,-3.6193677701764386,12.98504672897196,6.691008692835148,20841,30,214,4,1.8691588785046729,0.9258038511128556,12826|16412|16777|76707,Col4a1|Itgb1|Lamb1|Clasp1,-1.5792469740133313,0,25,1,1,-3.6193677701764386,12.98504672897196,
1,-3.5656634813153887,GO:0051653,M1,1,0,GO Biological Processes,19,spindle localization,19_GO:0051179 localization,-3.5656634813153887,8.695343791722296,5.873334499831793,20841,56,214,5,2.336448598130841,1.0326127549515722,16211|16412|17758|74117|76707,Kpnb1|Itgb1|Map4|Actr3|Clasp1,-1.549244143473611,0,25,0,0,-3.6193677701764386,12.98504672897196,
1,-3.5757523147213663,GO:0006457,M1,1,0,GO Biological Processes,19,protein folding,19_GO:0009987 cellular process,-3.5757523147213663,4.839147849306321,4.980927473009211,20841,161,214,8,3.7383177570093458,1.2967550371581962,12330|14225|14228|14828|15481|15507|27055|68015,Canx|Fkbp1a|Fkbp4|Hspa5|Hspa8|Hspb1|Fkbp9|Trap1,-1.5505571964881546,0,26,1,1,-3.5757523147213663,8.695343791722296,
1,-3.5656634813153887,GO:0061077,M1,1,0,GO Biological Processes,19,chaperone-mediated protein folding,19_GO:0009987 cellular process,-3.5656634813153887,8.695343791722296,5.873334499831793,20841,56,214,5,2.336448598130841,1.0326127549515722,14225|14228|14828|15481|15507,Fkbp1a|Fkbp4|Hspa5|Hspa8|Hspb1,-1.549244143473611,0,26,0,0,-3.5757523147213663,8.695343791722296,
1,-3.563080589543037,GO:0009611,M1,1,0,GO Biological Processes,19,response to wounding,19_GO:0050896 response to stimulus,-3.563080589543037,2.858743164401851,4.333101426488622,20841,511,214,15,7.009345794392523,1.7452253301934944,11475|11747|12192|14456|14683|16412|19242|19716|20384|22240|68585|76707|77579|109620|218952,Acta2|Anxa5|Zfp36l1|Gas6|Gnas|Itgb1|Ptn|Bex1|Srsf5|Dpysl3|Rtn4|Clasp1|Myh10|Dsp|Fermt2,-1.549244143473611,0,27,1,1,-3.563080589543037,2.858743164401851,
1,-3.538641329531882,GO:0030307,M1,1,0,GO Biological Processes,19,positive regulation of cell growth,19_GO:0040007 growth,-3.538641329531882,4.254809000998095,4.78183505684363,20841,206,214,9,4.205607476635514,1.3720739697915443,11739|12520|12540|13690|14489|18186|53378|68585|74996,Slc25a4|Cd81|Cdc42|Eif4g2|Mtpn|Nrp1|Sdcbp|Rtn4|Usp47,-1.5335161940740043,0,28,1,1,-3.538641329531882,4.254809000998095,
1,-3.531695307948861,GO:0006112,M1,1,0,GO Biological Processes,19,energy reserve metabolic process,19_GO:0008152 metabolic process,-3.531695307948861,6.640080713678844,5.40037504624647,20841,88,214,6,2.803738317757009,1.1284612035642736,11364|14683|19046|27357|110078|216558,Acadm|Gnas|Ppp1cb|Gyg|Pygb|Ugp2,-1.5296191826024332,0,29,1,1,-3.531695307948861,6.640080713678844,
1,-3.491702010320447,GO:0032870,M1,1,0,GO Biological Processes,19,cellular response to hormone stimulus,19_GO:0050896 response to stimulus,-3.491702010320447,2.8146777591702232,4.264201136937376,20841,519,214,15,7.009345794392523,1.7452253301934944,11747|12192|14228|14683|18746|18747|19328|19684|22628|51810|57320|67040|69178|77889|170731,Anxa5|Zfp36l1|Fkbp4|Gnas|Pkm|Prkaca|Rab12|Rdx|Ywhag|Hnrnpu|Park7|Ddx17|Snx5|Lbh|Mfn2,-1.5030710527241276,0,30,1,1,-3.491702010320447,2.8146777591702232,
1,-3.327667062479847,GO:0009725,M1,1,0,GO Biological Processes,19,response to hormone,19_GO:0050896 response to stimulus,-3.327667062479847,2.438082487359131,3.9971493917172145,20841,719,214,18,8.411214953271028,1.8973332962578442,11747|12192|12301|12705|14228|14683|18746|18747|19328|19684|20384|22628|51810|57320|67040|69178|77889|170731,Anxa5|Zfp36l1|Cacybp|Cited1|Fkbp4|Gnas|Pkm|Prkaca|Rab12|Rdx|Srsf5|Ywhag|Hnrnpu|Park7|Ddx17|Snx5|Lbh|Mfn2,-1.3898888037208623,0,30,0,0,-3.491702010320447,2.8146777591702232,
1,-3.4108616736605675,GO:0072594,M1,1,0,GO Biological Processes,19,establishment of protein localization to organelle,19_GO:0051179 localization,-3.4108616736605675,3.043370327102804,4.287957032643358,20841,416,214,13,6.074766355140187,1.6328603554482992,12190|12313|14828|15481|15525|16211|16783|19052|53421|56338|70572|170731|223696,Brca2|Calm1|Hspa5|Hspa8|Hspa4|Kpnb1|Lamp1|Ppp2ca|Sec61a1|Txnip|Ipo5|Mfn2|Tomm22,-1.4509332869399474,0,31,1,1,-3.4108616736605675,3.2760438995112753,
1,-3.2267230495441903,GO:0006913,M1,1,0,GO Biological Processes,19,nucleocytoplasmic transport,19_GO:0051179 localization,-3.2267230495441903,3.2760438995112753,4.225392379770641,20841,327,214,11,5.140186915887851,1.5094672732032288,11737|12705|14456|15481|16211|17931|18747|19052|56338|57320|70572,Anp32a|Cited1|Gas6|Hspa8|Kpnb1|Ppp1r12a|Prkaca|Ppp2ca|Txnip|Park7|Ipo5,-1.305424065179701,0,31,0,0,-3.4108616736605675,3.2760438995112753,
1,-3.2267230495441903,GO:0051169,M1,1,0,GO Biological Processes,19,nuclear transport,19_GO:0051179 localization,-3.2267230495441903,3.2760438995112753,4.225392379770641,20841,327,214,11,5.140186915887851,1.5094672732032288,11737|12705|14456|15481|16211|17931|18747|19052|56338|57320|70572,Anp32a|Cited1|Gas6|Hspa8|Kpnb1|Ppp1r12a|Prkaca|Ppp2ca|Txnip|Park7|Ipo5,-1.305424065179701,0,31,0,0,-3.4108616736605675,3.2760438995112753,
1,-3.2047943103724137,GO:0071560,M1,1,0,GO Biological Processes,19,cellular response to transforming growth factor beta stimulus,19_GO:0050896 response to stimulus,-3.2047943103724137,3.8274701057013427,4.382212223124897,20841,229,214,9,4.205607476635514,1.3720739697915443,12192|12562|12705|14828|16412|20901|53378|74117|218952,Zfp36l1|Cdh5|Cited1|Hspa5|Itgb1|Strap|Sdcbp|Actr3|Fermt2,-1.2880910776970735,0,32,1,1,-3.2047943103724137,3.8274701057013427,
1,-3.1379172952097254,GO:0071559,M1,1,0,GO Biological Processes,19,response to transforming growth factor beta,19_GO:0050896 response to stimulus,-3.1379172952097254,3.74568655643422,4.302186272286646,20841,234,214,9,4.205607476635514,1.3720739697915443,12192|12562|12705|14828|16412|20901|53378|74117|218952,Zfp36l1|Cdh5|Cited1|Hspa5|Itgb1|Strap|Sdcbp|Actr3|Fermt2,-1.24808710765925,0,32,0,0,-3.2047943103724137,3.8274701057013427,
1,-3.185261620226543,GO:0006103,M1,1,0,GO Biological Processes,19,2-oxoglutarate metabolic process,19_GO:0008152 metabolic process,-3.185261620226543,17.18609125893348,6.80020613187584,20841,17,214,3,1.4018691588785046,0.8036763621569859,13382|14719|67834,Dld|Got2|Idh3a,-1.284271012759967,0,33,1,1,-3.185261620226543,17.18609125893348,
1,-3.185261620226543,GO:0098760,M1,1,0,GO Biological Processes,19,response to interleukin-7,19_GO:0050896 response to stimulus,-3.185261620226543,17.18609125893348,6.80020613187584,20841,17,214,3,1.4018691588785046,0.8036763621569859,11947|13806|59013,Atp5b|Eno1|Hnrnph1,-1.284271012759967,0,34,1,1,-3.185261620226543,17.18609125893348,
1,-3.185261620226543,GO:0098761,M1,1,0,GO Biological Processes,19,cellular response to interleukin-7,19_GO:0050896 response to stimulus,-3.185261620226543,17.18609125893348,6.80020613187584,20841,17,214,3,1.4018691588785046,0.8036763621569859,11947|13806|59013,Atp5b|Eno1|Hnrnph1,-1.284271012759967,0,34,0,0,-3.185261620226543,17.18609125893348,
