Category,CategoryID,GO,Description,PARENT_GO,LogP,Enrichment,Z-score,#TotalGeneInLibrary,#GeneInGO,#GeneInHitList,#GeneInGOAndHitList,%InGO,STDV %InGO,GeneID,Hits,Log(q-value),GeneList
GO Biological Processes,19,GO:0006091,generation of precursor metabolites and energy,19_GO:0008152 metabolic process,-12,5.7,10,20841,428,214,25,12,2.2,11364|11947|13382|13806|14683|18641|18746|18747|19046|20916|21991|27357|56012|56421|57320|66218|67041|67834|68015|68263|68375|110078|110446|170731|216558,Acadm|Atp5b|Dld|Eno1|Gnas|Pfkl|Pkm|Prkaca|Ppp1cb|Sucla2|Tpi1|Gyg|Pgam2|Pfkp|Park7|Ndufb9|Oxct1|Idh3a|Trap1|Pdhb|Ndufa8|Pygb|Acat1|Mfn2|Ugp2,-7.4,hits
GO Biological Processes,19,GO:0097435,supramolecular fiber organization,19_GO:0009987 cellular process,-10,4,8.5,20841,759,214,31,14,2.4,12343|12540|12562|12632|14086|14228|14489|15481|16211|16412|17258|18186|19684|21916|22240|26554|50884|56431|67451|68178|69675|74117|76707|77579|94352|101314|109620|109711|170731|218952|320878,Capza2|Cdc42|Cdh5|Cfl2|Fscn1|Fkbp4|Mtpn|Hspa8|Kpnb1|Itgb1|Mef2a|Nrp1|Rdx|Tmod1|Dpysl3|Cul3|Nckap1|Dstn|Pkp2|Cgnl1|Pxdn|Actr3|Clasp1|Myh10|Loxl2|Brk1|Dsp|Actn1|Mfn2|Fermt2|Mical2,-6.4,hits
GO Biological Processes,19,GO:0030036,actin cytoskeleton organization,19_GO:0009987 cellular process,-9.4,3.9,8.1,20841,725,214,29,14,2.3,12343|12540|12632|13039|14086|14489|16412|17258|18186|18484|19684|21916|22240|26554|50884|53378|56376|56431|64652|68178|74117|76707|77579|101314|109711|170731|215789|218952|320878,Capza2|Cdc42|Cfl2|Ctsl|Fscn1|Mtpn|Itgb1|Mef2a|Nrp1|Pam|Rdx|Tmod1|Dpysl3|Cul3|Nckap1|Sdcbp|Pdlim5|Dstn|Nisch|Cgnl1|Actr3|Clasp1|Myh10|Brk1|Actn1|Mfn2|Phactr2|Fermt2|Mical2,-5.7,hits
GO Biological Processes,19,GO:0032970,regulation of actin filament-based process,19_GO:0050789 regulation of biological process,-8.7,4.9,8.2,20841,416,214,21,9.8,2,11475|12343|12540|12632|13039|14086|14489|18186|18484|19684|21916|50884|56431|67451|68178|74117|76707|101314|109620|170731|218952,Acta2|Capza2|Cdc42|Cfl2|Ctsl|Fscn1|Mtpn|Nrp1|Pam|Rdx|Tmod1|Nckap1|Dstn|Pkp2|Cgnl1|Actr3|Clasp1|Brk1|Dsp|Mfn2|Fermt2,-5.1,hits
GO Biological Processes,19,GO:0007015,actin filament organization,19_GO:0009987 cellular process,-8,4.5,7.7,20841,454,214,21,9.8,2,12343|12540|12632|14086|14489|16412|18186|19684|21916|22240|26554|50884|56431|68178|74117|76707|77579|101314|109711|218952|320878,Capza2|Cdc42|Cfl2|Fscn1|Mtpn|Itgb1|Nrp1|Rdx|Tmod1|Dpysl3|Cul3|Nckap1|Dstn|Cgnl1|Actr3|Clasp1|Myh10|Brk1|Actn1|Fermt2|Mical2,-4.5,hits
GO Biological Processes,19,GO:0015980,energy derivation by oxidation of organic compounds,19_GO:0008152 metabolic process,-7.7,5.4,7.9,20841,305,214,17,7.9,1.8,11364|11947|13382|14683|18747|19046|20916|27357|57320|66218|67834|68015|68263|68375|110078|170731|216558,Acadm|Atp5b|Dld|Gnas|Prkaca|Ppp1cb|Sucla2|Gyg|Park7|Ndufb9|Idh3a|Trap1|Pdhb|Ndufa8|Pygb|Mfn2|Ugp2,-4.3,hits
GO Biological Processes,19,GO:0034330,cell junction organization,19_GO:0009987 cellular process,-7.6,3.4,7,20841,766,214,27,13,2.3,12540|12552|12558|12562|12826|14086|15481|16412|18186|18747|19242|19684|20616|20692|52398|53378|56376|64058|67451|74117|76707|77579|109620|109711|170731|218952|226519,Cdc42|Cdh11|Cdh2|Cdh5|Col4a1|Fscn1|Hspa8|Itgb1|Nrp1|Prkaca|Ptn|Rdx|Snap91|Sparc|Septin11|Sdcbp|Pdlim5|Perp|Pkp2|Actr3|Clasp1|Myh10|Dsp|Actn1|Mfn2|Fermt2|Lamc1,-4.3,hits
GO Biological Processes,19,GO:0032956,regulation of actin cytoskeleton organization,19_GO:0050789 regulation of biological process,-7.3,4.8,7.4,20841,369,214,18,8.4,1.9,12343|12540|12632|13039|14086|14489|18186|18484|19684|21916|50884|56431|68178|74117|76707|101314|170731|218952,Capza2|Cdc42|Cfl2|Ctsl|Fscn1|Mtpn|Nrp1|Pam|Rdx|Tmod1|Nckap1|Dstn|Cgnl1|Actr3|Clasp1|Brk1|Mfn2|Fermt2,-4,hits
GO Biological Processes,19,GO:0007265,Ras protein signal transduction,19_GO:0023052 signaling,-7.2,5,7.5,20841,330,214,17,7.9,1.8,12540|12558|16211|16412|18186|19328|20163|20620|26554|50884|53378|64143|64652|68585|101314|170731|235323,Cdc42|Cdh2|Kpnb1|Itgb1|Nrp1|Rab12|Rsu1|Plk2|Cul3|Nckap1|Sdcbp|Ralb|Nisch|Rtn4|Brk1|Mfn2|Usp28,-4,hits
GO Biological Processes,19,GO:0007264,small GTPase mediated signal transduction,19_GO:0023052 signaling,-7,4.4,7.1,20841,425,214,19,8.9,1.9,12540|12558|14569|16211|16412|18186|19328|20163|20620|26554|50884|53378|64143|64652|68178|68585|101314|170731|235323,Cdc42|Cdh2|Gdi2|Kpnb1|Itgb1|Nrp1|Rab12|Rsu1|Plk2|Cul3|Nckap1|Sdcbp|Ralb|Nisch|Cgnl1|Rtn4|Brk1|Mfn2|Usp28,-3.8,hits
GO Biological Processes,19,GO:1902903,regulation of supramolecular fiber organization,19_GO:0050789 regulation of biological process,-6.9,4.5,7.1,20841,388,214,18,8.4,1.9,12343|12540|12562|12632|14228|14489|15481|18186|19684|21916|50884|56431|68178|74117|76707|101314|170731|218952,Capza2|Cdc42|Cdh5|Cfl2|Fkbp4|Mtpn|Hspa8|Nrp1|Rdx|Tmod1|Nckap1|Dstn|Cgnl1|Actr3|Clasp1|Brk1|Mfn2|Fermt2,-3.8,hits
GO Biological Processes,19,GO:0051493,regulation of cytoskeleton organization,19_GO:0050789 regulation of biological process,-6.7,3.8,6.7,20841,542,214,21,9.8,2,12343|12540|12562|12632|13039|14086|14228|14489|18186|18484|19684|21916|50884|51810|56431|68178|74117|76707|101314|170731|218952,Capza2|Cdc42|Cdh5|Cfl2|Ctsl|Fscn1|Fkbp4|Mtpn|Nrp1|Pam|Rdx|Tmod1|Nckap1|Hnrnpu|Dstn|Cgnl1|Actr3|Clasp1|Brk1|Mfn2|Fermt2,-3.6,hits
GO Biological Processes,19,GO:0051017,actin filament bundle assembly,19_GO:0009987 cellular process,-6.6,6.7,7.7,20841,175,214,12,5.6,1.6,12540|14086|16412|18186|19684|22240|26554|68178|76707|77579|109711|218952,Cdc42|Fscn1|Itgb1|Nrp1|Rdx|Dpysl3|Cul3|Cgnl1|Clasp1|Myh10|Actn1|Fermt2,-3.5,hits
GO Biological Processes,19,GO:0061061,muscle structure development,19_GO:0032502 developmental process,-6.5,3.3,6.4,20841,704,214,24,11,2.2,11364|11739|12192|12301|12520|12558|12632|14225|16412|17258|19221|19317|21916|22223|51810|53599|56376|56449|67040|67451|71973|77579|109620|170731,Acadm|Slc25a4|Zfp36l1|Cacybp|Cd81|Cdh2|Cfl2|Fkbp1a|Itgb1|Mef2a|Ptgfrn|Qk|Tmod1|Uchl1|Hnrnpu|Cd164|Pdlim5|Ybx3|Ddx17|Pkp2|Rbpms2|Myh10|Dsp|Mfn2,-3.5,hits
GO Biological Processes,19,GO:0061572,actin filament bundle organization,19_GO:0009987 cellular process,-6.5,6.6,7.6,20841,178,214,12,5.6,1.6,12540|14086|16412|18186|19684|22240|26554|68178|76707|77579|109711|218952,Cdc42|Fscn1|Itgb1|Nrp1|Rdx|Dpysl3|Cul3|Cgnl1|Clasp1|Myh10|Actn1|Fermt2,-3.5,hits
GO Biological Processes,19,GO:0051640,organelle localization,19_GO:0051179 localization,-6.5,3.7,6.5,20841,559,214,21,9.8,2,12190|12540|12558|16211|16412|16573|16783|17258|17758|19328|20616|22223|26554|51810|64143|68196|74117|76707|77579|170731|234593,Brca2|Cdc42|Cdh2|Kpnb1|Itgb1|Kif5b|Lamp1|Mef2a|Map4|Rab12|Snap91|Uchl1|Cul3|Hnrnpu|Ralb|Hsbp1|Actr3|Clasp1|Myh10|Mfn2|Ndrg4,-3.5,hits
GO Biological Processes,19,GO:0010638,positive regulation of organelle organization,19_GO:0048518 positive regulation of biological process,-6.4,3.5,6.4,20841,613,214,22,10,2.1,11739|11740|12540|12632|14086|16573|17698|18186|20932|22333|22589|26554|50884|53378|56431|64143|70186|74117|74493|101314|104625|218952,Slc25a4|Slc25a5|Cdc42|Cfl2|Fscn1|Kif5b|Msn|Nrp1|Surf4|Vdac1|Atrx|Cul3|Nckap1|Sdcbp|Dstn|Ralb|Fam162a|Actr3|Tnks2|Brk1|Cnot6|Fermt2,-3.4,hits
GO Biological Processes,19,GO:0051301,cell division,19_GO:0009987 cellular process,-6.3,3.5,6.3,20841,621,214,22,10,2.1,12190|12313|12450|12540|12626|17758|19046|19242|20620|21969|26554|51810|52398|56338|56431|56526|64143|69010|74117|76707|77579|77889,Brca2|Calm1|Ccng1|Cdc42|Cetn3|Map4|Ppp1cb|Ptn|Plk2|Top1|Cul3|Hnrnpu|Septin11|Txnip|Dstn|Septin6|Ralb|Anapc13|Actr3|Clasp1|Myh10|Lbh,-3.4,hits
GO Biological Processes,19,GO:0051129,negative regulation of cellular component organization,19_GO:0048519 negative regulation of biological process,-6.3,3.1,6.1,20841,782,214,25,12,2.2,11740|12343|12540|12562|14228|14489|15481|16412|17758|18186|19242|19684|21916|22240|22334|22589|51810|53378|64294|68178|68585|74117|74493|76707|170731,Slc25a5|Capza2|Cdc42|Cdh5|Fkbp4|Mtpn|Hspa8|Itgb1|Map4|Nrp1|Ptn|Rdx|Tmod1|Dpysl3|Vdac2|Atrx|Hnrnpu|Sdcbp|Itm2c|Cgnl1|Rtn4|Actr3|Tnks2|Clasp1|Mfn2,-3.4,hits
GO Biological Processes,19,GO:0022411,cellular component disassembly,19_GO:0009987 cellular process,-6,4.1,6.4,20841,401,214,17,7.9,1.8,11739|11740|12343|12632|14086|14489|15481|16573|19684|21916|22333|56431|66734|76707|170731|226519|320878,Slc25a4|Slc25a5|Capza2|Cfl2|Fscn1|Mtpn|Hspa8|Kif5b|Rdx|Tmod1|Vdac1|Dstn|Map1lc3a|Clasp1|Mfn2|Lamc1|Mical2,-3.1,hits
GO Biological Processes,19,GO:2001243,negative regulation of intrinsic apoptotic signaling pathway,19_GO:0048519 negative regulation of biological process,-6,8.7,7.9,20841,101,214,9,4.2,1.4,13806|15507|22334|56449|57320|66073|68015|74996|117198,Eno1|Hspb1|Vdac2|Ybx3|Park7|Txndc12|Trap1|Usp47|Ivns1abp,-3.1,hits
GO Biological Processes,19,GO:0043254,regulation of protein-containing complex assembly,19_GO:0050789 regulation of biological process,-5.9,3.9,6.3,20841,455,214,18,8.4,1.9,12343|12540|12562|14086|14228|14489|17698|19182|19684|20616|21916|22334|50884|57320|64143|74117|101314|218952,Capza2|Cdc42|Cdh5|Fscn1|Fkbp4|Mtpn|Msn|Psmc3|Rdx|Snap91|Tmod1|Vdac2|Nckap1|Park7|Ralb|Actr3|Brk1|Fermt2,-3.1,hits
GO Biological Processes,19,GO:0110053,regulation of actin filament organization,19_GO:0050789 regulation of biological process,-5.9,4.9,6.6,20841,280,214,14,6.5,1.7,12343|12540|12632|14489|18186|19684|21916|50884|56431|68178|74117|76707|101314|218952,Capza2|Cdc42|Cfl2|Mtpn|Nrp1|Rdx|Tmod1|Nckap1|Dstn|Cgnl1|Actr3|Clasp1|Brk1|Fermt2,-3.1,hits
GO Biological Processes,19,GO:0031032,actomyosin structure organization,19_GO:0009987 cellular process,-5.7,5.6,6.8,20841,210,214,12,5.6,1.6,12540|12632|16412|17258|18186|21916|26554|68178|76707|77579|170731|218952,Cdc42|Cfl2|Itgb1|Mef2a|Nrp1|Tmod1|Cul3|Cgnl1|Clasp1|Myh10|Mfn2|Fermt2,-2.9,hits
GO Biological Processes,19,GO:0042692,muscle cell differentiation,19_GO:0032502 developmental process,-5.7,3.9,6.1,20841,425,214,17,7.9,1.8,11364|11739|12301|12520|12558|12632|16412|17258|19221|19317|21916|22223|51810|56376|71973|77579|170731,Acadm|Slc25a4|Cacybp|Cd81|Cdh2|Cfl2|Itgb1|Mef2a|Ptgfrn|Qk|Tmod1|Uchl1|Hnrnpu|Pdlim5|Rbpms2|Myh10|Mfn2,-2.9,hits
GO Biological Processes,19,GO:0045216,cell-cell junction organization,19_GO:0009987 cellular process,-5.6,5.4,6.7,20841,215,214,12,5.6,1.6,12540|12552|12558|12562|14086|16412|18747|19684|64058|67451|109620|218952,Cdc42|Cdh11|Cdh2|Cdh5|Fscn1|Itgb1|Prkaca|Rdx|Perp|Pkp2|Dsp|Fermt2,-2.8,hits
GO Biological Processes,19,GO:0046034,ATP metabolic process,19_GO:0008152 metabolic process,-5.5,4.9,6.4,20841,260,214,13,6.1,1.6,11947|13382|13806|15481|18641|18746|21991|56012|56421|57320|66218|68375|228033,Atp5b|Dld|Eno1|Hspa8|Pfkl|Pkm|Tpi1|Pgam2|Pfkp|Park7|Ndufb9|Ndufa8|Atp5g3,-2.7,hits
GO Biological Processes,19,GO:0030042,actin filament depolymerization,19_GO:0009987 cellular process,-5.5,11,8,20841,62,214,7,3.3,1.2,12343|12632|14489|19684|21916|56431|320878,Capza2|Cfl2|Mtpn|Rdx|Tmod1|Dstn|Mical2,-2.7,hits
GO Biological Processes,19,GO:0006090,pyruvate metabolic process,19_GO:0008152 metabolic process,-5.3,7.2,7,20841,121,214,9,4.2,1.4,13382|13806|16832|18641|18746|21991|56012|56421|68263,Dld|Eno1|Ldhb|Pfkl|Pkm|Tpi1|Pgam2|Pfkp|Pdhb,-2.6,hits
GO Biological Processes,19,GO:1903827,regulation of cellular protein localization,19_GO:0051179 localization,-5.2,3.3,5.6,20841,563,214,19,8.9,1.9,12520|12540|12558|14456|16412|16573|17698|18747|19052|19242|19684|57320|64143|68585|68728|70572|74117|94275|218952,Cd81|Cdc42|Cdh2|Gas6|Itgb1|Kif5b|Msn|Prkaca|Ppp2ca|Ptn|Rdx|Park7|Ralb|Rtn4|Trp53inp2|Ipo5|Actr3|Maged1|Fermt2,-2.5,hits
GO Biological Processes,19,GO:0051146,striated muscle cell differentiation,19_GO:0032502 developmental process,-5.2,4.3,6,20841,320,214,14,6.5,1.7,11364|11739|12301|12520|12558|12632|16412|17258|19221|21916|51810|56376|77579|170731,Acadm|Slc25a4|Cacybp|Cd81|Cdh2|Cfl2|Itgb1|Mef2a|Ptgfrn|Tmod1|Hnrnpu|Pdlim5|Myh10|Mfn2,-2.5,hits
GO Biological Processes,19,GO:0051261,protein depolymerization,19_GO:0009987 cellular process,-5.2,6.9,6.8,20841,127,214,9,4.2,1.4,12343|12632|14489|15481|19684|21916|56431|76707|320878,Capza2|Cfl2|Mtpn|Hspa8|Rdx|Tmod1|Dstn|Clasp1|Mical2,-2.5,hits
GO Biological Processes,19,GO:2001234,negative regulation of apoptotic signaling pathway,19_GO:0048519 negative regulation of biological process,-5.1,4.8,6.1,20841,241,214,12,5.6,1.6,11740|13806|15507|18186|22334|56449|57320|66073|68015|74996|117198|170731,Slc25a5|Eno1|Hspb1|Nrp1|Vdac2|Ybx3|Park7|Txndc12|Trap1|Usp47|Ivns1abp|Mfn2,-2.4,hits
GO Biological Processes,19,GO:0032386,regulation of intracellular transport,19_GO:0051179 localization,-5,4.1,5.8,20841,335,214,14,6.5,1.7,12520|12540|14456|16573|16783|17698|17931|18747|19052|19684|57320|70572|74117|234593,Cd81|Cdc42|Gas6|Kif5b|Lamp1|Msn|Ppp1r12a|Prkaca|Ppp2ca|Rdx|Park7|Ipo5|Actr3|Ndrg4,-2.3,hits
GO Biological Processes,19,GO:0010592,positive regulation of lamellipodium assembly,19_GO:0048518 positive regulation of biological process,-5,17,8.7,20841,29,214,5,2.3,1,12540|14086|50884|74117|101314,Cdc42|Fscn1|Nckap1|Actr3|Brk1,-2.3,hits
GO Biological Processes,19,GO:0034332,adherens junction organization,19_GO:0009987 cellular process,-4.9,12,7.7,20841,50,214,6,2.8,1.1,12540|12552|12562|19684|109620|218952,Cdc42|Cdh11|Cdh5|Rdx|Dsp|Fermt2,-2.3,hits
GO Biological Processes,19,GO:0031346,positive regulation of cell projection organization,19_GO:0048518 positive regulation of biological process,-4.9,3.5,5.5,20841,440,214,16,7.5,1.8,12540|14086|14828|15507|16412|18186|19242|19317|20616|22240|50884|68585|74117|101314|170731|234593,Cdc42|Fscn1|Hspa5|Hspb1|Itgb1|Nrp1|Ptn|Qk|Snap91|Dpysl3|Nckap1|Rtn4|Actr3|Brk1|Mfn2|Ndrg4,-2.2,hits
GO Biological Processes,19,GO:0034329,cell junction assembly,19_GO:0009987 cellular process,-4.8,3.5,5.5,20841,442,214,16,7.5,1.8,12540|12552|12558|12562|14086|16412|18186|18747|53378|56376|67451|74117|76707|109711|218952|226519,Cdc42|Cdh11|Cdh2|Cdh5|Fscn1|Itgb1|Nrp1|Prkaca|Sdcbp|Pdlim5|Pkp2|Actr3|Clasp1|Actn1|Fermt2|Lamc1,-2.2,hits
GO Biological Processes,19,GO:0045333,cellular respiration,19_GO:0008152 metabolic process,-4.8,5,6,20841,215,214,11,5.1,1.5,11947|13382|18747|20916|57320|66218|67834|68015|68263|68375|170731,Atp5b|Dld|Prkaca|Sucla2|Park7|Ndufb9|Idh3a|Trap1|Pdhb|Ndufa8|Mfn2,-2.2,hits
GO Biological Processes,19,GO:0007006,mitochondrial membrane organization,19_GO:0009987 cellular process,-4.8,7.2,6.6,20841,108,214,8,3.7,1.3,11739|11740|12313|15525|22334|66075|170731|223696,Slc25a4|Slc25a5|Calm1|Hspa4|Vdac2|Chchd3|Mfn2|Tomm22,-2.2,hits
GO Biological Processes,19,GO:0008380,RNA splicing,19_GO:0008152 metabolic process,-4.8,3.7,5.5,20841,398,214,15,7,1.7,13204|15481|19317|20384|20901|51810|59013|66395|66587|67040|67332|67678|67760|68045|117198,Dhx15|Hspa8|Qk|Srsf5|Strap|Hnrnpu|Hnrnph1|Ahnak|Fastk|Ddx17|Snrpd3|Lsm3|Slc38a2|Rtraf|Ivns1abp,-2.2,hits
GO Biological Processes,19,GO:1902904,negative regulation of supramolecular fiber organization,19_GO:0048519 negative regulation of biological process,-4.8,5.4,6.1,20841,179,214,10,4.7,1.4,12343|12562|14228|14489|15481|19684|21916|68178|76707|170731,Capza2|Cdh5|Fkbp4|Mtpn|Hspa8|Rdx|Tmod1|Cgnl1|Clasp1|Mfn2,-2.2,hits
GO Biological Processes,19,GO:0032984,protein-containing complex disassembly,19_GO:0009987 cellular process,-4.7,4.8,5.9,20841,221,214,11,5.1,1.5,12343|12632|14489|15481|16573|19684|21916|56431|66734|76707|320878,Capza2|Cfl2|Mtpn|Hspa8|Kif5b|Rdx|Tmod1|Dstn|Map1lc3a|Clasp1|Mical2,-2.2,hits
GO Biological Processes,19,GO:0000910,cytokinesis,19_GO:0009987 cellular process,-4.7,5.4,6,20841,182,214,10,4.7,1.4,12190|12313|12540|20620|26554|52398|56431|56526|74117|77579,Brca2|Calm1|Cdc42|Plk2|Cul3|Septin11|Dstn|Septin6|Actr3|Myh10,-2.2,hits
GO Biological Processes,19,GO:0071107,response to parathyroid hormone,19_GO:0050896 response to stimulus,-4.7,49,12,20841,6,214,3,1.4,0.8,12705|14683|18747,Cited1|Gnas|Prkaca,-2.2,hits
GO Biological Processes,19,GO:1901526,positive regulation of mitophagy,19_GO:0048518 positive regulation of biological process,-4.7,49,12,20841,6,214,3,1.4,0.8,11739|11740|22333,Slc25a4|Slc25a5|Vdac1,-2.2,hits
GO Biological Processes,19,GO:0007005,mitochondrion organization,19_GO:0009987 cellular process,-4.7,3.3,5.3,20841,508,214,17,7.9,1.8,11739|11740|12313|15525|17258|22333|22334|57320|66075|66218|66734|68194|68198|68375|70186|170731|223696,Slc25a4|Slc25a5|Calm1|Hspa4|Mef2a|Vdac1|Vdac2|Park7|Chchd3|Ndufb9|Map1lc3a|Ndufb4|Ndufb2|Ndufa8|Fam162a|Mfn2|Tomm22,-2.2,hits
GO Biological Processes,19,GO:0043624,cellular protein complex disassembly,19_GO:0009987 cellular process,-4.6,5.9,6.1,20841,148,214,9,4.2,1.4,12343|12632|14489|15481|19684|21916|56431|76707|320878,Capza2|Cfl2|Mtpn|Hspa8|Rdx|Tmod1|Dstn|Clasp1|Mical2,-2.1,hits
GO Biological Processes,19,GO:0006006,glucose metabolic process,19_GO:0008152 metabolic process,-4.6,4.7,5.8,20841,226,214,11,5.1,1.5,11364|13806|18641|18746|19046|21991|56012|56421|64652|66681|68263,Acadm|Eno1|Pfkl|Pkm|Ppp1cb|Tpi1|Pgam2|Pfkp|Nisch|Pgm2|Pdhb,-2.1,hits
GO Biological Processes,19,GO:0048738,cardiac muscle tissue development,19_GO:0032502 developmental process,-4.6,4.3,5.6,20841,269,214,12,5.6,1.6,11364|11739|12301|12540|14225|16412|17258|51810|56376|67451|77579|109620,Acadm|Slc25a4|Cacybp|Cdc42|Fkbp1a|Itgb1|Mef2a|Hnrnpu|Pdlim5|Pkp2|Myh10|Dsp,-2.1,hits
GO Biological Processes,19,GO:0097190,apoptotic signaling pathway,19_GO:0023052 signaling,-4.6,3,5.1,20841,622,214,19,8.9,1.9,11740|12190|13806|15507|18186|22334|56449|57320|64058|64294|66073|67184|68015|70186|74996|94275|117198|170731|235323,Slc25a5|Brca2|Eno1|Hspb1|Nrp1|Vdac2|Ybx3|Park7|Perp|Itm2c|Txndc12|Ndufa13|Trap1|Fam162a|Usp47|Maged1|Ivns1abp|Mfn2|Usp28,-2.1,hits
GO Biological Processes,19,GO:0120035,regulation of plasma membrane bounded cell projection organization,19_GO:0050789 regulation of biological process,-4.6,2.8,5,20841,738,214,21,9.8,2,12540|12558|14086|14828|15507|16412|17758|18186|19242|19317|19684|20616|22240|50884|56376|64294|68585|74117|101314|170731|234593,Cdc42|Cdh2|Fscn1|Hspa5|Hspb1|Itgb1|Map4|Nrp1|Ptn|Qk|Rdx|Snap91|Dpysl3|Nckap1|Pdlim5|Itm2c|Rtn4|Actr3|Brk1|Mfn2|Ndrg4,-2.1,hits
GO Biological Processes,19,GO:0030335,positive regulation of cell migration,19_GO:0040011 locomotion,-4.6,3.1,5.1,20841,570,214,18,8.4,1.9,11475|11947|12562|14456|14828|15507|16412|16777|18186|19242|19684|20620|20692|53378|68585|74117|76707|218952,Acta2|Atp5b|Cdh5|Gas6|Hspa5|Hspb1|Itgb1|Lamb1|Nrp1|Ptn|Rdx|Plk2|Sparc|Sdcbp|Rtn4|Actr3|Clasp1|Fermt2,-2.1,hits
GO Biological Processes,19,GO:0051656,establishment of organelle localization,19_GO:0051179 localization,-4.6,3.5,5.3,20841,415,214,15,7,1.7,12190|12540|16211|16412|16573|16783|17758|20616|22223|26554|51810|68196|74117|76707|77579,Brca2|Cdc42|Kpnb1|Itgb1|Kif5b|Lamp1|Map4|Snap91|Uchl1|Cul3|Hnrnpu|Hsbp1|Actr3|Clasp1|Myh10,-2.1,hits
GO Biological Processes,19,GO:0030834,regulation of actin filament depolymerization,19_GO:0050789 regulation of biological process,-4.5,10,7,20841,58,214,6,2.8,1.1,12343|12632|14489|19684|21916|56431,Capza2|Cfl2|Mtpn|Rdx|Tmod1|Dstn,-2.1,hits
GO Biological Processes,19,GO:0032272,negative regulation of protein polymerization,19_GO:0048519 negative regulation of biological process,-4.5,7.9,6.6,20841,86,214,7,3.3,1.2,12343|12562|14228|14489|19684|21916|22334,Capza2|Cdh5|Fkbp4|Mtpn|Rdx|Tmod1|Vdac2,-2.1,hits
GO Biological Processes,19,GO:0010639,negative regulation of organelle organization,19_GO:0048519 negative regulation of biological process,-4.5,3.7,5.3,20841,370,214,14,6.5,1.7,11740|12343|12562|14228|14489|17758|19684|21916|22589|51810|68178|74493|76707|170731,Slc25a5|Capza2|Cdh5|Fkbp4|Mtpn|Map4|Rdx|Tmod1|Atrx|Hnrnpu|Cgnl1|Tnks2|Clasp1|Mfn2,-2.1,hits
GO Biological Processes,19,GO:0051491,positive regulation of filopodium assembly,19_GO:0048518 positive regulation of biological process,-4.5,14,7.7,20841,36,214,5,2.3,1,12540|14086|18186|22240|74117,Cdc42|Fscn1|Nrp1|Dpysl3|Actr3,-2.1,hits
GO Biological Processes,19,GO:1902745,positive regulation of lamellipodium organization,19_GO:0048518 positive regulation of biological process,-4.5,14,7.7,20841,36,214,5,2.3,1,12540|14086|50884|74117|101314,Cdc42|Fscn1|Nckap1|Actr3|Brk1,-2.1,hits
GO Biological Processes,19,GO:0031344,regulation of cell projection organization,19_GO:0050789 regulation of biological process,-4.5,2.7,4.9,20841,754,214,21,9.8,2,12540|12558|14086|14828|15507|16412|17758|18186|19242|19317|19684|20616|22240|50884|56376|64294|68585|74117|101314|170731|234593,Cdc42|Cdh2|Fscn1|Hspa5|Hspb1|Itgb1|Map4|Nrp1|Ptn|Qk|Rdx|Snap91|Dpysl3|Nckap1|Pdlim5|Itm2c|Rtn4|Actr3|Brk1|Mfn2|Ndrg4,-2,hits
GO Biological Processes,19,GO:0003012,muscle system process,19_GO:0032501 multicellular organismal process,-4.4,3.4,5.2,20841,425,214,15,7,1.7,11475|11739|12313|13806|14225|14489|14886|17258|17901|21916|56012|56376|67451|68196|109620,Acta2|Slc25a4|Calm1|Eno1|Fkbp1a|Mtpn|Gtf2i|Mef2a|Myl1|Tmod1|Pgam2|Pdlim5|Pkp2|Hsbp1|Dsp,-2,hits
GO Biological Processes,19,GO:0043484,regulation of RNA splicing,19_GO:0008152 metabolic process,-4.4,5.5,5.8,20841,158,214,9,4.2,1.4,15481|19317|20384|51810|59013|66395|66587|67040|67760,Hspa8|Qk|Srsf5|Hnrnpu|Hnrnph1|Ahnak|Fastk|Ddx17|Slc38a2,-2,hits
GO Biological Processes,19,GO:0048812,neuron projection morphogenesis,19_GO:0032502 developmental process,-4.4,2.8,4.9,20841,703,214,20,9.3,2,12540|12552|12558|15452|16412|16573|17258|18028|18186|19242|20616|21974|22223|50884|56376|68585|68810|74117|77579|170731,Cdc42|Cdh11|Cdh2|Hprt|Itgb1|Kif5b|Mef2a|Nfib|Nrp1|Ptn|Snap91|Top2b|Uchl1|Nckap1|Pdlim5|Rtn4|Nexn|Actr3|Myh10|Mfn2,-2,hits
GO Biological Processes,19,GO:1902115,regulation of organelle assembly,19_GO:0050789 regulation of biological process,-4.4,4.9,5.6,20841,199,214,10,4.7,1.4,14086|17698|17758|19684|20620|51810|53378|64143|104625|170731,Fscn1|Msn|Map4|Rdx|Plk2|Hnrnpu|Sdcbp|Ralb|Cnot6|Mfn2,-2,hits
GO Biological Processes,19,GO:0048667,cell morphogenesis involved in neuron differentiation,19_GO:0032502 developmental process,-4.4,2.8,4.9,20841,650,214,19,8.9,1.9,12540|12552|12558|15452|16412|16573|17258|18028|18186|19242|20616|21974|22223|56376|68585|68810|74117|77579|170731,Cdc42|Cdh11|Cdh2|Hprt|Itgb1|Kif5b|Mef2a|Nfib|Nrp1|Ptn|Snap91|Top2b|Uchl1|Pdlim5|Rtn4|Nexn|Actr3|Myh10|Mfn2,-2,hits
GO Biological Processes,19,GO:2000147,positive regulation of cell motility,19_GO:0040011 locomotion,-4.3,2.9,4.9,20841,596,214,18,8.4,1.9,11475|11947|12562|14456|14828|15507|16412|16777|18186|19242|19684|20620|20692|53378|68585|74117|76707|218952,Acta2|Atp5b|Cdh5|Gas6|Hspa5|Hspb1|Itgb1|Lamb1|Nrp1|Ptn|Rdx|Plk2|Sparc|Sdcbp|Rtn4|Actr3|Clasp1|Fermt2,-2,hits
GO Biological Processes,19,GO:0001667,ameboidal-type cell migration,19_GO:0040011 locomotion,-4.3,3.3,5,20841,440,214,15,7,1.7,11475|11947|12558|12562|14314|15507|16412|18186|20620|20692|50884|68585|74117|76707|94352,Acta2|Atp5b|Cdh2|Cdh5|Fstl1|Hspb1|Itgb1|Nrp1|Plk2|Sparc|Nckap1|Rtn4|Actr3|Clasp1|Loxl2,-1.9,hits
GO Biological Processes,19,GO:0010591,regulation of lamellipodium assembly,19_GO:0050789 regulation of biological process,-4.3,12,7.2,20841,40,214,5,2.3,1,12540|14086|50884|74117|101314,Cdc42|Fscn1|Nckap1|Actr3|Brk1,-1.9,hits
GO Biological Processes,19,GO:0099173,postsynapse organization,19_GO:0009987 cellular process,-4.3,4.8,5.5,20841,205,214,10,4.7,1.4,12540|12558|15481|18186|19242|56376|74117|77579|109711|170731,Cdc42|Cdh2|Hspa8|Nrp1|Ptn|Pdlim5|Actr3|Myh10|Actn1|Mfn2,-1.9,hits
GO Biological Processes,19,GO:0120039,plasma membrane bounded cell projection morphogenesis,19_GO:0032502 developmental process,-4.3,2.7,4.8,20841,718,214,20,9.3,2,12540|12552|12558|15452|16412|16573|17258|18028|18186|19242|20616|21974|22223|50884|56376|68585|68810|74117|77579|170731,Cdc42|Cdh11|Cdh2|Hprt|Itgb1|Kif5b|Mef2a|Nfib|Nrp1|Ptn|Snap91|Top2b|Uchl1|Nckap1|Pdlim5|Rtn4|Nexn|Actr3|Myh10|Mfn2,-1.9,hits
GO Biological Processes,19,GO:0048858,cell projection morphogenesis,19_GO:0032502 developmental process,-4.2,2.7,4.7,20841,723,214,20,9.3,2,12540|12552|12558|15452|16412|16573|17258|18028|18186|19242|20616|21974|22223|50884|56376|68585|68810|74117|77579|170731,Cdc42|Cdh11|Cdh2|Hprt|Itgb1|Kif5b|Mef2a|Nfib|Nrp1|Ptn|Snap91|Top2b|Uchl1|Nckap1|Pdlim5|Rtn4|Nexn|Actr3|Myh10|Mfn2,-1.9,hits
GO Biological Processes,19,GO:0044089,positive regulation of cellular component biogenesis,19_GO:0048518 positive regulation of biological process,-4.2,3,4.8,20841,555,214,17,7.9,1.8,12540|12562|14086|17698|18186|19182|20616|22240|50884|53378|57320|64143|74117|76707|101314|104625|218952,Cdc42|Cdh5|Fscn1|Msn|Nrp1|Psmc3|Snap91|Dpysl3|Nckap1|Sdcbp|Park7|Ralb|Actr3|Clasp1|Brk1|Cnot6|Fermt2,-1.9,hits
GO Biological Processes,19,GO:1901879,regulation of protein depolymerization,19_GO:0050789 regulation of biological process,-4.2,7,6.1,20841,97,214,7,3.3,1.2,12343|12632|14489|19684|21916|56431|76707,Capza2|Cfl2|Mtpn|Rdx|Tmod1|Dstn|Clasp1,-1.9,hits
GO Biological Processes,19,GO:0040017,positive regulation of locomotion,19_GO:0040011 locomotion,-4.2,2.9,4.8,20841,613,214,18,8.4,1.9,11475|11947|12562|14456|14828|15507|16412|16777|18186|19242|19684|20620|20692|53378|68585|74117|76707|218952,Acta2|Atp5b|Cdh5|Gas6|Hspa5|Hspb1|Itgb1|Lamb1|Nrp1|Ptn|Rdx|Plk2|Sparc|Sdcbp|Rtn4|Actr3|Clasp1|Fermt2,-1.9,hits
GO Biological Processes,19,GO:0051272,positive regulation of cellular component movement,19_GO:0051179 localization,-4.2,2.9,4.8,20841,613,214,18,8.4,1.9,11475|11947|12562|14456|14828|15507|16412|16777|18186|19242|19684|20620|20692|53378|68585|74117|76707|218952,Acta2|Atp5b|Cdh5|Gas6|Hspa5|Hspb1|Itgb1|Lamb1|Nrp1|Ptn|Rdx|Plk2|Sparc|Sdcbp|Rtn4|Actr3|Clasp1|Fermt2,-1.9,hits
GO Biological Processes,19,GO:0009150,purine ribonucleotide metabolic process,19_GO:0008152 metabolic process,-4.1,3.6,5,20841,350,214,13,6.1,1.6,11947|13382|13806|15452|18641|18746|20916|21991|56012|56421|68263|110446|228033,Atp5b|Dld|Eno1|Hprt|Pfkl|Pkm|Sucla2|Tpi1|Pgam2|Pfkp|Pdhb|Acat1|Atp5g3,-1.8,hits
GO Biological Processes,19,GO:2001233,regulation of apoptotic signaling pathway,19_GO:0023052 signaling,-4.1,3.4,4.9,20841,401,214,14,6.5,1.7,11740|13806|15507|18186|22334|56449|57320|64294|66073|68015|74996|94275|117198|170731,Slc25a5|Eno1|Hspb1|Nrp1|Vdac2|Ybx3|Park7|Itm2c|Txndc12|Trap1|Usp47|Maged1|Ivns1abp|Mfn2,-1.8,hits
GO Biological Processes,19,GO:0019318,hexose metabolic process,19_GO:0008152 metabolic process,-4.1,4.2,5.2,20841,257,214,11,5.1,1.5,11364|13806|18641|18746|19046|21991|56012|56421|64652|66681|68263,Acadm|Eno1|Pfkl|Pkm|Ppp1cb|Tpi1|Pgam2|Pfkp|Nisch|Pgm2|Pdhb,-1.8,hits
GO Biological Processes,19,GO:0030239,myofibril assembly,19_GO:0032502 developmental process,-4.1,8.5,6.3,20841,69,214,6,2.8,1.1,12632|16412|17258|21916|77579|170731,Cfl2|Itgb1|Mef2a|Tmod1|Myh10|Mfn2,-1.8,hits
GO Biological Processes,19,GO:0055002,striated muscle cell development,19_GO:0032502 developmental process,-4.1,8.5,6.3,20841,69,214,6,2.8,1.1,12632|16412|17258|21916|77579|170731,Cfl2|Itgb1|Mef2a|Tmod1|Myh10|Mfn2,-1.8,hits
GO Biological Processes,19,GO:0031647,regulation of protein stability,19_GO:0065007 biological regulation,-4.1,3.8,5,20841,307,214,12,5.6,1.6,12520|13135|15481|16783|21376|26554|50884|57320|67693|68585|74996|235323,Cd81|Dad1|Hspa8|Lamp1|Tbrg1|Cul3|Nckap1|Park7|Hypk|Rtn4|Usp47|Usp28,-1.8,hits
GO Biological Processes,19,GO:0097193,intrinsic apoptotic signaling pathway,19_GO:0023052 signaling,-4.1,3.8,5,20841,307,214,12,5.6,1.6,12190|13806|15507|22334|56449|57320|64058|66073|68015|74996|117198|235323,Brca2|Eno1|Hspb1|Vdac2|Ybx3|Park7|Perp|Txndc12|Trap1|Usp47|Ivns1abp|Usp28,-1.8,hits
GO Biological Processes,19,GO:2001242,regulation of intrinsic apoptotic signaling pathway,19_GO:0023052 signaling,-4.1,5,5.4,20841,176,214,9,4.2,1.4,13806|15507|22334|56449|57320|66073|68015|74996|117198,Eno1|Hspb1|Vdac2|Ybx3|Park7|Txndc12|Trap1|Usp47|Ivns1abp,-1.8,hits
GO Biological Processes,19,GO:0055001,muscle cell development,19_GO:0032502 developmental process,-4,4.5,5.2,20841,218,214,10,4.7,1.4,11739|12632|16412|17258|21916|22223|51810|56376|77579|170731,Slc25a4|Cfl2|Itgb1|Mef2a|Tmod1|Uchl1|Hnrnpu|Pdlim5|Myh10|Mfn2,-1.8,hits
GO Biological Processes,19,GO:0055086,nucleobase-containing small molecule metabolic process,19_GO:0008152 metabolic process,-4,3,4.7,20841,516,214,16,7.5,1.8,11947|13382|13806|15452|18641|18746|20916|21991|22240|56012|56421|57320|68263|110446|216558|228033,Atp5b|Dld|Eno1|Hprt|Pfkl|Pkm|Sucla2|Tpi1|Dpysl3|Pgam2|Pfkp|Park7|Pdhb|Acat1|Ugp2|Atp5g3,-1.8,hits
GO Biological Processes,19,GO:0050807,regulation of synapse organization,19_GO:0050789 regulation of biological process,-4,4.1,5.1,20841,263,214,11,5.1,1.5,12540|12558|15481|19242|20616|20692|52398|56376|74117|77579|170731,Cdc42|Cdh2|Hspa8|Ptn|Snap91|Sparc|Septin11|Pdlim5|Actr3|Myh10|Mfn2,-1.8,hits
GO Biological Processes,19,GO:0014706,striated muscle tissue development,19_GO:0032502 developmental process,-4,3.2,4.8,20841,462,214,15,7,1.7,11364|11739|12301|12540|12632|14225|16412|17258|51810|56376|56449|67040|67451|77579|109620,Acadm|Slc25a4|Cacybp|Cdc42|Cfl2|Fkbp1a|Itgb1|Mef2a|Hnrnpu|Pdlim5|Ybx3|Ddx17|Pkp2|Myh10|Dsp,-1.8,hits
GO Biological Processes,19,GO:0032990,cell part morphogenesis,19_GO:0032502 developmental process,-4,2.6,4.6,20841,746,214,20,9.3,2,12540|12552|12558|15452|16412|16573|17258|18028|18186|19242|20616|21974|22223|50884|56376|68585|68810|74117|77579|170731,Cdc42|Cdh11|Cdh2|Hprt|Itgb1|Kif5b|Mef2a|Nfib|Nrp1|Ptn|Snap91|Top2b|Uchl1|Nckap1|Pdlim5|Rtn4|Nexn|Actr3|Myh10|Mfn2,-1.8,hits
GO Biological Processes,19,GO:0051494,negative regulation of cytoskeleton organization,19_GO:0048519 negative regulation of biological process,-4,5,5.4,20841,177,214,9,4.2,1.4,12343|12562|14228|14489|19684|21916|68178|76707|170731,Capza2|Cdh5|Fkbp4|Mtpn|Rdx|Tmod1|Cgnl1|Clasp1|Mfn2,-1.8,hits
GO Biological Processes,19,GO:0008154,actin polymerization or depolymerization,19_GO:0009987 cellular process,-4,4.4,5.2,20841,219,214,10,4.7,1.4,12343|12632|14489|19684|21916|50884|56431|74117|101314|320878,Capza2|Cfl2|Mtpn|Rdx|Tmod1|Nckap1|Dstn|Actr3|Brk1|Mical2,-1.8,hits
GO Biological Processes,19,GO:0031329,regulation of cellular catabolic process,19_GO:0008152 metabolic process,-4,2.6,4.5,20841,755,214,20,9.3,2,11739|11740|12192|12520|13690|17698|18747|19046|19317|19328|19684|20620|22333|51810|53378|57320|64143|66587|68728|104625,Slc25a4|Slc25a5|Zfp36l1|Cd81|Eif4g2|Msn|Prkaca|Ppp1cb|Qk|Rab12|Rdx|Plk2|Vdac1|Hnrnpu|Sdcbp|Park7|Ralb|Fastk|Trp53inp2|Cnot6,-1.7,hits
GO Biological Processes,19,GO:0010976,positive regulation of neuron projection development,19_GO:0048518 positive regulation of biological process,-4,4.4,5.1,20841,223,214,10,4.7,1.4,14828|15507|16412|19242|19317|22240|68585|74117|170731|234593,Hspa5|Hspb1|Itgb1|Ptn|Qk|Dpysl3|Rtn4|Actr3|Mfn2|Ndrg4,-1.7,hits
GO Biological Processes,19,GO:0001568,blood vessel development,19_GO:0032502 developmental process,-4,2.6,4.5,20841,756,214,20,9.3,2,11947|12192|12540|12558|12562|12705|12826|14886|15507|16412|16775|18186|18746|19242|19317|20620|20692|68585|77579|94352,Atp5b|Zfp36l1|Cdc42|Cdh2|Cdh5|Cited1|Col4a1|Gtf2i|Hspb1|Itgb1|Lama4|Nrp1|Pkm|Ptn|Qk|Plk2|Sparc|Rtn4|Myh10|Loxl2,-1.7,hits
GO Biological Processes,19,GO:0016052,carbohydrate catabolic process,19_GO:0008152 metabolic process,-4,5.5,5.5,20841,142,214,8,3.7,1.3,13806|18641|18746|19046|21991|56012|56421|110078,Eno1|Pfkl|Pkm|Ppp1cb|Tpi1|Pgam2|Pfkp|Pygb,-1.7,hits
GO Biological Processes,19,GO:0030032,lamellipodium assembly,19_GO:0009987 cellular process,-3.9,7.9,6.1,20841,74,214,6,2.8,1.1,12540|14086|16412|50884|74117|101314,Cdc42|Fscn1|Itgb1|Nckap1|Actr3|Brk1,-1.7,hits
GO Biological Processes,19,GO:0009259,ribonucleotide metabolic process,19_GO:0008152 metabolic process,-3.9,3.4,4.8,20841,367,214,13,6.1,1.6,11947|13382|13806|15452|18641|18746|20916|21991|56012|56421|68263|110446|228033,Atp5b|Dld|Eno1|Hprt|Pfkl|Pkm|Sucla2|Tpi1|Pgam2|Pfkp|Pdhb|Acat1|Atp5g3,-1.7,hits
GO Biological Processes,19,GO:0019674,NAD metabolic process,19_GO:0008152 metabolic process,-3.9,16,7.4,20841,25,214,4,1.9,0.93,13806|16832|18641|56421,Eno1|Ldhb|Pfkl|Pfkp,-1.7,hits
GO Biological Processes,19,GO:0050803,regulation of synapse structure or activity,19_GO:0065007 biological regulation,-3.9,4,5,20841,271,214,11,5.1,1.5,12540|12558|15481|19242|20616|20692|52398|56376|74117|77579|170731,Cdc42|Cdh2|Hspa8|Ptn|Snap91|Sparc|Septin11|Pdlim5|Actr3|Myh10|Mfn2,-1.7,hits
GO Biological Processes,19,GO:0061621,canonical glycolysis,19_GO:0008152 metabolic process,-3.9,29,9.1,20841,10,214,3,1.4,0.8,13806|18641|56421,Eno1|Pfkl|Pfkp,-1.7,hits
GO Biological Processes,19,GO:0002934,desmosome organization,19_GO:0009987 cellular process,-3.9,29,9.1,20841,10,214,3,1.4,0.8,64058|67451|109620,Perp|Pkp2|Dsp,-1.7,hits
GO Biological Processes,19,GO:0006735,NADH regeneration,19_GO:0008152 metabolic process,-3.9,29,9.1,20841,10,214,3,1.4,0.8,13806|18641|56421,Eno1|Pfkl|Pfkp,-1.7,hits
GO Biological Processes,19,GO:0061718,glucose catabolic process to pyruvate,19_GO:0008152 metabolic process,-3.9,29,9.1,20841,10,214,3,1.4,0.8,13806|18641|56421,Eno1|Pfkl|Pfkp,-1.7,hits
GO Biological Processes,19,GO:1903599,positive regulation of autophagy of mitochondrion,19_GO:0048518 positive regulation of biological process,-3.9,29,9.1,20841,10,214,3,1.4,0.8,11739|11740|22333,Slc25a4|Slc25a5|Vdac1,-1.7,hits
GO Biological Processes,19,GO:0048813,dendrite morphogenesis,19_GO:0032502 developmental process,-3.9,4.8,5.2,20841,184,214,9,4.2,1.4,12540|15452|16412|17258|18186|19242|56376|74117|170731,Cdc42|Hprt|Itgb1|Mef2a|Nrp1|Ptn|Pdlim5|Actr3|Mfn2,-1.7,hits
GO Biological Processes,19,GO:0007163,establishment or maintenance of cell polarity,19_GO:0009987 cellular process,-3.9,4.3,5.1,20841,228,214,10,4.7,1.4,12540|12562|14086|16412|17698|17758|20616|50884|74117|76707,Cdc42|Cdh5|Fscn1|Itgb1|Msn|Map4|Snap91|Nckap1|Actr3|Clasp1,-1.7,hits
GO Biological Processes,19,GO:0005996,monosaccharide metabolic process,19_GO:0008152 metabolic process,-3.9,3.9,4.9,20841,274,214,11,5.1,1.5,11364|13806|18641|18746|19046|21991|56012|56421|64652|66681|68263,Acadm|Eno1|Pfkl|Pkm|Ppp1cb|Tpi1|Pgam2|Pfkp|Nisch|Pgm2|Pdhb,-1.7,hits
GO Biological Processes,19,GO:0035051,cardiocyte differentiation,19_GO:0032502 developmental process,-3.9,4.7,5.2,20841,186,214,9,4.2,1.4,11364|11739|12301|16412|17258|18186|51810|56376|77579,Acadm|Slc25a4|Cacybp|Itgb1|Mef2a|Nrp1|Hnrnpu|Pdlim5|Myh10,-1.7,hits
GO Biological Processes,19,GO:0032388,positive regulation of intracellular transport,19_GO:0051179 localization,-3.9,4.7,5.2,20841,186,214,9,4.2,1.4,12520|12540|14456|16573|17698|18747|19684|70572|74117,Cd81|Cdc42|Gas6|Kif5b|Msn|Prkaca|Rdx|Ipo5|Actr3,-1.7,hits
GO Biological Processes,19,GO:0006163,purine nucleotide metabolic process,19_GO:0008152 metabolic process,-3.9,3.4,4.7,20841,374,214,13,6.1,1.6,11947|13382|13806|15452|18641|18746|20916|21991|56012|56421|68263|110446|228033,Atp5b|Dld|Eno1|Hprt|Pfkl|Pkm|Sucla2|Tpi1|Pgam2|Pfkp|Pdhb|Acat1|Atp5g3,-1.7,hits
GO Biological Processes,19,GO:0007507,heart development,19_GO:0032502 developmental process,-3.9,2.7,4.5,20841,650,214,18,8.4,1.9,11364|11739|12192|12301|12540|12876|14225|16412|17258|18186|50884|51810|56376|67451|68585|77579|109620|234593,Acadm|Slc25a4|Zfp36l1|Cacybp|Cdc42|Cpe|Fkbp1a|Itgb1|Mef2a|Nrp1|Nckap1|Hnrnpu|Pdlim5|Pkp2|Rtn4|Myh10|Dsp|Ndrg4,-1.7,hits
GO Biological Processes,19,GO:1903829,positive regulation of cellular protein localization,19_GO:0051179 localization,-3.8,3.9,4.9,20841,278,214,11,5.1,1.5,12520|16412|16573|17698|19242|19684|57320|68585|70572|74117|218952,Cd81|Itgb1|Kif5b|Msn|Ptn|Rdx|Park7|Rtn4|Ipo5|Actr3|Fermt2,-1.7,hits
GO Biological Processes,19,GO:0055007,cardiac muscle cell differentiation,19_GO:0032502 developmental process,-3.8,5.2,5.3,20841,149,214,8,3.7,1.3,11364|11739|12301|16412|17258|51810|56376|77579,Acadm|Slc25a4|Cacybp|Itgb1|Mef2a|Hnrnpu|Pdlim5|Myh10,-1.7,hits
GO Biological Processes,19,GO:0019693,ribose phosphate metabolic process,19_GO:0008152 metabolic process,-3.8,3.3,4.7,20841,379,214,13,6.1,1.6,11947|13382|13806|15452|18641|18746|20916|21991|56012|56421|68263|110446|228033,Atp5b|Dld|Eno1|Hprt|Pfkl|Pkm|Sucla2|Tpi1|Pgam2|Pfkp|Pdhb|Acat1|Atp5g3,-1.7,hits
GO Biological Processes,19,GO:1902743,regulation of lamellipodium organization,19_GO:0050789 regulation of biological process,-3.8,9.7,6.3,20841,50,214,5,2.3,1,12540|14086|50884|74117|101314,Cdc42|Fscn1|Nckap1|Actr3|Brk1,-1.7,hits
GO Biological Processes,19,GO:0060537,muscle tissue development,19_GO:0032502 developmental process,-3.8,3,4.6,20841,486,214,15,7,1.7,11364|11739|12301|12540|12632|14225|16412|17258|51810|56376|56449|67040|67451|77579|109620,Acadm|Slc25a4|Cacybp|Cdc42|Cfl2|Fkbp1a|Itgb1|Mef2a|Hnrnpu|Pdlim5|Ybx3|Ddx17|Pkp2|Myh10|Dsp,-1.7,hits
GO Biological Processes,19,GO:0032271,regulation of protein polymerization,19_GO:0050789 regulation of biological process,-3.8,4.2,5,20841,234,214,10,4.7,1.4,12343|12562|14228|14489|19684|21916|22334|50884|74117|101314,Capza2|Cdh5|Fkbp4|Mtpn|Rdx|Tmod1|Vdac2|Nckap1|Actr3|Brk1,-1.7,hits
GO Biological Processes,19,GO:0048514,blood vessel morphogenesis,19_GO:0032502 developmental process,-3.8,2.7,4.4,20841,658,214,18,8.4,1.9,11947|12192|12540|12558|12562|12705|12826|14886|15507|16412|18186|18746|19242|19317|20620|20692|68585|94352,Atp5b|Zfp36l1|Cdc42|Cdh2|Cdh5|Cited1|Col4a1|Gtf2i|Hspb1|Itgb1|Nrp1|Pkm|Ptn|Qk|Plk2|Sparc|Rtn4|Loxl2,-1.7,hits
GO Biological Processes,19,GO:0009152,purine ribonucleotide biosynthetic process,19_GO:0008152 metabolic process,-3.8,5.2,5.3,20841,150,214,8,3.7,1.3,11947|13382|13806|15452|18746|68263|110446|228033,Atp5b|Dld|Eno1|Hprt|Pkm|Pdhb|Acat1|Atp5g3,-1.7,hits
GO Biological Processes,19,GO:1902946,protein localization to early endosome,19_GO:0051179 localization,-3.8,27,8.6,20841,11,214,3,1.4,0.8,17698|18186|19684,Msn|Nrp1|Rdx,-1.7,hits
GO Biological Processes,19,GO:0120034,positive regulation of plasma membrane bounded cell projection assembly,19_GO:0048518 positive regulation of biological process,-3.8,6,5.5,20841,113,214,7,3.3,1.2,12540|14086|18186|22240|50884|74117|101314,Cdc42|Fscn1|Nrp1|Dpysl3|Nckap1|Actr3|Brk1,-1.7,hits
GO Biological Processes,19,GO:0072657,protein localization to membrane,19_GO:0051179 localization,-3.8,2.8,4.4,20841,602,214,17,7.9,1.8,12313|12520|12558|12876|14456|14828|15525|16412|16573|19242|19328|19684|53421|67451|74117|218952|223696,Calm1|Cd81|Cdh2|Cpe|Gas6|Hspa5|Hspa4|Itgb1|Kif5b|Ptn|Rab12|Rdx|Sec61a1|Pkp2|Actr3|Fermt2|Tomm22,-1.7,hits
GO Biological Processes,19,GO:0008064,regulation of actin polymerization or depolymerization,19_GO:0050789 regulation of biological process,-3.8,4.6,5.1,20841,192,214,9,4.2,1.4,12343|12632|14489|19684|21916|50884|56431|74117|101314,Capza2|Cfl2|Mtpn|Rdx|Tmod1|Nckap1|Dstn|Actr3|Brk1,-1.7,hits
GO Biological Processes,19,GO:0051099,positive regulation of binding,19_GO:0065007 biological regulation,-3.7,4.5,5,20841,193,214,9,4.2,1.4,12313|13806|15525|19052|20620|57320|64143|74117|170731,Calm1|Eno1|Hspa4|Ppp2ca|Plk2|Park7|Ralb|Actr3|Mfn2,-1.6,hits
GO Biological Processes,19,GO:0050808,synapse organization,19_GO:0009987 cellular process,-3.7,3,4.5,20841,491,214,15,7,1.7,12540|12558|12826|15481|18186|19242|20616|20692|52398|53378|56376|74117|77579|109711|170731,Cdc42|Cdh2|Col4a1|Hspa8|Nrp1|Ptn|Snap91|Sparc|Septin11|Sdcbp|Pdlim5|Actr3|Myh10|Actn1|Mfn2,-1.6,hits
GO Biological Processes,19,GO:0031333,negative regulation of protein-containing complex assembly,19_GO:0048519 negative regulation of biological process,-3.7,5.1,5.2,20841,153,214,8,3.7,1.3,12343|12540|12562|14228|14489|19684|21916|22334,Capza2|Cdc42|Cdh5|Fkbp4|Mtpn|Rdx|Tmod1|Vdac2,-1.6,hits
GO Biological Processes,19,GO:0030832,regulation of actin filament length,19_GO:0050789 regulation of biological process,-3.7,4.5,5,20841,195,214,9,4.2,1.4,12343|12632|14489|19684|21916|50884|56431|74117|101314,Capza2|Cfl2|Mtpn|Rdx|Tmod1|Nckap1|Dstn|Actr3|Brk1,-1.6,hits
GO Biological Processes,19,GO:0022604,regulation of cell morphogenesis,19_GO:0032502 developmental process,-3.7,3.5,4.7,20841,336,214,12,5.6,1.6,12540|17698|18186|19242|19684|20692|23837|68585|74117|77579|170731|218952,Cdc42|Msn|Nrp1|Ptn|Rdx|Sparc|Cfdp1|Rtn4|Actr3|Myh10|Mfn2|Fermt2,-1.6,hits
GO Biological Processes,19,GO:0043149,stress fiber assembly,19_GO:0009987 cellular process,-3.7,5.9,5.4,20841,116,214,7,3.3,1.2,12540|16412|18186|26554|68178|76707|218952,Cdc42|Itgb1|Nrp1|Cul3|Cgnl1|Clasp1|Fermt2,-1.6,hits
GO Biological Processes,19,GO:0030038,contractile actin filament bundle assembly,19_GO:0009987 cellular process,-3.7,5.9,5.4,20841,116,214,7,3.3,1.2,12540|16412|18186|26554|68178|76707|218952,Cdc42|Itgb1|Nrp1|Cul3|Cgnl1|Clasp1|Fermt2,-1.6,hits
GO Biological Processes,19,GO:0051668,localization within membrane,19_GO:0051179 localization,-3.7,2.6,4.3,20841,670,214,18,8.4,1.9,12313|12520|12558|12876|14456|14828|15525|16412|16573|19242|19328|19684|53421|67451|74117|218952|223696|234593,Calm1|Cd81|Cdh2|Cpe|Gas6|Hspa5|Hspa4|Itgb1|Kif5b|Ptn|Rab12|Rdx|Sec61a1|Pkp2|Actr3|Fermt2|Tomm22|Ndrg4,-1.6,hits
GO Biological Processes,19,GO:0001944,vasculature development,19_GO:0032502 developmental process,-3.7,2.5,4.3,20841,792,214,20,9.3,2,11947|12192|12540|12558|12562|12705|12826|14886|15507|16412|16775|18186|18746|19242|19317|20620|20692|68585|77579|94352,Atp5b|Zfp36l1|Cdc42|Cdh2|Cdh5|Cited1|Col4a1|Gtf2i|Hspb1|Itgb1|Lama4|Nrp1|Pkm|Ptn|Qk|Plk2|Sparc|Rtn4|Myh10|Loxl2,-1.6,hits
GO Biological Processes,19,GO:0001701,in utero embryonic development,19_GO:0032502 developmental process,-3.7,2.8,4.4,20841,554,214,16,7.5,1.8,12190|12192|12705|13135|13806|16412|19182|19672|26554|50884|56449|68585|77579|101314|108098|170731,Brca2|Zfp36l1|Cited1|Dad1|Eno1|Itgb1|Psmc3|Rcn1|Cul3|Nckap1|Ybx3|Rtn4|Myh10|Brk1|Med21|Mfn2,-1.6,hits
GO Biological Processes,19,GO:0010927,cellular component assembly involved in morphogenesis,19_GO:0032502 developmental process,-3.7,5.8,5.3,20841,117,214,7,3.3,1.2,12632|16412|17258|21916|76707|77579|170731,Cfl2|Itgb1|Mef2a|Tmod1|Clasp1|Myh10|Mfn2,-1.6,hits
GO Biological Processes,19,GO:0006120,"mitochondrial electron transport, NADH to ubiquinone",19_GO:0008152 metabolic process,-3.7,13,6.8,20841,29,214,4,1.9,0.93,13382|57320|66218|68375,Dld|Park7|Ndufb9|Ndufa8,-1.6,hits
GO Biological Processes,19,GO:1901524,regulation of mitophagy,19_GO:0008152 metabolic process,-3.7,24,8.2,20841,12,214,3,1.4,0.8,11739|11740|22333,Slc25a4|Slc25a5|Vdac1,-1.6,hits
GO Biological Processes,19,GO:0120032,regulation of plasma membrane bounded cell projection assembly,19_GO:0050789 regulation of biological process,-3.6,4.4,4.9,20841,199,214,9,4.2,1.4,12540|14086|17758|18186|19684|22240|50884|74117|101314,Cdc42|Fscn1|Map4|Nrp1|Rdx|Dpysl3|Nckap1|Actr3|Brk1,-1.6,hits
GO Biological Processes,19,GO:0008088,axo-dendritic transport,19_GO:0051179 localization,-3.6,7,5.6,20841,84,214,6,2.8,1.1,15481|15507|16573|22223|51810|68196,Hspa8|Hspb1|Kif5b|Uchl1|Hnrnpu|Hsbp1,-1.6,hits
GO Biological Processes,19,GO:0060485,mesenchyme development,19_GO:0032502 developmental process,-3.6,3.7,4.7,20841,292,214,11,5.1,1.5,12192|12558|18186|19052|50884|53378|67040|68585|76707|94352|218952,Zfp36l1|Cdh2|Nrp1|Ppp2ca|Nckap1|Sdcbp|Ddx17|Rtn4|Clasp1|Loxl2|Fermt2,-1.6,hits
GO Biological Processes,19,GO:0009260,ribonucleotide biosynthetic process,19_GO:0008152 metabolic process,-3.6,4.9,5.1,20841,158,214,8,3.7,1.3,11947|13382|13806|15452|18746|68263|110446|228033,Atp5b|Dld|Eno1|Hprt|Pkm|Pdhb|Acat1|Atp5g3,-1.6,hits
GO Biological Processes,19,GO:0051258,protein polymerization,19_GO:0009987 cellular process,-3.6,3.7,4.7,20841,293,214,11,5.1,1.5,12343|12562|14228|14489|19684|21916|22334|50884|74117|76707|101314,Capza2|Cdh5|Fkbp4|Mtpn|Rdx|Tmod1|Vdac2|Nckap1|Actr3|Clasp1|Brk1,-1.6,hits
GO Biological Processes,19,GO:0072521,purine-containing compound metabolic process,19_GO:0008152 metabolic process,-3.6,3.2,4.5,20841,395,214,13,6.1,1.6,11947|13382|13806|15452|18641|18746|20916|21991|56012|56421|68263|110446|228033,Atp5b|Dld|Eno1|Hprt|Pfkl|Pkm|Sucla2|Tpi1|Pgam2|Pfkp|Pdhb|Acat1|Atp5g3,-1.6,hits
GO Biological Processes,19,GO:0031334,positive regulation of protein-containing complex assembly,19_GO:0048518 positive regulation of biological process,-3.6,4,4.8,20841,246,214,10,4.7,1.4,12562|14086|17698|19182|20616|50884|57320|74117|101314|218952,Cdh5|Fscn1|Msn|Psmc3|Snap91|Nckap1|Park7|Actr3|Brk1|Fermt2,-1.6,hits
GO Biological Processes,19,GO:0071711,basement membrane organization,19_GO:0009987 cellular process,-3.6,13,6.7,20841,30,214,4,1.9,0.93,12826|16412|16777|76707,Col4a1|Itgb1|Lamb1|Clasp1,-1.6,hits
GO Biological Processes,19,GO:0009117,nucleotide metabolic process,19_GO:0008152 metabolic process,-3.6,3,4.4,20841,450,214,14,6.5,1.7,11947|13382|13806|15452|18641|18746|20916|21991|56012|56421|57320|68263|110446|228033,Atp5b|Dld|Eno1|Hprt|Pfkl|Pkm|Sucla2|Tpi1|Pgam2|Pfkp|Park7|Pdhb|Acat1|Atp5g3,-1.6,hits
GO Biological Processes,19,GO:0051489,regulation of filopodium assembly,19_GO:0050789 regulation of biological process,-3.6,8.9,5.9,20841,55,214,5,2.3,1,12540|14086|18186|22240|74117,Cdc42|Fscn1|Nrp1|Dpysl3|Actr3,-1.6,hits
GO Biological Processes,19,GO:0060491,regulation of cell projection assembly,19_GO:0050789 regulation of biological process,-3.6,4.3,4.9,20841,202,214,9,4.2,1.4,12540|14086|17758|18186|19684|22240|50884|74117|101314,Cdc42|Fscn1|Map4|Nrp1|Rdx|Dpysl3|Nckap1|Actr3|Brk1,-1.6,hits
GO Biological Processes,19,GO:0009060,aerobic respiration,19_GO:0008152 metabolic process,-3.6,4.8,5,20841,161,214,8,3.7,1.3,11947|13382|20916|57320|66218|67834|68263|68375,Atp5b|Dld|Sucla2|Park7|Ndufb9|Idh3a|Pdhb|Ndufa8,-1.6,hits
GO Biological Processes,19,GO:0006457,protein folding,19_GO:0009987 cellular process,-3.6,4.8,5,20841,161,214,8,3.7,1.3,12330|14225|14228|14828|15481|15507|27055|68015,Canx|Fkbp1a|Fkbp4|Hspa5|Hspa8|Hspb1|Fkbp9|Trap1,-1.6,hits
GO Biological Processes,19,GO:0051653,spindle localization,19_GO:0051179 localization,-3.6,8.7,5.9,20841,56,214,5,2.3,1,16211|16412|17758|74117|76707,Kpnb1|Itgb1|Map4|Actr3|Clasp1,-1.5,hits
GO Biological Processes,19,GO:0061077,chaperone-mediated protein folding,19_GO:0009987 cellular process,-3.6,8.7,5.9,20841,56,214,5,2.3,1,14225|14228|14828|15481|15507,Fkbp1a|Fkbp4|Hspa5|Hspa8|Hspb1,-1.5,hits
GO Biological Processes,19,GO:0009611,response to wounding,19_GO:0050896 response to stimulus,-3.6,2.9,4.3,20841,511,214,15,7,1.7,11475|11747|12192|14456|14683|16412|19242|19716|20384|22240|68585|76707|77579|109620|218952,Acta2|Anxa5|Zfp36l1|Gas6|Gnas|Itgb1|Ptn|Bex1|Srsf5|Dpysl3|Rtn4|Clasp1|Myh10|Dsp|Fermt2,-1.5,hits
GO Biological Processes,19,GO:0000423,mitophagy,19_GO:0008152 metabolic process,-3.6,13,6.6,20841,31,214,4,1.9,0.93,11739|11740|22333|170731,Slc25a4|Slc25a5|Vdac1|Mfn2,-1.5,hits
GO Biological Processes,19,GO:1990845,adaptive thermogenesis,19_GO:0008152 metabolic process,-3.6,4.8,5,20841,162,214,8,3.7,1.3,11363|11739|11740|14683|16775|51810|66834|170731,Acadl|Slc25a4|Slc25a5|Gnas|Lama4|Hnrnpu|Acot13|Mfn2,-1.5,hits
GO Biological Processes,19,GO:0061620,glycolytic process through glucose-6-phosphate,19_GO:0008152 metabolic process,-3.5,22,7.9,20841,13,214,3,1.4,0.8,13806|18641|56421,Eno1|Pfkl|Pfkp,-1.5,hits
GO Biological Processes,19,GO:0030307,positive regulation of cell growth,19_GO:0040007 growth,-3.5,4.3,4.8,20841,206,214,9,4.2,1.4,11739|12520|12540|13690|14489|18186|53378|68585|74996,Slc25a4|Cd81|Cdc42|Eif4g2|Mtpn|Nrp1|Sdcbp|Rtn4|Usp47,-1.5,hits
GO Biological Processes,19,GO:0006112,energy reserve metabolic process,19_GO:0008152 metabolic process,-3.5,6.6,5.4,20841,88,214,6,2.8,1.1,11364|14683|19046|27357|110078|216558,Acadm|Gnas|Ppp1cb|Gyg|Pygb|Ugp2,-1.5,hits
GO Biological Processes,19,GO:0002040,sprouting angiogenesis,19_GO:0032502 developmental process,-3.5,5.5,5.1,20841,124,214,7,3.3,1.2,12540|16412|18186|18746|20620|68585|94352,Cdc42|Itgb1|Nrp1|Pkm|Plk2|Rtn4|Loxl2,-1.5,hits
GO Biological Processes,19,GO:0006753,nucleoside phosphate metabolic process,19_GO:0008152 metabolic process,-3.5,3,4.3,20841,459,214,14,6.5,1.7,11947|13382|13806|15452|18641|18746|20916|21991|56012|56421|57320|68263|110446|228033,Atp5b|Dld|Eno1|Hprt|Pfkl|Pkm|Sucla2|Tpi1|Pgam2|Pfkp|Park7|Pdhb|Acat1|Atp5g3,-1.5,hits
GO Biological Processes,19,GO:0006734,NADH metabolic process,19_GO:0008152 metabolic process,-3.5,12,6.4,20841,32,214,4,1.9,0.93,13806|18641|56421|67834,Eno1|Pfkl|Pfkp|Idh3a,-1.5,hits
GO Biological Processes,19,GO:0010631,epithelial cell migration,19_GO:0040011 locomotion,-3.5,3.5,4.5,20841,304,214,11,5.1,1.5,11947|12562|14314|15507|16412|18186|20620|20692|68585|76707|94352,Atp5b|Cdh5|Fstl1|Hspb1|Itgb1|Nrp1|Plk2|Sparc|Rtn4|Clasp1|Loxl2,-1.5,hits
GO Biological Processes,19,GO:0032870,cellular response to hormone stimulus,19_GO:0050896 response to stimulus,-3.5,2.8,4.3,20841,519,214,15,7,1.7,11747|12192|14228|14683|18746|18747|19328|19684|22628|51810|57320|67040|69178|77889|170731,Anxa5|Zfp36l1|Fkbp4|Gnas|Pkm|Prkaca|Rab12|Rdx|Ywhag|Hnrnpu|Park7|Ddx17|Snx5|Lbh|Mfn2,-1.5,hits
GO Biological Processes,19,GO:0010970,transport along microtubule,19_GO:0051179 localization,-3.5,4.7,4.8,20841,167,214,8,3.7,1.3,12540|15481|15507|16573|16783|22223|51810|68196,Cdc42|Hspa8|Hspb1|Kif5b|Lamp1|Uchl1|Hnrnpu|Hsbp1,-1.5,hits
GO Biological Processes,19,GO:0046390,ribose phosphate biosynthetic process,19_GO:0008152 metabolic process,-3.5,4.7,4.8,20841,167,214,8,3.7,1.3,11947|13382|13806|15452|18746|68263|110446|228033,Atp5b|Dld|Eno1|Hprt|Pkm|Pdhb|Acat1|Atp5g3,-1.5,hits
GO Biological Processes,19,GO:0090132,epithelium migration,19_GO:0032501 multicellular organismal process,-3.5,3.5,4.5,20841,306,214,11,5.1,1.5,11947|12562|14314|15507|16412|18186|20620|20692|68585|76707|94352,Atp5b|Cdh5|Fstl1|Hspb1|Itgb1|Nrp1|Plk2|Sparc|Rtn4|Clasp1|Loxl2,-1.5,hits
GO Biological Processes,19,GO:0006839,mitochondrial transport,19_GO:0051179 localization,-3.5,4.2,4.7,20841,211,214,9,4.2,1.4,11739|11740|11947|15525|16573|22333|22334|170731|223696,Slc25a4|Slc25a5|Atp5b|Hspa4|Kif5b|Vdac1|Vdac2|Mfn2|Tomm22,-1.5,hits
GO Biological Processes,19,GO:0006164,purine nucleotide biosynthetic process,19_GO:0008152 metabolic process,-3.5,4.6,4.8,20841,168,214,8,3.7,1.3,11947|13382|13806|15452|18746|68263|110446|228033,Atp5b|Dld|Eno1|Hprt|Pkm|Pdhb|Acat1|Atp5g3,-1.5,hits
GO Biological Processes,19,GO:0090130,tissue migration,19_GO:0032501 multicellular organismal process,-3.4,3.5,4.5,20841,308,214,11,5.1,1.5,11947|12562|14314|15507|16412|18186|20620|20692|68585|76707|94352,Atp5b|Cdh5|Fstl1|Hspb1|Itgb1|Nrp1|Plk2|Sparc|Rtn4|Clasp1|Loxl2,-1.5,hits
GO Biological Processes,19,GO:0061564,axon development,19_GO:0032502 developmental process,-3.4,2.8,4.2,20841,526,214,15,7,1.7,12552|12558|16412|16573|18028|18186|19242|19716|20616|21974|22223|68585|68810|74117|77579,Cdh11|Cdh2|Itgb1|Kif5b|Nfib|Nrp1|Ptn|Bex1|Snap91|Top2b|Uchl1|Rtn4|Nexn|Actr3|Myh10,-1.5,hits
GO Biological Processes,19,GO:0097581,lamellipodium organization,19_GO:0009987 cellular process,-3.4,6.4,5.2,20841,92,214,6,2.8,1.1,12540|14086|16412|50884|74117|101314,Cdc42|Fscn1|Itgb1|Nckap1|Actr3|Brk1,-1.5,hits
GO Biological Processes,19,GO:0032787,monocarboxylic acid metabolic process,19_GO:0008152 metabolic process,-3.4,2.6,4.1,20841,646,214,17,7.9,1.8,11363|11364|13244|13382|13806|16832|18484|18641|18746|19317|21991|56012|56421|57320|68263|110446|231086,Acadl|Acadm|Degs1|Dld|Eno1|Ldhb|Pam|Pfkl|Pkm|Qk|Tpi1|Pgam2|Pfkp|Park7|Pdhb|Acat1|Hadhb,-1.5,hits
GO Biological Processes,19,GO:0072594,establishment of protein localization to organelle,19_GO:0051179 localization,-3.4,3,4.3,20841,416,214,13,6.1,1.6,12190|12313|14828|15481|15525|16211|16783|19052|53421|56338|70572|170731|223696,Brca2|Calm1|Hspa5|Hspa8|Hspa4|Kpnb1|Lamp1|Ppp2ca|Sec61a1|Txnip|Ipo5|Mfn2|Tomm22,-1.5,hits
GO Biological Processes,19,GO:0007018,microtubule-based movement,19_GO:0009987 cellular process,-3.4,3,4.3,20841,416,214,13,6.1,1.6,11747|12540|15481|15507|16211|16573|16783|17758|22223|51810|67068|68196|74117,Anxa5|Cdc42|Hspa8|Hspb1|Kpnb1|Kif5b|Lamp1|Map4|Uchl1|Hnrnpu|Dynlrb1|Hsbp1|Actr3,-1.5,hits
GO Biological Processes,19,GO:0006096,glycolytic process,19_GO:0008152 metabolic process,-3.4,6.3,5.2,20841,93,214,6,2.8,1.1,13806|18641|18746|21991|56012|56421,Eno1|Pfkl|Pkm|Tpi1|Pgam2|Pfkp,-1.4,hits
GO Biological Processes,19,GO:0031589,cell-substrate adhesion,19_GO:0022610 biological adhesion,-3.4,3.2,4.3,20841,365,214,12,5.6,1.6,12540|14456|16412|16777|18186|19242|20163|57278|76707|109711|218952|226519,Cdc42|Gas6|Itgb1|Lamb1|Nrp1|Ptn|Rsu1|Bcam|Clasp1|Actn1|Fermt2|Lamc1,-1.4,hits
GO Biological Processes,19,GO:0043244,regulation of protein-containing complex disassembly,19_GO:0050789 regulation of biological process,-3.4,5.2,4.9,20841,131,214,7,3.3,1.2,12343|12632|14489|19684|21916|56431|76707,Capza2|Cfl2|Mtpn|Rdx|Tmod1|Dstn|Clasp1,-1.4,hits
GO Biological Processes,19,GO:0006757,ATP generation from ADP,19_GO:0008152 metabolic process,-3.4,6.2,5.2,20841,94,214,6,2.8,1.1,13806|18641|18746|21991|56012|56421,Eno1|Pfkl|Pkm|Tpi1|Pgam2|Pfkp,-1.4,hits
GO Biological Processes,19,GO:0010667,negative regulation of cardiac muscle cell apoptotic process,19_GO:0048519 negative regulation of biological process,-3.4,11,6.1,20841,35,214,4,1.9,0.93,11739|15481|19317|170731,Slc25a4|Hspa8|Qk|Mfn2,-1.4,hits
GO Biological Processes,19,GO:0072522,purine-containing compound biosynthetic process,19_GO:0008152 metabolic process,-3.3,4.5,4.7,20841,174,214,8,3.7,1.3,11947|13382|13806|15452|18746|68263|110446|228033,Atp5b|Dld|Eno1|Hprt|Pkm|Pdhb|Acat1|Atp5g3,-1.4,hits
GO Biological Processes,19,GO:0043542,endothelial cell migration,19_GO:0040011 locomotion,-3.3,4,4.5,20841,219,214,9,4.2,1.4,11947|12562|14314|15507|16412|18186|20620|20692|94352,Atp5b|Cdh5|Fstl1|Hspb1|Itgb1|Nrp1|Plk2|Sparc|Loxl2,-1.4,hits
GO Biological Processes,19,GO:0007229,integrin-mediated signaling pathway,19_GO:0023052 signaling,-3.3,6.1,5.1,20841,96,214,6,2.8,1.1,12540|16412|18186|19242|26554|218952,Cdc42|Itgb1|Nrp1|Ptn|Cul3|Fermt2,-1.4,hits
GO Biological Processes,19,GO:0009725,response to hormone,19_GO:0050896 response to stimulus,-3.3,2.4,4,20841,719,214,18,8.4,1.9,11747|12192|12301|12705|14228|14683|18746|18747|19328|19684|20384|22628|51810|57320|67040|69178|77889|170731,Anxa5|Zfp36l1|Cacybp|Cited1|Fkbp4|Gnas|Pkm|Prkaca|Rab12|Rdx|Srsf5|Ywhag|Hnrnpu|Park7|Ddx17|Snx5|Lbh|Mfn2,-1.4,hits
GO Biological Processes,19,GO:0031331,positive regulation of cellular catabolic process,19_GO:0048518 positive regulation of biological process,-3.3,3,4.2,20841,425,214,13,6.1,1.6,11739|11740|12192|12520|17698|19317|19328|19684|20620|22333|64143|68728|104625,Slc25a4|Slc25a5|Zfp36l1|Cd81|Msn|Qk|Rab12|Rdx|Plk2|Vdac1|Ralb|Trp53inp2|Cnot6,-1.4,hits
GO Biological Processes,19,GO:0010508,positive regulation of autophagy,19_GO:0048518 positive regulation of biological process,-3.3,5.1,4.8,20841,134,214,7,3.3,1.2,11739|11740|19328|20620|22333|64143|68728,Slc25a4|Slc25a5|Rab12|Plk2|Vdac1|Ralb|Trp53inp2,-1.4,hits
GO Biological Processes,19,GO:0033157,regulation of intracellular protein transport,19_GO:0051179 localization,-3.3,3.9,4.5,20841,224,214,9,4.2,1.4,12520|12540|14456|16573|18747|19052|57320|70572|74117,Cd81|Cdc42|Gas6|Kif5b|Prkaca|Ppp2ca|Park7|Ipo5|Actr3,-1.3,hits
GO Biological Processes,19,GO:0051223,regulation of protein transport,19_GO:0051179 localization,-3.3,2.7,4,20841,547,214,15,7,1.7,11747|12520|12540|14456|16573|18484|18641|18747|19052|20616|57320|67041|70572|74117|77579,Anxa5|Cd81|Cdc42|Gas6|Kif5b|Pam|Pfkl|Prkaca|Ppp2ca|Snap91|Park7|Oxct1|Ipo5|Actr3|Myh10,-1.3,hits
GO Biological Processes,19,GO:0010975,regulation of neuron projection development,19_GO:0032502 developmental process,-3.2,2.7,4,20841,550,214,15,7,1.7,12558|14828|15507|16412|18186|19242|19317|20616|22240|56376|64294|68585|74117|170731|234593,Cdh2|Hspa5|Hspb1|Itgb1|Nrp1|Ptn|Qk|Snap91|Dpysl3|Pdlim5|Itm2c|Rtn4|Actr3|Mfn2|Ndrg4,-1.3,hits
GO Biological Processes,19,GO:0006913,nucleocytoplasmic transport,19_GO:0051179 localization,-3.2,3.3,4.2,20841,327,214,11,5.1,1.5,11737|12705|14456|15481|16211|17931|18747|19052|56338|57320|70572,Anp32a|Cited1|Gas6|Hspa8|Kpnb1|Ppp1r12a|Prkaca|Ppp2ca|Txnip|Park7|Ipo5,-1.3,hits
GO Biological Processes,19,GO:0051169,nuclear transport,19_GO:0051179 localization,-3.2,3.3,4.2,20841,327,214,11,5.1,1.5,11737|12705|14456|15481|16211|17931|18747|19052|56338|57320|70572,Anp32a|Cited1|Gas6|Hspa8|Kpnb1|Ppp1r12a|Prkaca|Ppp2ca|Txnip|Park7|Ipo5,-1.3,hits
GO Biological Processes,19,GO:0010664,negative regulation of striated muscle cell apoptotic process,19_GO:0048519 negative regulation of biological process,-3.2,10,5.8,20841,38,214,4,1.9,0.93,11739|15481|19317|170731,Slc25a4|Hspa8|Qk|Mfn2,-1.3,hits
GO Biological Processes,19,GO:0071560,cellular response to transforming growth factor beta stimulus,19_GO:0050896 response to stimulus,-3.2,3.8,4.4,20841,229,214,9,4.2,1.4,12192|12562|12705|14828|16412|20901|53378|74117|218952,Zfp36l1|Cdh5|Cited1|Hspa5|Itgb1|Strap|Sdcbp|Actr3|Fermt2,-1.3,hits
GO Biological Processes,19,GO:0016239,positive regulation of macroautophagy,19_GO:0048518 positive regulation of biological process,-3.2,7.3,5.2,20841,67,214,5,2.3,1,11739|11740|19328|22333|64143,Slc25a4|Slc25a5|Rab12|Vdac1|Ralb,-1.3,hits
GO Biological Processes,19,GO:0046031,ADP metabolic process,19_GO:0008152 metabolic process,-3.2,5.7,4.9,20841,102,214,6,2.8,1.1,13806|18641|18746|21991|56012|56421,Eno1|Pfkl|Pkm|Tpi1|Pgam2|Pfkp,-1.3,hits
GO Biological Processes,19,GO:0098760,response to interleukin-7,19_GO:0050896 response to stimulus,-3.2,17,6.8,20841,17,214,3,1.4,0.8,11947|13806|59013,Atp5b|Eno1|Hnrnph1,-1.3,hits
GO Biological Processes,19,GO:0006103,2-oxoglutarate metabolic process,19_GO:0008152 metabolic process,-3.2,17,6.8,20841,17,214,3,1.4,0.8,13382|14719|67834,Dld|Got2|Idh3a,-1.3,hits
GO Biological Processes,19,GO:0061615,glycolytic process through fructose-6-phosphate,19_GO:0008152 metabolic process,-3.2,17,6.8,20841,17,214,3,1.4,0.8,13806|18641|56421,Eno1|Pfkl|Pfkp,-1.3,hits
GO Biological Processes,19,GO:0098761,cellular response to interleukin-7,19_GO:0050896 response to stimulus,-3.2,17,6.8,20841,17,214,3,1.4,0.8,11947|13806|59013,Atp5b|Eno1|Hnrnph1,-1.3,hits
GO Biological Processes,19,GO:0006007,glucose catabolic process,19_GO:0008152 metabolic process,-3.2,17,6.8,20841,17,214,3,1.4,0.8,13806|18641|56421,Eno1|Pfkl|Pfkp,-1.3,hits
GO Biological Processes,19,GO:2000249,regulation of actin cytoskeleton reorganization,19_GO:0050789 regulation of biological process,-3.2,10,5.7,20841,39,214,4,1.9,0.93,12540|13039|18186|74117,Cdc42|Ctsl|Nrp1|Actr3,-1.3,hits
GO Biological Processes,19,GO:0051302,regulation of cell division,19_GO:0050789 regulation of biological process,-3.2,4.2,4.4,20841,186,214,8,3.7,1.3,12190|12313|12540|19242|20620|26554|56338|77889,Brca2|Calm1|Cdc42|Ptn|Plk2|Cul3|Txnip|Lbh,-1.3,hits
GO Biological Processes,19,GO:0044282,small molecule catabolic process,19_GO:0008152 metabolic process,-3.2,3.2,4.1,20841,334,214,11,5.1,1.5,11363|11364|13806|14719|18641|21991|56421|57320|67041|110446|231086,Acadl|Acadm|Eno1|Got2|Pfkl|Tpi1|Pfkp|Park7|Oxct1|Acat1|Hadhb,-1.3,hits
GO Biological Processes,19,GO:1903008,organelle disassembly,19_GO:0009987 cellular process,-3.1,5.6,4.8,20841,104,214,6,2.8,1.1,11739|11740|16573|22333|66734|170731,Slc25a4|Slc25a5|Kif5b|Vdac1|Map1lc3a|Mfn2,-1.3,hits
GO Biological Processes,19,GO:0071559,response to transforming growth factor beta,19_GO:0050896 response to stimulus,-3.1,3.7,4.3,20841,234,214,9,4.2,1.4,12192|12562|12705|14828|16412|20901|53378|74117|218952,Zfp36l1|Cdh5|Cited1|Hspa5|Itgb1|Strap|Sdcbp|Actr3|Fermt2,-1.2,hits
GO Biological Processes,19,GO:0090316,positive regulation of intracellular protein transport,19_GO:0051179 localization,-3.1,4.7,4.6,20841,144,214,7,3.3,1.2,12520|12540|14456|16573|18747|70572|74117,Cd81|Cdc42|Gas6|Kif5b|Prkaca|Ipo5|Actr3,-1.2,hits
GO Biological Processes,19,GO:0048762,mesenchymal cell differentiation,19_GO:0032502 developmental process,-3.1,3.7,4.3,20841,236,214,9,4.2,1.4,12558|18186|19052|53378|67040|68585|76707|94352|218952,Cdh2|Nrp1|Ppp2ca|Sdcbp|Ddx17|Rtn4|Clasp1|Loxl2|Fermt2,-1.2,hits
GO Biological Processes,19,GO:1902176,negative regulation of oxidative stress-induced intrinsic apoptotic signaling pathway,19_GO:0048519 negative regulation of biological process,-3.1,16,6.6,20841,18,214,3,1.4,0.8,15507|57320|68015,Hspb1|Park7|Trap1,-1.2,hits
GO Biological Processes,19,GO:0009179,purine ribonucleoside diphosphate metabolic process,19_GO:0008152 metabolic process,-3.1,5.4,4.7,20841,108,214,6,2.8,1.1,13806|18641|18746|21991|56012|56421,Eno1|Pfkl|Pkm|Tpi1|Pgam2|Pfkp,-1.2,hits
GO Biological Processes,19,GO:0006165,nucleoside diphosphate phosphorylation,19_GO:0008152 metabolic process,-3.1,5.4,4.7,20841,108,214,6,2.8,1.1,13806|18641|18746|21991|56012|56421,Eno1|Pfkl|Pkm|Tpi1|Pgam2|Pfkp,-1.2,hits
GO Biological Processes,19,GO:0009135,purine nucleoside diphosphate metabolic process,19_GO:0008152 metabolic process,-3.1,5.4,4.7,20841,108,214,6,2.8,1.1,13806|18641|18746|21991|56012|56421,Eno1|Pfkl|Pkm|Tpi1|Pgam2|Pfkp,-1.2,hits
GO Biological Processes,19,GO:0006085,acetyl-CoA biosynthetic process,19_GO:0008152 metabolic process,-3,15,6.4,20841,19,214,3,1.4,0.8,13382|68263|110446,Dld|Pdhb|Acat1,-1.2,hits
GO Biological Processes,19,GO:1902117,positive regulation of organelle assembly,19_GO:0048518 positive regulation of biological process,-3,6.7,4.9,20841,73,214,5,2.3,1,14086|17698|53378|64143|104625,Fscn1|Msn|Sdcbp|Ralb|Cnot6,-1.2,hits
GO Biological Processes,19,GO:0046847,filopodium assembly,19_GO:0009987 cellular process,-3,6.7,4.9,20841,73,214,5,2.3,1,12540|14086|18186|22240|74117,Cdc42|Fscn1|Nrp1|Dpysl3|Actr3,-1.2,hits
GO Biological Processes,19,GO:1903047,mitotic cell cycle process,19_GO:0009987 cellular process,-3,2.4,3.7,20841,700,214,17,7.9,1.8,12190|12192|12313|12450|12453|12540|16211|16412|17758|19684|20620|22589|26554|51810|74996|76707|77579,Brca2|Zfp36l1|Calm1|Ccng1|Ccni|Cdc42|Kpnb1|Itgb1|Map4|Rdx|Plk2|Atrx|Cul3|Hnrnpu|Usp47|Clasp1|Myh10,-1.2,hits
GO Biological Processes,19,GO:0070201,regulation of establishment of protein localization,19_GO:0051179 localization,-3,2.5,3.8,20841,577,214,15,7,1.7,11747|12520|12540|14456|16573|18484|18641|18747|19052|20616|57320|67041|70572|74117|77579,Anxa5|Cd81|Cdc42|Gas6|Kif5b|Pam|Pfkl|Prkaca|Ppp2ca|Snap91|Park7|Oxct1|Ipo5|Actr3|Myh10,-1.2,hits
GO Biological Processes,19,GO:0110020,regulation of actomyosin structure organization,19_GO:0050789 regulation of biological process,-3,5.3,4.6,20841,110,214,6,2.8,1.1,12540|18186|68178|76707|170731|218952,Cdc42|Nrp1|Cgnl1|Clasp1|Mfn2|Fermt2,-1.2,hits
GO Biological Processes,19,GO:0051693,actin filament capping,19_GO:0048519 negative regulation of biological process,-3,9.1,5.4,20841,43,214,4,1.9,0.93,12343|14489|19684|21916,Capza2|Mtpn|Rdx|Tmod1,-1.1,hits
GO Biological Processes,19,GO:0000422,autophagy of mitochondrion,19_GO:0008152 metabolic process,-3,6.6,4.9,20841,74,214,5,2.3,1,11739|11740|22333|66734|170731,Slc25a4|Slc25a5|Vdac1|Map1lc3a|Mfn2,-1.1,hits
GO Biological Processes,19,GO:0061726,mitochondrion disassembly,19_GO:0009987 cellular process,-3,6.6,4.9,20841,74,214,5,2.3,1,11739|11740|22333|66734|170731,Slc25a4|Slc25a5|Vdac1|Map1lc3a|Mfn2,-1.1,hits
