_MEMBER_hits,_LogP_hits,GO,Description,_PATTERN_,_RANK_,CHILD_GO_hits
1,-11.599436280246707,GO:0008152,metabolic process,M1,1,GO:0006091 generation of precursor metabolites and energy
1,-10.26512607121462,GO:0009987,cellular process,M1,1,GO:0097435 supramolecular fiber organization
1,-8.657355121552174,GO:0050789,regulation of biological process,M1,1,GO:0032970 regulation of actin filament-based process
1,-7.226244031714181,GO:0023052,signaling,M1,1,GO:0007265 Ras protein signal transduction
1,-6.548521700208024,GO:0032502,developmental process,M1,1,GO:0061061 muscle structure development
1,-6.462930807844237,GO:0051179,localization,M1,1,GO:0051640 organelle localization
1,-6.411781620079387,GO:0048518,positive regulation of biological process,M1,1,GO:0010638 positive regulation of organelle organization
1,-6.285177690873409,GO:0048519,negative regulation of biological process,M1,1,GO:0051129 negative regulation of cellular component organization
1,-4.680461450190691,GO:0050896,response to stimulus,M1,1,GO:0071107 response to parathyroid hormone
1,-4.584128565484916,GO:0040011,locomotion,M1,1,GO:0030335 positive regulation of cell migration
1,-4.446122499789679,GO:0032501,multicellular organismal process,M1,1,GO:0003012 muscle system process
1,-4.075525732565779,GO:0065007,biological regulation,M1,1,GO:0031647 regulation of protein stability
1,-3.538641329531882,GO:0040007,growth,M1,1,GO:0030307 positive regulation of cell growth
1,-3.3833304216095827,GO:0022610,biological adhesion,M1,1,GO:0031589 cell-substrate adhesion
