_MEMBER_hits,_LogP_hits,GO,Description,_PATTERN_,_RANK_,GiniIndex
1,-3.7,GO:0010927,cellular component assembly involved in morphogenesis,M1,1,0
1,-5.1,GO:2001234,negative regulation of apoptotic signaling pathway,M1,1,0
1,-3.4,GO:0007018,microtubule-based movement,M1,1,0
1,-6,GO:2001243,negative regulation of intrinsic apoptotic signaling pathway,M1,1,0
1,-4.6,GO:0048738,cardiac muscle tissue development,M1,1,0
1,-7.3,GO:0032956,regulation of actin cytoskeleton organization,M1,1,0
1,-3.5,GO:0061620,glycolytic process through glucose-6-phosphate,M1,1,0
1,-3.1,GO:0090316,positive regulation of intracellular protein transport,M1,1,0
1,-4.2,GO:0051272,positive regulation of cellular component movement,M1,1,0
1,-3.8,GO:0019693,ribose phosphate metabolic process,M1,1,0
1,-5.7,GO:0031032,actomyosin structure organization,M1,1,0
1,-3.5,GO:0006112,energy reserve metabolic process,M1,1,0
1,-4.3,GO:0010591,regulation of lamellipodium assembly,M1,1,0
1,-3.5,GO:0010631,epithelial cell migration,M1,1,0
1,-3.2,GO:0010975,regulation of neuron projection development,M1,1,0
1,-4.1,GO:2001233,regulation of apoptotic signaling pathway,M1,1,0
1,-4,GO:0010976,positive regulation of neuron projection development,M1,1,0
1,-3.2,GO:0016239,positive regulation of macroautophagy,M1,1,0
1,-3.2,GO:0010664,negative regulation of striated muscle cell apoptotic process,M1,1,0
1,-5.7,GO:0042692,muscle cell differentiation,M1,1,0
1,-3.1,GO:1902176,negative regulation of oxidative stress-induced intrinsic apoptotic signaling pathway,M1,1,0
1,-3,GO:0070201,regulation of establishment of protein localization,M1,1,0
1,-3.4,GO:0006096,glycolytic process,M1,1,0
1,-3.9,GO:0019674,NAD metabolic process,M1,1,0
1,-5.2,GO:0051146,striated muscle cell differentiation,M1,1,0
1,-3.6,GO:0060491,regulation of cell projection assembly,M1,1,0
1,-3.5,GO:0010970,transport along microtubule,M1,1,0
1,-3.5,GO:0006839,mitochondrial transport,M1,1,0
1,-4.8,GO:0007006,mitochondrial membrane organization,M1,1,0
1,-3.1,GO:0009135,purine nucleoside diphosphate metabolic process,M1,1,0
1,-8,GO:0007015,actin filament organization,M1,1,0
1,-4.8,GO:0008380,RNA splicing,M1,1,0
1,-4.1,GO:0031647,regulation of protein stability,M1,1,0
1,-3.4,GO:0010667,negative regulation of cardiac muscle cell apoptotic process,M1,1,0
1,-4,GO:0051494,negative regulation of cytoskeleton organization,M1,1,0
1,-3,GO:0006085,acetyl-CoA biosynthetic process,M1,1,0
1,-4,GO:0016052,carbohydrate catabolic process,M1,1,0
1,-4.6,GO:0006006,glucose metabolic process,M1,1,0
1,-3.9,GO:0030032,lamellipodium assembly,M1,1,0
1,-3.9,GO:1903599,positive regulation of autophagy of mitochondrion,M1,1,0
1,-3.1,GO:0009179,purine ribonucleoside diphosphate metabolic process,M1,1,0
1,-3.8,GO:0009152,purine ribonucleotide biosynthetic process,M1,1,0
1,-3.2,GO:0006103,2-oxoglutarate metabolic process,M1,1,0
1,-4,GO:0031329,regulation of cellular catabolic process,M1,1,0
1,-3.9,GO:0009259,ribonucleotide metabolic process,M1,1,0
1,-3.3,GO:0033157,regulation of intracellular protein transport,M1,1,0
1,-5.5,GO:0046034,ATP metabolic process,M1,1,0
1,-3.4,GO:0072594,establishment of protein localization to organelle,M1,1,0
1,-3,GO:0046847,filopodium assembly,M1,1,0
1,-12,GO:0006091,generation of precursor metabolites and energy,M1,1,0
1,-4.2,GO:0044089,positive regulation of cellular component biogenesis,M1,1,0
1,-3.5,GO:0046390,ribose phosphate biosynthetic process,M1,1,0
1,-3.2,GO:0046031,ADP metabolic process,M1,1,0
1,-4.1,GO:0009150,purine ribonucleotide metabolic process,M1,1,0
1,-3,GO:1902117,positive regulation of organelle assembly,M1,1,0
1,-5.9,GO:0110053,regulation of actin filament organization,M1,1,0
1,-3.8,GO:0048514,blood vessel morphogenesis,M1,1,0
1,-3.6,GO:0120032,regulation of plasma membrane bounded cell projection assembly,M1,1,0
1,-3.7,GO:0022604,regulation of cell morphogenesis,M1,1,0
1,-3.3,GO:0007229,integrin-mediated signaling pathway,M1,1,0
1,-3.7,GO:0051099,positive regulation of binding,M1,1,0
1,-3.9,GO:0007163,establishment or maintenance of cell polarity,M1,1,0
1,-3.8,GO:0060537,muscle tissue development,M1,1,0
1,-3.2,GO:0051169,nuclear transport,M1,1,0
1,-7,GO:0007264,small GTPase mediated signal transduction,M1,1,0
1,-3.4,GO:0031589,cell-substrate adhesion,M1,1,0
1,-4,GO:0055086,nucleobase-containing small molecule metabolic process,M1,1,0
1,-4.6,GO:0030335,positive regulation of cell migration,M1,1,0
1,-7.7,GO:0015980,energy derivation by oxidation of organic compounds,M1,1,0
1,-4,GO:0001568,blood vessel development,M1,1,0
1,-3.7,GO:0001701,in utero embryonic development,M1,1,0
1,-3.3,GO:0031331,positive regulation of cellular catabolic process,M1,1,0
1,-4.5,GO:0051491,positive regulation of filopodium assembly,M1,1,0
1,-3.8,GO:0055007,cardiac muscle cell differentiation,M1,1,0
1,-3.2,GO:0051302,regulation of cell division,M1,1,0
1,-3.3,GO:0010508,positive regulation of autophagy,M1,1,0
1,-5.2,GO:0051261,protein depolymerization,M1,1,0
1,-5,GO:0010592,positive regulation of lamellipodium assembly,M1,1,0
1,-3.8,GO:0072657,protein localization to membrane,M1,1,0
1,-3.8,GO:0032271,regulation of protein polymerization,M1,1,0
1,-3.9,GO:0035051,cardiocyte differentiation,M1,1,0
1,-3.8,GO:1902946,protein localization to early endosome,M1,1,0
1,-3.3,GO:0051223,regulation of protein transport,M1,1,0
1,-3.2,GO:0061615,glycolytic process through fructose-6-phosphate,M1,1,0
1,-3.2,GO:0071560,cellular response to transforming growth factor beta stimulus,M1,1,0
1,-6.9,GO:1902903,regulation of supramolecular fiber organization,M1,1,0
1,-4.1,GO:0030239,myofibril assembly,M1,1,0
1,-3.2,GO:0006007,glucose catabolic process,M1,1,0
1,-3.8,GO:1903829,positive regulation of cellular protein localization,M1,1,0
1,-3.6,GO:0009060,aerobic respiration,M1,1,0
1,-3,GO:0061726,mitochondrion disassembly,M1,1,0
1,-3.6,GO:0051489,regulation of filopodium assembly,M1,1,0
1,-6.4,GO:0010638,positive regulation of organelle organization,M1,1,0
1,-4.7,GO:0000910,cytokinesis,M1,1,0
1,-4.3,GO:0099173,postsynapse organization,M1,1,0
1,-3,GO:1903047,mitotic cell cycle process,M1,1,0
1,-4.9,GO:0034332,adherens junction organization,M1,1,0
1,-3.9,GO:0006735,NADH regeneration,M1,1,0
1,-3.6,GO:0006457,protein folding,M1,1,0
1,-3.5,GO:0030307,positive regulation of cell growth,M1,1,0
1,-3.5,GO:0090132,epithelium migration,M1,1,0
1,-3.9,GO:0007507,heart development,M1,1,0
1,-3.6,GO:0051258,protein polymerization,M1,1,0
1,-3.6,GO:0051653,spindle localization,M1,1,0
1,-3.6,GO:0061077,chaperone-mediated protein folding,M1,1,0
1,-8.7,GO:0032970,regulation of actin filament-based process,M1,1,0
1,-3.5,GO:0006164,purine nucleotide biosynthetic process,M1,1,0
1,-6.6,GO:0051017,actin filament bundle assembly,M1,1,0
1,-4.2,GO:0048858,cell projection morphogenesis,M1,1,0
1,-3.5,GO:0006753,nucleoside phosphate metabolic process,M1,1,0
1,-3.7,GO:0050808,synapse organization,M1,1,0
1,-9.4,GO:0030036,actin cytoskeleton organization,M1,1,0
1,-3.6,GO:0009260,ribonucleotide biosynthetic process,M1,1,0
1,-3.5,GO:0002040,sprouting angiogenesis,M1,1,0
1,-3.6,GO:0071711,basement membrane organization,M1,1,0
1,-3.1,GO:0071559,response to transforming growth factor beta,M1,1,0
1,-4.9,GO:0031346,positive regulation of cell projection organization,M1,1,0
1,-3.8,GO:1902743,regulation of lamellipodium organization,M1,1,0
1,-3,GO:0110020,regulation of actomyosin structure organization,M1,1,0
1,-4.5,GO:0031344,regulation of cell projection organization,M1,1,0
1,-4,GO:0050807,regulation of synapse organization,M1,1,0
1,-4.3,GO:0120039,plasma membrane bounded cell projection morphogenesis,M1,1,0
1,-3.6,GO:0000423,mitophagy,M1,1,0
1,-3.7,GO:0001944,vasculature development,M1,1,0
1,-3.6,GO:0008088,axo-dendritic transport,M1,1,0
1,-4.8,GO:0045333,cellular respiration,M1,1,0
1,-3.9,GO:0032388,positive regulation of intracellular transport,M1,1,0
1,-3.3,GO:0072522,purine-containing compound biosynthetic process,M1,1,0
1,-3.7,GO:0030038,contractile actin filament bundle assembly,M1,1,0
1,-4.5,GO:1902745,positive regulation of lamellipodium organization,M1,1,0
1,-3.1,GO:0006165,nucleoside diphosphate phosphorylation,M1,1,0
1,-6.3,GO:0051129,negative regulation of cellular component organization,M1,1,0
1,-4.6,GO:0120035,regulation of plasma membrane bounded cell projection organization,M1,1,0
1,-3.8,GO:0120034,positive regulation of plasma membrane bounded cell projection assembly,M1,1,0
1,-4.4,GO:0048812,neuron projection morphogenesis,M1,1,0
1,-3.3,GO:0009725,response to hormone,M1,1,0
1,-3.4,GO:0043244,regulation of protein-containing complex disassembly,M1,1,0
1,-3.6,GO:0009611,response to wounding,M1,1,0
1,-3.4,GO:0097581,lamellipodium organization,M1,1,0
1,-10,GO:0097435,supramolecular fiber organization,M1,1,0
1,-5.9,GO:0043254,regulation of protein-containing complex assembly,M1,1,0
1,-4.1,GO:2001242,regulation of intrinsic apoptotic signaling pathway,M1,1,0
1,-4,GO:0014706,striated muscle tissue development,M1,1,0
1,-4.3,GO:0001667,ameboidal-type cell migration,M1,1,0
1,-4.4,GO:0048667,cell morphogenesis involved in neuron differentiation,M1,1,0
1,-4.2,GO:1901879,regulation of protein depolymerization,M1,1,0
1,-3.2,GO:0098761,cellular response to interleukin-7,M1,1,0
1,-3.5,GO:0006734,NADH metabolic process,M1,1,0
1,-4.1,GO:0019318,hexose metabolic process,M1,1,0
1,-3.7,GO:0006120,"mitochondrial electron transport, NADH to ubiquinone",M1,1,0
1,-4.1,GO:0055002,striated muscle cell development,M1,1,0
1,-5.2,GO:1903827,regulation of cellular protein localization,M1,1,0
1,-3.8,GO:0008064,regulation of actin polymerization or depolymerization,M1,1,0
1,-3.7,GO:1901524,regulation of mitophagy,M1,1,0
1,-6.5,GO:0061061,muscle structure development,M1,1,0
1,-3.4,GO:0061564,axon development,M1,1,0
1,-3.2,GO:0006913,nucleocytoplasmic transport,M1,1,0
1,-7.6,GO:0034330,cell junction organization,M1,1,0
1,-3.9,GO:0048813,dendrite morphogenesis,M1,1,0
1,-3.7,GO:0051668,localization within membrane,M1,1,0
1,-4.6,GO:0043624,cellular protein complex disassembly,M1,1,0
1,-3.9,GO:0061718,glucose catabolic process to pyruvate,M1,1,0
1,-4.1,GO:0097193,intrinsic apoptotic signaling pathway,M1,1,0
1,-4.4,GO:1902115,regulation of organelle assembly,M1,1,0
1,-4.3,GO:2000147,positive regulation of cell motility,M1,1,0
1,-3.9,GO:0006163,purine nucleotide metabolic process,M1,1,0
1,-3.4,GO:0006757,ATP generation from ADP,M1,1,0
1,-3.9,GO:0061621,canonical glycolysis,M1,1,0
1,-3.6,GO:0072521,purine-containing compound metabolic process,M1,1,0
1,-3.2,GO:0044282,small molecule catabolic process,M1,1,0
1,-6.5,GO:0061572,actin filament bundle organization,M1,1,0
1,-3.1,GO:0048762,mesenchymal cell differentiation,M1,1,0
1,-3.4,GO:0090130,tissue migration,M1,1,0
1,-3.7,GO:0031333,negative regulation of protein-containing complex assembly,M1,1,0
1,-5.3,GO:0006090,pyruvate metabolic process,M1,1,0
1,-6.3,GO:0051301,cell division,M1,1,0
1,-3.9,GO:0050803,regulation of synapse structure or activity,M1,1,0
1,-3.6,GO:0009117,nucleotide metabolic process,M1,1,0
1,-3.5,GO:0032870,cellular response to hormone stimulus,M1,1,0
1,-4.7,GO:0007005,mitochondrion organization,M1,1,0
1,-4.2,GO:0040017,positive regulation of locomotion,M1,1,0
1,-6.5,GO:0051640,organelle localization,M1,1,0
1,-3,GO:0000422,autophagy of mitochondrion,M1,1,0
1,-4.7,GO:0032984,protein-containing complex disassembly,M1,1,0
1,-6,GO:0022411,cellular component disassembly,M1,1,0
1,-4,GO:0032990,cell part morphogenesis,M1,1,0
1,-4.6,GO:0051656,establishment of organelle localization,M1,1,0
1,-3,GO:0051693,actin filament capping,M1,1,0
1,-4.5,GO:0032272,negative regulation of protein polymerization,M1,1,0
1,-3.6,GO:0060485,mesenchyme development,M1,1,0
1,-4,GO:0008154,actin polymerization or depolymerization,M1,1,0
1,-5.6,GO:0045216,cell-cell junction organization,M1,1,0
1,-3.2,GO:2000249,regulation of actin cytoskeleton reorganization,M1,1,0
1,-4.4,GO:0043484,regulation of RNA splicing,M1,1,0
1,-5.5,GO:0030042,actin filament depolymerization,M1,1,0
1,-4.6,GO:0097190,apoptotic signaling pathway,M1,1,0
1,-4.5,GO:0010639,negative regulation of organelle organization,M1,1,0
1,-3.7,GO:0043149,stress fiber assembly,M1,1,0
1,-3.4,GO:0032787,monocarboxylic acid metabolic process,M1,1,0
1,-6.7,GO:0051493,regulation of cytoskeleton organization,M1,1,0
1,-4.7,GO:1901526,positive regulation of mitophagy,M1,1,0
1,-4.8,GO:0034329,cell junction assembly,M1,1,0
1,-3.6,GO:1990845,adaptive thermogenesis,M1,1,0
1,-3.9,GO:0002934,desmosome organization,M1,1,0
1,-3.3,GO:0043542,endothelial cell migration,M1,1,0
1,-3.2,GO:0098760,response to interleukin-7,M1,1,0
1,-3.7,GO:0030832,regulation of actin filament length,M1,1,0
1,-4.5,GO:0030834,regulation of actin filament depolymerization,M1,1,0
1,-4.8,GO:1902904,negative regulation of supramolecular fiber organization,M1,1,0
1,-3.6,GO:0031334,positive regulation of protein-containing complex assembly,M1,1,0
1,-3.9,GO:0005996,monosaccharide metabolic process,M1,1,0
1,-7.2,GO:0007265,Ras protein signal transduction,M1,1,0
1,-5,GO:0032386,regulation of intracellular transport,M1,1,0
1,-4.7,GO:0071107,response to parathyroid hormone,M1,1,0
1,-4,GO:0055001,muscle cell development,M1,1,0
1,-4.4,GO:0003012,muscle system process,M1,1,0
1,-3.1,GO:1903008,organelle disassembly,M1,1,0
