_MEMBER_hits,_LogP_hits,GO,Description,_PATTERN_,_RANK_,GiniIndex
1,-16,GO:0003205,cardiac chamber development,M1,1,0
1,-3.1,GO:0060284,regulation of cell development,M1,1,0
1,-4.4,GO:0014808,release of sequestered calcium ion into cytosol by sarcoplasmic reticulum,M1,1,0
1,-6.8,GO:0009612,response to mechanical stimulus,M1,1,0
1,-4.2,GO:0060045,positive regulation of cardiac muscle cell proliferation,M1,1,0
1,-4.8,GO:0042391,regulation of membrane potential,M1,1,0
1,-18,GO:0003013,circulatory system process,M1,1,0
1,-4.9,GO:0048562,embryonic organ morphogenesis,M1,1,0
1,-3,GO:0046034,ATP metabolic process,M1,1,0
1,-3.9,GO:0006874,cellular calcium ion homeostasis,M1,1,0
1,-3.7,GO:0048771,tissue remodeling,M1,1,0
1,-3.2,GO:0014902,myotube differentiation,M1,1,0
1,-5.2,GO:0010667,negative regulation of cardiac muscle cell apoptotic process,M1,1,0
1,-3.2,GO:0003180,aortic valve morphogenesis,M1,1,0
1,-3.3,GO:0051258,protein polymerization,M1,1,0
1,-3.6,GO:0034762,regulation of transmembrane transport,M1,1,0
1,-3.4,GO:0051279,regulation of release of sequestered calcium ion into cytosol,M1,1,0
1,-3.9,GO:0034765,regulation of ion transmembrane transport,M1,1,0
1,-4,GO:0002028,regulation of sodium ion transport,M1,1,0
1,-3.5,GO:0060947,cardiac vascular smooth muscle cell differentiation,M1,1,0
1,-4.6,GO:0003175,tricuspid valve development,M1,1,0
1,-6.2,GO:0060420,regulation of heart growth,M1,1,0
1,-3.3,GO:1901880,negative regulation of protein depolymerization,M1,1,0
1,-3.8,GO:0007009,plasma membrane organization,M1,1,0
1,-3.4,GO:0032535,regulation of cellular component size,M1,1,0
1,-3,GO:0009306,protein secretion,M1,1,0
1,-3.7,GO:0001837,epithelial to mesenchymal transition,M1,1,0
1,-18,GO:1903522,regulation of blood circulation,M1,1,0
1,-3.6,GO:0060840,artery development,M1,1,0
1,-3.2,GO:2000677,regulation of transcription regulatory region DNA binding,M1,1,0
1,-4,GO:0003170,heart valve development,M1,1,0
1,-4.6,GO:0098901,regulation of cardiac muscle cell action potential,M1,1,0
1,-4.6,GO:0071313,cellular response to caffeine,M1,1,0
1,-6.6,GO:0014855,striated muscle cell proliferation,M1,1,0
1,-12,GO:0070252,actin-mediated cell contraction,M1,1,0
1,-3.3,GO:0043244,regulation of protein-containing complex disassembly,M1,1,0
1,-11,GO:0035050,embryonic heart tube development,M1,1,0
1,-4.3,GO:0198738,cell-cell signaling by wnt,M1,1,0
1,-4.7,GO:0060828,regulation of canonical Wnt signaling pathway,M1,1,0
1,-12,GO:0014887,cardiac muscle adaptation,M1,1,0
1,-3.5,GO:0030003,cellular cation homeostasis,M1,1,0
1,-8.4,GO:0003143,embryonic heart tube morphogenesis,M1,1,0
1,-14,GO:0002026,regulation of the force of heart contraction,M1,1,0
1,-15,GO:0003208,cardiac ventricle morphogenesis,M1,1,0
1,-3.6,GO:0055119,relaxation of cardiac muscle,M1,1,0
1,-9.8,GO:0035994,response to muscle stretch,M1,1,0
1,-8.8,GO:0035265,organ growth,M1,1,0
1,-5,GO:0010664,negative regulation of striated muscle cell apoptotic process,M1,1,0
1,-4.3,GO:0032412,regulation of ion transmembrane transporter activity,M1,1,0
1,-3.7,GO:0022612,gland morphogenesis,M1,1,0
1,-6.3,GO:0007519,skeletal muscle tissue development,M1,1,0
1,-9.5,GO:0055010,ventricular cardiac muscle tissue morphogenesis,M1,1,0
1,-4.1,GO:0051494,negative regulation of cytoskeleton organization,M1,1,0
1,-4.7,GO:0043462,regulation of ATPase activity,M1,1,0
1,-13,GO:0003299,muscle hypertrophy in response to stress,M1,1,0
1,-16,GO:0014888,striated muscle adaptation,M1,1,0
1,-3.5,GO:0032413,negative regulation of ion transmembrane transporter activity,M1,1,0
1,-11,GO:0055117,regulation of cardiac muscle contraction,M1,1,0
1,-5.1,GO:0010659,cardiac muscle cell apoptotic process,M1,1,0
1,-3.8,GO:0032872,regulation of stress-activated MAPK cascade,M1,1,0
1,-3.2,GO:0031016,pancreas development,M1,1,0
1,-5.5,GO:0060562,epithelial tube morphogenesis,M1,1,0
1,-3.1,GO:0003002,regionalization,M1,1,0
1,-4.4,GO:0014866,skeletal myofibril assembly,M1,1,0
1,-3.5,GO:0051235,maintenance of location,M1,1,0
1,-4,GO:0010649,regulation of cell communication by electrical coupling,M1,1,0
1,-3.9,GO:0055065,metal ion homeostasis,M1,1,0
1,-4.6,GO:0031589,cell-substrate adhesion,M1,1,0
1,-4.7,GO:0051693,actin filament capping,M1,1,0
1,-32,GO:0007507,heart development,M1,1,0
1,-3.4,GO:0055023,positive regulation of cardiac muscle tissue growth,M1,1,0
1,-4.3,GO:0060412,ventricular septum morphogenesis,M1,1,0
1,-3.4,GO:0006873,cellular ion homeostasis,M1,1,0
1,-3.2,GO:0032411,positive regulation of transporter activity,M1,1,0
1,-4.6,GO:0060070,canonical Wnt signaling pathway,M1,1,0
1,-16,GO:0060415,muscle tissue morphogenesis,M1,1,0
1,-17,GO:0043500,muscle adaptation,M1,1,0
1,-4.7,GO:0032409,regulation of transporter activity,M1,1,0
1,-5,GO:0090075,relaxation of muscle,M1,1,0
1,-3.4,GO:0045165,cell fate commitment,M1,1,0
1,-3.1,GO:0014031,mesenchymal cell development,M1,1,0
1,-3.3,GO:0060314,regulation of ryanodine-sensitive calcium-release channel activity,M1,1,0
1,-3.7,GO:0051222,positive regulation of protein transport,M1,1,0
1,-4.1,GO:1903523,negative regulation of blood circulation,M1,1,0
1,-8.4,GO:0032970,regulation of actin filament-based process,M1,1,0
1,-3.9,GO:0003174,mitral valve development,M1,1,0
1,-5,GO:0010658,striated muscle cell apoptotic process,M1,1,0
1,-3.9,GO:0046622,positive regulation of organ growth,M1,1,0
1,-19,GO:0006941,striated muscle contraction,M1,1,0
1,-3.6,GO:0001666,response to hypoxia,M1,1,0
1,-3.1,GO:0030041,actin filament polymerization,M1,1,0
1,-4.4,GO:0030111,regulation of Wnt signaling pathway,M1,1,0
1,-5.3,GO:0010665,regulation of cardiac muscle cell apoptotic process,M1,1,0
1,-3.7,GO:0061384,heart trabecula morphogenesis,M1,1,0
1,-11,GO:0030048,actin filament-based movement,M1,1,0
1,-3.6,GO:0031000,response to caffeine,M1,1,0
1,-31,GO:0060537,muscle tissue development,M1,1,0
1,-3.3,GO:0051899,membrane depolarization,M1,1,0
1,-6.3,GO:0060485,mesenchyme development,M1,1,0
1,-5.1,GO:0031033,myosin filament organization,M1,1,0
1,-20,GO:0003015,heart process,M1,1,0
1,-24,GO:0055002,striated muscle cell development,M1,1,0
1,-3.1,GO:0016202,regulation of striated muscle tissue development,M1,1,0
1,-8.9,GO:0003151,outflow tract morphogenesis,M1,1,0
1,-4.5,GO:0003179,heart valve morphogenesis,M1,1,0
1,-4.5,GO:2000738,positive regulation of stem cell differentiation,M1,1,0
1,-3.2,GO:1901379,regulation of potassium ion transmembrane transport,M1,1,0
1,-7.6,GO:0060411,cardiac septum morphogenesis,M1,1,0
1,-6.2,GO:0001947,heart looping,M1,1,0
1,-5.7,GO:0003171,atrioventricular valve development,M1,1,0
1,-5.4,GO:0060347,heart trabecula formation,M1,1,0
1,-3.4,GO:0098771,inorganic ion homeostasis,M1,1,0
1,-4.3,GO:0001649,osteoblast differentiation,M1,1,0
1,-3.4,GO:1901021,positive regulation of calcium ion transmembrane transporter activity,M1,1,0
1,-21,GO:0007517,muscle organ development,M1,1,0
1,-8.2,GO:0043502,regulation of muscle adaptation,M1,1,0
1,-5.1,GO:0010662,regulation of striated muscle cell apoptotic process,M1,1,0
1,-3.5,GO:0007492,endoderm development,M1,1,0
1,-5.8,GO:0033275,actin-myosin filament sliding,M1,1,0
1,-3,GO:0048634,regulation of muscle organ development,M1,1,0
1,-3.1,GO:1903204,negative regulation of oxidative stress-induced neuron death,M1,1,0
1,-13,GO:0048729,tissue morphogenesis,M1,1,0
1,-3.4,GO:1905114,cell surface receptor signaling pathway involved in cell-cell signaling,M1,1,0
1,-3.8,GO:0055074,calcium ion homeostasis,M1,1,0
1,-8,GO:0003215,cardiac right ventricle morphogenesis,M1,1,0
1,-12,GO:0003229,ventricular cardiac muscle tissue development,M1,1,0
1,-7.6,GO:0003283,atrial septum development,M1,1,0
1,-6,GO:0086009,membrane repolarization,M1,1,0
1,-3.9,GO:1905314,semi-lunar valve development,M1,1,0
1,-3.2,GO:1900407,regulation of cellular response to oxidative stress,M1,1,0
1,-3.5,GO:0051100,negative regulation of binding,M1,1,0
1,-5.7,GO:0022604,regulation of cell morphogenesis,M1,1,0
1,-5.5,GO:0060043,regulation of cardiac muscle cell proliferation,M1,1,0
1,-5.4,GO:0070296,sarcoplasmic reticulum calcium ion transport,M1,1,0
1,-3.3,GO:0032271,regulation of protein polymerization,M1,1,0
1,-4.6,GO:1903524,positive regulation of blood circulation,M1,1,0
1,-23,GO:0003007,heart morphogenesis,M1,1,0
1,-3.8,GO:1903203,regulation of oxidative stress-induced neuron death,M1,1,0
1,-3.2,GO:0036293,response to decreased oxygen levels,M1,1,0
1,-5.2,GO:1901019,regulation of calcium ion transmembrane transporter activity,M1,1,0
1,-3.2,GO:0032410,negative regulation of transporter activity,M1,1,0
1,-4.3,GO:1903514,release of sequestered calcium ion into cytosol by endoplasmic reticulum,M1,1,0
1,-3.6,GO:2000147,positive regulation of cell motility,M1,1,0
1,-33,GO:0003012,muscle system process,M1,1,0
1,-5.6,GO:0003207,cardiac chamber formation,M1,1,0
1,-3.1,GO:0014850,response to muscle activity,M1,1,0
1,-19,GO:0055013,cardiac muscle cell development,M1,1,0
1,-22,GO:0045214,sarcomere organization,M1,1,0
1,-4.4,GO:0008217,regulation of blood pressure,M1,1,0
1,-5.3,GO:0032272,negative regulation of protein polymerization,M1,1,0
1,-3.6,GO:0043269,regulation of ion transport,M1,1,0
1,-3.3,GO:0051261,protein depolymerization,M1,1,0
1,-3.6,GO:0043267,negative regulation of potassium ion transport,M1,1,0
1,-3.8,GO:2000736,regulation of stem cell differentiation,M1,1,0
1,-5,GO:0071417,cellular response to organonitrogen compound,M1,1,0
1,-17,GO:0003300,cardiac muscle hypertrophy,M1,1,0
1,-3,GO:0070509,calcium ion import,M1,1,0
1,-3.1,GO:0034763,negative regulation of transmembrane transport,M1,1,0
1,-5.2,GO:0019932,second-messenger-mediated signaling,M1,1,0
1,-5.9,GO:0061371,determination of heart left/right asymmetry,M1,1,0
1,-3.8,GO:0071363,cellular response to growth factor stimulus,M1,1,0
1,-4.2,GO:1903169,regulation of calcium ion transmembrane transport,M1,1,0
1,-4.6,GO:0019722,calcium-mediated signaling,M1,1,0
1,-6.6,GO:0040008,regulation of growth,M1,1,0
1,-3.4,GO:0010002,cardioblast differentiation,M1,1,0
1,-4.6,GO:0010880,regulation of release of sequestered calcium ion into cytosol by sarcoplasmic reticulum,M1,1,0
1,-5.1,GO:0030240,skeletal muscle thin filament assembly,M1,1,0
1,-3.1,GO:0099625,ventricular cardiac muscle cell membrane repolarization,M1,1,0
1,-5.4,GO:0014812,muscle cell migration,M1,1,0
1,-3.5,GO:0051283,negative regulation of sequestering of calcium ion,M1,1,0
1,-3.6,GO:0050714,positive regulation of protein secretion,M1,1,0
1,-3.5,GO:0055012,ventricular cardiac muscle cell differentiation,M1,1,0
1,-5.1,GO:0051891,positive regulation of cardioblast differentiation,M1,1,0
1,-5.5,GO:0001944,vasculature development,M1,1,0
1,-3.8,GO:0036376,sodium ion export across plasma membrane,M1,1,0
1,-13,GO:0014898,cardiac muscle hypertrophy in response to stress,M1,1,0
1,-5,GO:1901699,cellular response to nitrogen compound,M1,1,0
1,-5.8,GO:0001568,blood vessel development,M1,1,0
1,-4.1,GO:0051924,regulation of calcium ion transport,M1,1,0
1,-3.9,GO:0090287,regulation of cellular response to growth factor stimulus,M1,1,0
1,-5.3,GO:0098735,positive regulation of the force of heart contraction,M1,1,0
1,-3.3,GO:0003177,pulmonary valve development,M1,1,0
1,-18,GO:0014896,muscle hypertrophy,M1,1,0
1,-6.3,GO:0046620,regulation of organ growth,M1,1,0
1,-5.4,GO:0055021,regulation of cardiac muscle tissue growth,M1,1,0
1,-30,GO:0051146,striated muscle cell differentiation,M1,1,0
1,-3.1,GO:0030177,positive regulation of Wnt signaling pathway,M1,1,0
1,-6.8,GO:0048732,gland development,M1,1,0
1,-3.2,GO:0032956,regulation of actin cytoskeleton organization,M1,1,0
1,-4.6,GO:0051149,positive regulation of muscle cell differentiation,M1,1,0
1,-3,GO:0099623,regulation of cardiac muscle cell membrane repolarization,M1,1,0
1,-5.9,GO:0030837,negative regulation of actin filament polymerization,M1,1,0
1,-5,GO:0010959,regulation of metal ion transport,M1,1,0
1,-17,GO:0048644,muscle organ morphogenesis,M1,1,0
1,-5.1,GO:0030042,actin filament depolymerization,M1,1,0
1,-4.3,GO:0014883,transition between fast and slow fiber,M1,1,0
1,-4,GO:0001570,vasculogenesis,M1,1,0
1,-4.2,GO:0051651,maintenance of location in cell,M1,1,0
1,-9.7,GO:0060419,heart growth,M1,1,0
1,-3.5,GO:0051208,sequestering of calcium ion,M1,1,0
1,-4.6,GO:1901017,negative regulation of potassium ion transmembrane transporter activity,M1,1,0
1,-4.5,GO:0014743,regulation of muscle hypertrophy,M1,1,0
1,-4.7,GO:0034446,substrate adhesion-dependent cell spreading,M1,1,0
1,-7.4,GO:0060038,cardiac muscle cell proliferation,M1,1,0
1,-4,GO:0051155,positive regulation of striated muscle cell differentiation,M1,1,0
1,-5,GO:0007369,gastrulation,M1,1,0
1,-6.1,GO:0048514,blood vessel morphogenesis,M1,1,0
1,-3.5,GO:0072507,divalent inorganic cation homeostasis,M1,1,0
1,-5.5,GO:0002009,morphogenesis of an epithelium,M1,1,0
1,-3.6,GO:0048588,developmental cell growth,M1,1,0
1,-3.2,GO:0072659,protein localization to plasma membrane,M1,1,0
1,-6.4,GO:0010881,regulation of cardiac muscle contraction by regulation of the release of sequestered calcium ion,M1,1,0
1,-16,GO:0097435,supramolecular fiber organization,M1,1,0
1,-16,GO:0055008,cardiac muscle tissue morphogenesis,M1,1,0
1,-13,GO:0003231,cardiac ventricle development,M1,1,0
1,-5.2,GO:0014733,regulation of skeletal muscle adaptation,M1,1,0
1,-3.7,GO:1902903,regulation of supramolecular fiber organization,M1,1,0
1,-3.7,GO:0035637,multicellular organismal signaling,M1,1,0
1,-19,GO:0003206,cardiac chamber morphogenesis,M1,1,0
1,-4.1,GO:1902904,negative regulation of supramolecular fiber organization,M1,1,0
1,-3.7,GO:0070302,regulation of stress-activated protein kinase signaling cascade,M1,1,0
1,-5,GO:0010644,cell communication by electrical coupling,M1,1,0
1,-5.5,GO:0048568,embryonic organ development,M1,1,0
1,-4.6,GO:0031333,negative regulation of protein-containing complex assembly,M1,1,0
1,-3.2,GO:0051403,stress-activated MAPK cascade,M1,1,0
1,-3,GO:1904063,negative regulation of cation transmembrane transport,M1,1,0
1,-3.5,GO:0060976,coronary vasculature development,M1,1,0
1,-3.4,GO:1905209,positive regulation of cardiocyte differentiation,M1,1,0
1,-5.5,GO:0048863,stem cell differentiation,M1,1,0
1,-6.1,GO:0003279,cardiac septum development,M1,1,0
1,-3,GO:0035592,establishment of protein localization to extracellular region,M1,1,0
1,-4.3,GO:0030049,muscle filament sliding,M1,1,0
1,-3.5,GO:0051272,positive regulation of cellular component movement,M1,1,0
1,-4,GO:0060977,coronary vasculature morphogenesis,M1,1,0
1,-3.5,GO:0110053,regulation of actin filament organization,M1,1,0
1,-7,GO:0033002,muscle cell proliferation,M1,1,0
1,-4,GO:0001701,in utero embryonic development,M1,1,0
1,-3,GO:0086001,cardiac muscle cell action potential,M1,1,0
1,-3.3,GO:0070588,calcium ion transmembrane transport,M1,1,0
1,-4.8,GO:0045823,positive regulation of heart contraction,M1,1,0
1,-8.7,GO:0060413,atrial septum morphogenesis,M1,1,0
1,-3.9,GO:0008064,regulation of actin polymerization or depolymerization,M1,1,0
1,-21,GO:0060048,cardiac muscle contraction,M1,1,0
1,-9.4,GO:0086004,regulation of cardiac muscle cell contraction,M1,1,0
1,-3.3,GO:0050708,regulation of protein secretion,M1,1,0
1,-4,GO:1901879,regulation of protein depolymerization,M1,1,0
1,-5.3,GO:0030834,regulation of actin filament depolymerization,M1,1,0
1,-4.8,GO:0060373,regulation of ventricular cardiac muscle cell membrane depolarization,M1,1,0
1,-4.5,GO:0008360,regulation of cell shape,M1,1,0
1,-4.3,GO:0048565,digestive tract development,M1,1,0
1,-29,GO:0014706,striated muscle tissue development,M1,1,0
1,-4.6,GO:0007389,pattern specification process,M1,1,0
1,-3.9,GO:1901016,regulation of potassium ion transmembrane transporter activity,M1,1,0
1,-4.4,GO:0003254,regulation of membrane depolarization,M1,1,0
1,-3.8,GO:0014741,negative regulation of muscle hypertrophy,M1,1,0
1,-3.1,GO:1903202,negative regulation of oxidative stress-induced cell death,M1,1,0
1,-3.1,GO:0048485,sympathetic nervous system development,M1,1,0
1,-3.4,GO:0030833,regulation of actin filament polymerization,M1,1,0
1,-19,GO:0014897,striated muscle hypertrophy,M1,1,0
1,-3.1,GO:0043586,tongue development,M1,1,0
1,-4,GO:0010656,negative regulation of muscle cell apoptotic process,M1,1,0
1,-7.6,GO:0003230,cardiac atrium development,M1,1,0
1,-3.4,GO:1903201,regulation of oxidative stress-induced cell death,M1,1,0
1,-4.7,GO:0009855,determination of bilateral symmetry,M1,1,0
1,-4.8,GO:0048638,regulation of developmental growth,M1,1,0
1,-4.9,GO:0003161,cardiac conduction system development,M1,1,0
1,-10,GO:0006937,regulation of muscle contraction,M1,1,0
1,-4.1,GO:0055015,ventricular cardiac muscle cell development,M1,1,0
1,-4.9,GO:0022898,regulation of transmembrane transporter activity,M1,1,0
1,-4.9,GO:0090066,regulation of anatomical structure size,M1,1,0
1,-3.6,GO:0001706,endoderm formation,M1,1,0
1,-22,GO:0010927,cellular component assembly involved in morphogenesis,M1,1,0
1,-4.2,GO:0003281,ventricular septum development,M1,1,0
1,-3.4,GO:0055080,cation homeostasis,M1,1,0
1,-4.3,GO:0070848,response to growth factor,M1,1,0
1,-3.3,GO:0009952,anterior/posterior pattern specification,M1,1,0
1,-3.1,GO:0031098,stress-activated protein kinase signaling cascade,M1,1,0
1,-4.1,GO:0003148,outflow tract septum morphogenesis,M1,1,0
1,-10,GO:0055003,cardiac myofibril assembly,M1,1,0
1,-26,GO:0055001,muscle cell development,M1,1,0
1,-3.8,GO:0010657,muscle cell apoptotic process,M1,1,0
1,-3.3,GO:0060421,positive regulation of heart growth,M1,1,0
1,-3.7,GO:0036475,neuron death in response to oxidative stress,M1,1,0
1,-18,GO:0055006,cardiac cell development,M1,1,0
1,-5.2,GO:0010831,positive regulation of myotube differentiation,M1,1,0
1,-3.4,GO:0032414,positive regulation of ion transmembrane transporter activity,M1,1,0
1,-3.2,GO:0035914,skeletal muscle cell differentiation,M1,1,0
1,-5.4,GO:0016049,cell growth,M1,1,0
1,-3.1,GO:0043242,negative regulation of protein-containing complex disassembly,M1,1,0
1,-3.3,GO:0060307,regulation of ventricular cardiac muscle cell membrane repolarization,M1,1,0
1,-3,GO:0045927,positive regulation of growth,M1,1,0
1,-19,GO:0055007,cardiac muscle cell differentiation,M1,1,0
1,-8.6,GO:0007015,actin filament organization,M1,1,0
1,-4,GO:0006875,cellular metal ion homeostasis,M1,1,0
1,-4.6,GO:0010830,regulation of myotube differentiation,M1,1,0
1,-3.8,GO:0051153,regulation of striated muscle cell differentiation,M1,1,0
1,-8,GO:0048598,embryonic morphogenesis,M1,1,0
1,-3.5,GO:0051282,regulation of sequestering of calcium ion,M1,1,0
1,-3.2,GO:0090090,negative regulation of canonical Wnt signaling pathway,M1,1,0
1,-8.7,GO:1903115,regulation of actin filament-based movement,M1,1,0
1,-18,GO:0030036,actin cytoskeleton organization,M1,1,0
1,-7.3,GO:0060343,trabecula formation,M1,1,0
1,-18,GO:0035051,cardiocyte differentiation,M1,1,0
1,-7.6,GO:0043501,skeletal muscle adaptation,M1,1,0
1,-5.4,GO:0003188,heart valve formation,M1,1,0
1,-4.4,GO:0030835,negative regulation of actin filament depolymerization,M1,1,0
1,-16,GO:0031032,actomyosin structure organization,M1,1,0
1,-4,GO:0007368,determination of left/right symmetry,M1,1,0
1,-8.5,GO:0035995,detection of muscle stretch,M1,1,0
1,-3.1,GO:0014910,regulation of smooth muscle cell migration,M1,1,0
1,-3.5,GO:0030178,negative regulation of Wnt signaling pathway,M1,1,0
1,-4,GO:0048762,mesenchymal cell differentiation,M1,1,0
1,-5.7,GO:0031034,myosin filament assembly,M1,1,0
1,-20,GO:0044057,regulation of system process,M1,1,0
1,-3.6,GO:1904951,positive regulation of establishment of protein localization,M1,1,0
1,-3.7,GO:0070528,protein kinase C signaling,M1,1,0
1,-4.5,GO:0048844,artery morphogenesis,M1,1,0
1,-4.3,GO:0003211,cardiac ventricle formation,M1,1,0
1,-4.2,GO:0048546,digestive tract morphogenesis,M1,1,0
1,-4.5,GO:0006816,calcium ion transport,M1,1,0
1,-3.2,GO:0080135,regulation of cellular response to stress,M1,1,0
1,-3.4,GO:0001503,ossification,M1,1,0
1,-3.8,GO:0001704,formation of primary germ layer,M1,1,0
1,-3.9,GO:0030832,regulation of actin filament length,M1,1,0
1,-6.1,GO:0060538,skeletal muscle organ development,M1,1,0
1,-19,GO:0008016,regulation of heart contraction,M1,1,0
1,-3.6,GO:0010611,regulation of cardiac muscle hypertrophy,M1,1,0
1,-5.9,GO:0055123,digestive system development,M1,1,0
1,-8.1,GO:0003209,cardiac atrium morphogenesis,M1,1,0
1,-4,GO:1903779,regulation of cardiac conduction,M1,1,0
1,-3.7,GO:0090263,positive regulation of canonical Wnt signaling pathway,M1,1,0
1,-9.3,GO:0010882,regulation of cardiac muscle contraction by calcium ion signaling,M1,1,0
1,-3.5,GO:0008154,actin polymerization or depolymerization,M1,1,0
1,-3.1,GO:0051668,localization within membrane,M1,1,0
1,-11,GO:0007512,adult heart development,M1,1,0
1,-7.2,GO:0086003,cardiac muscle cell contraction,M1,1,0
1,-3.2,GO:0015980,energy derivation by oxidation of organic compounds,M1,1,0
1,-3.5,GO:0050673,epithelial cell proliferation,M1,1,0
1,-21,GO:0060047,heart contraction,M1,1,0
1,-3.5,GO:0003184,pulmonary valve morphogenesis,M1,1,0
1,-4.6,GO:0051890,regulation of cardioblast differentiation,M1,1,0
1,-4.1,GO:1901861,regulation of muscle tissue development,M1,1,0
1,-3.9,GO:0060306,regulation of membrane repolarization,M1,1,0
1,-19,GO:0008015,blood circulation,M1,1,0
1,-22,GO:0006936,muscle contraction,M1,1,0
1,-10,GO:0002027,regulation of heart rate,M1,1,0
1,-4,GO:0010660,regulation of muscle cell apoptotic process,M1,1,0
1,-4.8,GO:0014909,smooth muscle cell migration,M1,1,0
1,-3.5,GO:0048639,positive regulation of developmental growth,M1,1,0
1,-11,GO:0006942,regulation of striated muscle contraction,M1,1,0
1,-16,GO:0090257,regulation of muscle system process,M1,1,0
1,-3.8,GO:0034329,cell junction assembly,M1,1,0
1,-3.1,GO:0006883,cellular sodium ion homeostasis,M1,1,0
1,-3,GO:0098662,inorganic cation transmembrane transport,M1,1,0
1,-36,GO:0061061,muscle structure development,M1,1,0
1,-5.6,GO:0051147,regulation of muscle cell differentiation,M1,1,0
1,-24,GO:0030239,myofibril assembly,M1,1,0
1,-3.8,GO:1904062,regulation of cation transmembrane transport,M1,1,0
1,-29,GO:0048738,cardiac muscle tissue development,M1,1,0
1,-3.9,GO:0036473,cell death in response to oxidative stress,M1,1,0
1,-3.1,GO:0003181,atrioventricular valve morphogenesis,M1,1,0
1,-4.1,GO:0040017,positive regulation of locomotion,M1,1,0
1,-4.3,GO:0016055,Wnt signaling pathway,M1,1,0
1,-3.8,GO:0030335,positive regulation of cell migration,M1,1,0
1,-7.7,GO:0055017,cardiac muscle tissue growth,M1,1,0
1,-4.7,GO:0009799,specification of symmetry,M1,1,0
1,-4.2,GO:1901380,negative regulation of potassium ion transmembrane transport,M1,1,0
1,-3,GO:0010638,positive regulation of organelle organization,M1,1,0
1,-31,GO:0042692,muscle cell differentiation,M1,1,0
1,-3.7,GO:0072503,cellular divalent inorganic cation homeostasis,M1,1,0
1,-4.1,GO:0071415,cellular response to purine-containing compound,M1,1,0
1,-5.1,GO:0003284,septum primum development,M1,1,0
1,-5.4,GO:0061383,trabecula morphogenesis,M1,1,0
1,-3.5,GO:0034330,cell junction organization,M1,1,0
1,-3,GO:0060575,intestinal epithelial cell differentiation,M1,1,0
1,-4.8,GO:0061337,cardiac conduction,M1,1,0
