_MEMBER_hits,_LogP_hits,GO,Description,_PATTERN_,_RANK_,CHILD_GO_hits
1,-35.98933451312068,GO:0032502,developmental process,M1,1,GO:0061061 muscle structure development
1,-32.57990185594657,GO:0032501,multicellular organismal process,M1,1,GO:0003012 muscle system process
1,-17.70477970703014,GO:0009987,cellular process,M1,1,GO:0030036 actin cytoskeleton organization
1,-9.815568121747882,GO:0050896,response to stimulus,M1,1,GO:0035994 response to muscle stretch
1,-9.68773820239027,GO:0040007,growth,M1,1,GO:0060419 heart growth
1,-9.368831132917324,GO:0051179,localization,M1,1,GO:0086004 regulation of cardiac muscle cell contraction
1,-9.257837504623517,GO:0023052,signaling,M1,1,GO:0010882 regulation of cardiac muscle contraction by calcium ion signaling
1,-8.4016972365278,GO:0050789,regulation of biological process,M1,1,GO:0032970 regulation of actin filament-based process
1,-6.377301625737943,GO:0048519,negative regulation of biological process,M1,1,GO:0010881 regulation of cardiac muscle contraction by regulation of the release of sequestered calcium ion
1,-5.393421025778557,GO:0040011,locomotion,M1,1,GO:0014812 muscle cell migration
1,-5.235949345424073,GO:0048518,positive regulation of biological process,M1,1,GO:0010831 positive regulation of myotube differentiation
1,-4.931716308113208,GO:0065007,biological regulation,M1,1,GO:0090066 regulation of anatomical structure size
1,-4.653956008116647,GO:0022610,biological adhesion,M1,1,GO:0034446 substrate adhesion-dependent cell spreading
1,-3.202753876413879,GO:0008152,metabolic process,M1,1,GO:0015980 energy derivation by oxidation of organic compounds
