_MEMBER_hits,_LogP_hits,GO,_PATTERN_,_RANK_,GiniIndex,Category,CategoryID,Description,PARENT_GO,LogP,Enrichment,Z-score,#TotalGeneInLibrary,#GeneInGO,#GeneInHitList,#GeneInGOAndHitList,%InGO,STDV %InGO,GeneID,Hits,Log(q-value),EvidenceCutoff,GROUP_ID,FirstInGroupByEnrichment,FirstInGroupByLogP,BestLogPInGroup,BestEnrichmentInGroup,URL
1,-6.203631227071725,GO:0006941,M1,1,0,GO Biological Processes,19,striated muscle contraction,19_GO:0032501 multicellular organismal process,-6.203631227071725,9.188253159596355,8.160722948096886,20841,173,118,9,7.627118644067797,2.4434952140292476,12314|12372|17897|21952|21955|21956|110809|227753|230899,Calm2|Casq1|Myl3|Tnni1|Tnnt1|Tnnt2|Srsf1|Gsn|Nppa,-2.1680852114423557,0,1,1,1,-6.203631227071725,14.12949152542373,
1,-6.056103680781432,GO:0003012,M1,1,0,GO Biological Processes,19,muscle system process,19_GO:0032501 multicellular organismal process,-6.056103680781432,5.402452642073779,6.919383105591553,20841,425,118,13,11.016949152542374,2.8823274297123698,12314|12372|13618|17897|17993|20655|21952|21955|21956|110809|227753|230857|230899,Calm2|Casq1|Ednrb|Myl3|Ndufs4|Sod1|Tnni1|Tnnt1|Tnnt2|Srsf1|Gsn|Ece1|Nppa,-2.1680852114423557,0,1,0,0,-6.203631227071725,14.12949152542373,
1,-5.785642315942371,GO:0006936,M1,1,0,GO Biological Processes,19,muscle contraction,19_GO:0032501 multicellular organismal process,-5.785642315942371,6.226939374185137,7.01947141762788,20841,312,118,11,9.322033898305085,2.6764875063103224,12314|12372|13618|17897|20655|21952|21955|21956|110809|227753|230899,Calm2|Casq1|Ednrb|Myl3|Sod1|Tnni1|Tnnt1|Tnnt2|Srsf1|Gsn|Nppa,-2.1680852114423557,0,1,0,0,-6.203631227071725,14.12949152542373,
1,-5.729769846898281,GO:0090257,M1,1,0,GO Biological Processes,19,regulation of muscle system process,19_GO:0032501 multicellular organismal process,-5.729769846898281,6.953489923929002,7.203697980320867,20841,254,118,10,8.474576271186441,2.5638278852014107,12314|12372|17897|17993|20655|21952|21955|21956|230857|230899,Calm2|Casq1|Myl3|Ndufs4|Sod1|Tnni1|Tnnt1|Tnnt2|Ece1|Nppa,-2.1680852114423557,0,1,0,0,-6.203631227071725,14.12949152542373,
1,-5.381038025907649,GO:0006937,M1,1,0,GO Biological Processes,19,regulation of muscle contraction,19_GO:0032501 multicellular organismal process,-5.381038025907649,8.668399708848915,7.416650709575493,20841,163,118,8,6.779661016949152,2.314292911361428,12314|12372|17897|20655|21952|21955|21956|230899,Calm2|Casq1|Myl3|Sod1|Tnni1|Tnnt1|Tnnt2|Nppa,-2.1309303142639275,0,1,0,0,-6.203631227071725,14.12949152542373,
1,-5.1236930799930445,GO:0060047,M1,1,0,GO Biological Processes,19,heart contraction,19_GO:0032501 multicellular organismal process,-5.1236930799930445,6.793024771838332,6.724646761305581,20841,234,118,9,7.627118644067797,2.4434952140292476,12314|17897|20655|21952|21956|64082|110809|227753|230899,Calm2|Myl3|Sod1|Tnni1|Tnnt2|Popdc2|Srsf1|Gsn|Nppa,-2.0007178867210467,0,1,0,0,-6.203631227071725,14.12949152542373,
1,-5.07953650837562,GO:0008015,M1,1,0,GO Biological Processes,19,blood circulation,19_GO:0032501 multicellular organismal process,-5.07953650837562,4.3985486070524065,5.933912247072541,20841,522,118,13,11.016949152542374,2.8823274297123698,12314|12843|13618|17897|20655|21952|21956|64082|110809|213435|227753|230857|230899,Calm2|Col1a2|Ednrb|Myl3|Sod1|Tnni1|Tnnt2|Popdc2|Srsf1|Mylk3|Gsn|Ece1|Nppa,-2.0007178867210467,0,1,0,0,-6.203631227071725,14.12949152542373,
1,-5.010999049402064,GO:0060048,M1,1,0,GO Biological Processes,19,cardiac muscle contraction,19_GO:0032501 multicellular organismal process,-5.010999049402064,9.437637469271575,7.3102125980827495,20841,131,118,7,5.932203389830509,2.174640632545545,12314|17897|21952|21956|110809|227753|230899,Calm2|Myl3|Tnni1|Tnnt2|Srsf1|Gsn|Nppa,-2.0007178867210467,0,1,0,0,-6.203631227071725,14.12949152542373,
1,-4.992054737693291,GO:0003015,M1,1,0,GO Biological Processes,19,heart process,19_GO:0032501 multicellular organismal process,-4.992054737693291,6.541431261770245,6.556561025748898,20841,243,118,9,7.627118644067797,2.4434952140292476,12314|17897|20655|21952|21956|64082|110809|227753|230899,Calm2|Myl3|Sod1|Tnni1|Tnnt2|Popdc2|Srsf1|Gsn|Nppa,-2.0007178867210467,0,1,0,0,-6.203631227071725,14.12949152542373,
1,-4.822105425912326,GO:0003013,M1,1,0,GO Biological Processes,19,circulatory system process,19_GO:0032501 multicellular organismal process,-4.822105425912326,4.1594970523212975,5.6770238633183805,20841,552,118,13,11.016949152542374,2.8823274297123698,12314|12843|13618|17897|20655|21952|21956|64082|110809|213435|227753|230857|230899,Calm2|Col1a2|Ednrb|Myl3|Sod1|Tnni1|Tnnt2|Popdc2|Srsf1|Mylk3|Gsn|Ece1|Nppa,-1.8570975136624313,0,1,0,0,-6.203631227071725,14.12949152542373,
1,-4.0663870805729045,GO:0043500,M1,1,0,GO Biological Processes,19,muscle adaptation,19_GO:0032501 multicellular organismal process,-4.0663870805729045,8.3441879087148,6.264367131606177,20841,127,118,6,5.084745762711864,2.022374709198281,17993|21952|21955|227753|230857|230899,Ndufs4|Tnni1|Tnnt1|Gsn|Ece1|Nppa,-1.2511414886563414,0,1,0,0,-6.203631227071725,14.12949152542373,
1,-3.735372726309797,GO:0014888,M1,1,0,GO Biological Processes,19,striated muscle adaptation,19_GO:0032501 multicellular organismal process,-3.735372726309797,14.12949152542373,7.013887046890202,20841,50,118,4,3.389830508474576,1.665940208836309,21952|21955|227753|230899,Tnni1|Tnnt1|Gsn|Nppa,-1.0431414842367286,0,1,0,0,-6.203631227071725,14.12949152542373,
1,-3.5544521334710417,GO:0044057,M1,1,0,GO Biological Processes,19,regulation of system process,19_GO:0032501 multicellular organismal process,-3.5544521334710417,3.311599576271186,4.4820810567827,20841,640,118,12,10.169491525423728,2.7824062788314317,12314|12372|13618|17897|17993|20655|21952|21955|21956|64082|230857|230899,Calm2|Casq1|Ednrb|Myl3|Ndufs4|Sod1|Tnni1|Tnnt1|Tnnt2|Popdc2|Ece1|Nppa,-0.9613322803640945,0,1,0,0,-6.203631227071725,14.12949152542373,
1,-5.585390794686881,GO:0030239,M1,1,0,GO Biological Processes,19,myofibril assembly,19_GO:0032502 developmental process,-5.585390794686881,15.358142962417094,9.01461553332819,20841,69,118,6,5.084745762711864,2.022374709198281,11459|11465|12372|21955|21956|213435,Acta1|Actg1|Casq1|Tnnt1|Tnnt2|Mylk3,-2.1680852114423557,0,2,1,1,-5.585390794686881,18.022310619162923,
1,-5.585390794686881,GO:0055002,M1,1,0,GO Biological Processes,19,striated muscle cell development,19_GO:0032502 developmental process,-5.585390794686881,15.358142962417094,9.01461553332819,20841,69,118,6,5.084745762711864,2.022374709198281,11459|11465|12372|21955|21956|213435,Acta1|Actg1|Casq1|Tnnt1|Tnnt2|Mylk3,-2.1680852114423557,0,2,0,0,-5.585390794686881,18.022310619162923,
1,-5.078319690113567,GO:0045214,M1,1,0,GO Biological Processes,19,sarcomere organization,19_GO:0032502 developmental process,-5.078319690113567,18.022310619162923,9.001854010440436,20841,49,118,5,4.237288135593221,1.854390582007467,11465|12372|21955|21956|213435,Actg1|Casq1|Tnnt1|Tnnt2|Mylk3,-2.0007178867210467,0,2,0,0,-5.585390794686881,18.022310619162923,
1,-4.26469845587502,GO:0010927,M1,1,0,GO Biological Processes,19,cellular component assembly involved in morphogenesis,19_GO:0032502 developmental process,-4.26469845587502,9.057366362451107,6.594969595434939,20841,117,118,6,5.084745762711864,2.022374709198281,11459|11465|12372|21955|21956|213435,Acta1|Actg1|Casq1|Tnnt1|Tnnt2|Mylk3,-1.3914609169807697,0,2,0,0,-5.585390794686881,18.022310619162923,
1,-3.708767242389519,GO:0031032,M1,1,0,GO Biological Processes,19,actomyosin structure organization,19_GO:0009987 cellular process,-3.708767242389519,5.887288135593221,5.371319664549832,20841,210,118,7,5.932203389830509,2.174640632545545,11459|11465|12372|12797|21955|21956|213435,Acta1|Actg1|Casq1|Cnn1|Tnnt1|Tnnt2|Mylk3,-1.0431414842367286,0,2,0,0,-5.585390794686881,18.022310619162923,
1,-3.609581141638399,GO:0055001,M1,1,0,GO Biological Processes,19,muscle cell development,19_GO:0032502 developmental process,-3.609581141638399,5.671240864562277,5.231763876681843,20841,218,118,7,5.932203389830509,2.174640632545545,11459|11465|12372|21955|21956|64082|213435,Acta1|Actg1|Casq1|Tnnt1|Tnnt2|Popdc2|Mylk3,-0.9939079046270403,0,2,0,0,-5.585390794686881,18.022310619162923,
1,-3.3189179968920746,GO:0051146,M1,1,0,GO Biological Processes,19,striated muscle cell differentiation,19_GO:0032502 developmental process,-3.3189179968920746,4.415466101694916,4.64610751768645,20841,320,118,8,6.779661016949152,2.314292911361428,11459|11465|12372|20315|21955|21956|64082|213435,Acta1|Actg1|Casq1|Cxcl12|Tnnt1|Tnnt2|Popdc2|Mylk3,-0.8394645068987046,0,2,0,0,-5.585390794686881,18.022310619162923,
1,-3.18522187524967,GO:0061061,M1,1,0,GO Biological Processes,19,muscle structure development,19_GO:0032502 developmental process,-3.18522187524967,3.010545069337442,4.095116911118039,20841,704,118,12,10.169491525423728,2.7824062788314317,11459|11465|12372|13618|17897|20315|21952|21955|21956|22634|64082|213435,Acta1|Actg1|Casq1|Ednrb|Myl3|Cxcl12|Tnni1|Tnnt1|Tnnt2|Plagl1|Popdc2|Mylk3,-0.7379530686277012,0,2,0,0,-5.585390794686881,18.022310619162923,
1,-3.150590875811011,GO:0042692,M1,1,0,GO Biological Processes,19,muscle cell differentiation,19_GO:0032502 developmental process,-3.150590875811011,3.740159521435693,4.306738775119849,20841,425,118,9,7.627118644067797,2.4434952140292476,11459|11465|12372|13618|20315|21955|21956|64082|213435,Acta1|Actg1|Casq1|Ednrb|Cxcl12|Tnnt1|Tnnt2|Popdc2|Mylk3,-0.7185620357457793,0,2,0,0,-5.585390794686881,18.022310619162923,
1,-5.420814652833521,GO:0006457,M1,1,0,GO Biological Processes,19,protein folding,19_GO:0009987 cellular process,-5.420814652833521,8.77608169280977,7.474153841773051,20841,161,118,8,6.779661016949152,2.314292911361428,12304|12461|12759|21371|54673|56330|93684|230899,Pdia4|Cct2|Clu|Tbca|Sh3glb1|Pdcd5|Selenof|Nppa,-2.1309303142639275,0,3,1,1,-5.420814652833521,12.615617433414045,
1,-3.544005257272528,GO:0061077,M1,1,0,GO Biological Processes,19,chaperone-mediated protein folding,19_GO:0009987 cellular process,-3.544005257272528,12.615617433414045,6.567874512075468,20841,56,118,4,3.389830508474576,1.665940208836309,12304|12461|12759|56330,Pdia4|Cct2|Clu|Pdcd5,-0.9613322803640945,0,3,0,0,-5.420814652833521,12.615617433414045,
1,-5.372144638452772,GO:0000380,M1,1,0,GO Biological Processes,19,"alternative mRNA splicing, via spliceosome",19_GO:0008152 metabolic process,-5.372144638452772,14.129491525423727,8.595391479337344,20841,75,118,6,5.084745762711864,2.022374709198281,13046|13211|17149|20218|71514|110809,Celf1|Dhx9|Magoh|Khdrbs1|Sfpq|Srsf1,-2.1309303142639275,0,4,1,1,-5.372144638452772,14.129491525423727,
1,-4.3288445991556115,GO:1903311,M1,1,0,GO Biological Processes,19,regulation of mRNA metabolic process,19_GO:0008152 metabolic process,-4.3288445991556115,5.388365412237863,5.728140963904891,20841,295,118,9,7.627118644067797,2.4434952140292476,13046|13211|17149|18458|20218|20383|22352|53379|110809,Celf1|Dhx9|Magoh|Pabpc1|Khdrbs1|Srsf3|Vim|Hnrnpa2b1|Srsf1,-1.4344177611914235,0,4,0,0,-5.372144638452772,14.129491525423727,
1,-4.217121883868755,GO:0006403,M1,1,0,GO Biological Processes,19,RNA localization,19_GO:0051179 localization,-4.217121883868755,7.1053477498538875,6.102529078560052,20841,174,118,7,5.932203389830509,2.174640632545545,12461|13211|17149|20218|20383|53379|110809,Cct2|Dhx9|Magoh|Khdrbs1|Srsf3|Hnrnpa2b1|Srsf1,-1.364087731062792,0,4,0,0,-5.372144638452772,14.129491525423727,
1,-4.134852582544545,GO:0006397,M1,1,0,GO Biological Processes,19,mRNA processing,19_GO:0008152 metabolic process,-4.134852582544545,4.142441545300134,5.193980835997726,20841,469,118,11,9.322033898305085,2.6764875063103224,11811|13046|13211|17149|18458|20218|20383|23983|53379|71514|110809,Apobec2|Celf1|Dhx9|Magoh|Pabpc1|Khdrbs1|Srsf3|Pcbp1|Hnrnpa2b1|Sfpq|Srsf1,-1.3011235849339684,0,4,0,0,-5.372144638452772,14.129491525423727,
1,-3.7179251303694074,GO:0050657,M1,1,0,GO Biological Processes,19,nucleic acid transport,19_GO:0051179 localization,-3.7179251303694074,7.208924247665167,5.70054467677841,20841,147,118,6,5.084745762711864,2.022374709198281,13211|17149|20218|20383|53379|110809,Dhx9|Magoh|Khdrbs1|Srsf3|Hnrnpa2b1|Srsf1,-1.0431414842367286,0,4,0,0,-5.372144638452772,14.129491525423727,
1,-3.7179251303694074,GO:0050658,M1,1,0,GO Biological Processes,19,RNA transport,19_GO:0051179 localization,-3.7179251303694074,7.208924247665167,5.70054467677841,20841,147,118,6,5.084745762711864,2.022374709198281,13211|17149|20218|20383|53379|110809,Dhx9|Magoh|Khdrbs1|Srsf3|Hnrnpa2b1|Srsf1,-1.0431414842367286,0,4,0,0,-5.372144638452772,14.129491525423727,
1,-3.717795843841614,GO:0000375,M1,1,0,GO Biological Processes,19,"RNA splicing, via transesterification reactions",19_GO:0008152 metabolic process,-3.717795843841614,5.06433388008019,5.157299455682152,20841,279,118,8,6.779661016949152,2.314292911361428,13046|13211|17149|20218|20383|53379|71514|110809,Celf1|Dhx9|Magoh|Khdrbs1|Srsf3|Hnrnpa2b1|Sfpq|Srsf1,-1.0431414842367286,0,4,0,0,-5.372144638452772,14.129491525423727,
1,-3.717795843841614,GO:0000377,M1,1,0,GO Biological Processes,19,"RNA splicing, via transesterification reactions with bulged adenosine as nucleophile",19_GO:0008152 metabolic process,-3.717795843841614,5.06433388008019,5.157299455682152,20841,279,118,8,6.779661016949152,2.314292911361428,13046|13211|17149|20218|20383|53379|71514|110809,Celf1|Dhx9|Magoh|Khdrbs1|Srsf3|Hnrnpa2b1|Sfpq|Srsf1,-1.0431414842367286,0,4,0,0,-5.372144638452772,14.129491525423727,
1,-3.717795843841614,GO:0000398,M1,1,0,GO Biological Processes,19,"mRNA splicing, via spliceosome",19_GO:0008152 metabolic process,-3.717795843841614,5.06433388008019,5.157299455682152,20841,279,118,8,6.779661016949152,2.314292911361428,13046|13211|17149|20218|20383|53379|71514|110809,Celf1|Dhx9|Magoh|Khdrbs1|Srsf3|Hnrnpa2b1|Sfpq|Srsf1,-1.0431414842367286,0,4,0,0,-5.372144638452772,14.129491525423727,
1,-3.6860777008289123,GO:0050684,M1,1,0,GO Biological Processes,19,regulation of mRNA processing,19_GO:0008152 metabolic process,-3.6860777008289123,7.11216016380389,5.650022441743674,20841,149,118,6,5.084745762711864,2.022374709198281,13046|13211|17149|20218|20383|53379,Celf1|Dhx9|Magoh|Khdrbs1|Srsf3|Hnrnpa2b1,-1.0346889115510187,0,4,0,0,-5.372144638452772,14.129491525423727,
1,-3.6703368095219533,GO:0051236,M1,1,0,GO Biological Processes,19,establishment of RNA localization,19_GO:0051179 localization,-3.6703368095219533,7.064745762711864,5.625110217676534,20841,150,118,6,5.084745762711864,2.022374709198281,13211|17149|20218|20383|53379|110809,Dhx9|Magoh|Khdrbs1|Srsf3|Hnrnpa2b1|Srsf1,-1.0311824766610713,0,4,0,0,-5.372144638452772,14.129491525423727,
1,-3.548586979195907,GO:0043484,M1,1,0,GO Biological Processes,19,regulation of RNA splicing,19_GO:0008152 metabolic process,-3.548586979195907,6.707037116498605,5.4337045680821845,20841,158,118,6,5.084745762711864,2.022374709198281,13046|17149|20218|20383|53379|110809,Celf1|Magoh|Khdrbs1|Srsf3|Hnrnpa2b1|Srsf1,-0.9613322803640945,0,4,0,0,-5.372144638452772,14.129491525423727,
1,-3.371983730456465,GO:0048024,M1,1,0,GO Biological Processes,19,"regulation of mRNA splicing, via spliceosome",19_GO:0008152 metabolic process,-3.371983730456465,7.955794777828677,5.544624581240466,20841,111,118,5,4.237288135593221,1.854390582007467,13046|17149|20218|20383|53379,Celf1|Magoh|Khdrbs1|Srsf3|Hnrnpa2b1,-0.8581446149902503,0,4,0,0,-5.372144638452772,14.129491525423727,
1,-3.358067448087369,GO:0016071,M1,1,0,GO Biological Processes,19,mRNA metabolic process,19_GO:0008152 metabolic process,-3.358067448087369,3.149218022011232,4.276811772644043,20841,673,118,12,10.169491525423728,2.7824062788314317,11811|13046|13211|17149|18458|20218|20383|22352|23983|53379|71514|110809,Apobec2|Celf1|Dhx9|Magoh|Pabpc1|Khdrbs1|Srsf3|Vim|Pcbp1|Hnrnpa2b1|Sfpq|Srsf1,-0.8581446149902503,0,4,0,0,-5.372144638452772,14.129491525423727,
1,-3.3546314442824006,GO:0008380,M1,1,0,GO Biological Processes,19,RNA splicing,19_GO:0008152 metabolic process,-3.3546314442824006,3.993888936206456,4.550597821175623,20841,398,118,9,7.627118644067797,2.4434952140292476,13046|13211|17149|18458|20218|20383|53379|71514|110809,Celf1|Dhx9|Magoh|Pabpc1|Khdrbs1|Srsf3|Hnrnpa2b1|Sfpq|Srsf1,-0.8581446149902503,0,4,0,0,-5.372144638452772,14.129491525423727,
1,-3.2672877944517458,GO:0051028,M1,1,0,GO Biological Processes,19,mRNA transport,19_GO:0051179 localization,-3.2672877944517458,7.547805302042591,5.359391014542639,20841,117,118,5,4.237288135593221,1.854390582007467,13211|17149|20383|53379|110809,Dhx9|Magoh|Srsf3|Hnrnpa2b1|Srsf1,-0.8042247206465452,0,4,0,0,-5.372144638452772,14.129491525423727,
1,-3.054216310185094,GO:0015931,M1,1,0,GO Biological Processes,19,nucleobase-containing compound transport,19_GO:0051179 localization,-3.054216310185094,5.406693185748876,4.677318602443879,20841,196,118,6,5.084745762711864,2.022374709198281,13211|17149|20218|20383|53379|110809,Dhx9|Magoh|Khdrbs1|Srsf3|Hnrnpa2b1|Srsf1,-0.629611488199069,0,4,0,0,-5.372144638452772,14.129491525423727,
1,-5.209962825846169,GO:0006412,M1,1,0,GO Biological Processes,19,translation,19_GO:0008152 metabolic process,-5.209962825846169,3.93652252751404,5.843499350779617,20841,673,118,15,12.711864406779661,3.0664877274978677,11837|13046|13211|13627|13685|17149|18458|18813|20218|22352|64656|66085|67204|67671|94065,Rplp0|Celf1|Dhx9|Eef1a1|Eif4ebp1|Magoh|Pabpc1|Pa2g4|Khdrbs1|Vim|Mrps23|Eif3f|Eif2s2|Rpl38|Mrpl34,-2.014505992218,0,5,1,1,-5.209962825846169,9.394608727010459,
1,-5.028513343935244,GO:0043043,M1,1,0,GO Biological Processes,19,peptide biosynthetic process,19_GO:0008152 metabolic process,-5.028513343935244,3.800975123410257,5.675659485702173,20841,697,118,15,12.711864406779661,3.0664877274978677,11837|13046|13211|13627|13685|17149|18458|18813|20218|22352|64656|66085|67204|67671|94065,Rplp0|Celf1|Dhx9|Eef1a1|Eif4ebp1|Magoh|Pabpc1|Pa2g4|Khdrbs1|Vim|Mrps23|Eif3f|Eif2s2|Rpl38|Mrpl34,-2.0007178867210467,0,5,0,0,-5.209962825846169,9.394608727010459,
1,-3.7071194008226427,GO:0002181,M1,1,0,GO Biological Processes,19,cytoplasmic translation,19_GO:0008152 metabolic process,-3.7071194008226427,9.394608727010459,6.155314947297603,20841,94,118,5,4.237288135593221,1.854390582007467,11837|13211|13685|67204|67671,Rplp0|Dhx9|Eif4ebp1|Eif2s2|Rpl38,-1.0431414842367286,0,5,0,0,-5.209962825846169,9.394608727010459,
1,-3.636903955048979,GO:0034248,M1,1,0,GO Biological Processes,19,regulation of cellular amide metabolic process,19_GO:0008152 metabolic process,-3.636903955048979,3.951200091002162,4.759537546269112,20841,447,118,10,8.474576271186441,2.5638278852014107,12759|13046|13211|13685|17149|18458|18813|20218|22352|67671,Clu|Celf1|Dhx9|Eif4ebp1|Magoh|Pabpc1|Pa2g4|Khdrbs1|Vim|Rpl38,-1.0096488454878045,0,5,0,0,-5.209962825846169,9.394608727010459,
1,-3.4265991860455225,GO:0006417,M1,1,0,GO Biological Processes,19,regulation of translation,19_GO:0008152 metabolic process,-3.4265991860455225,4.086292536272929,4.636684489734697,20841,389,118,9,7.627118644067797,2.4434952140292476,13046|13211|13685|17149|18458|18813|20218|22352|67671,Celf1|Dhx9|Eif4ebp1|Magoh|Pabpc1|Pa2g4|Khdrbs1|Vim|Rpl38,-0.8682935847917763,0,5,0,0,-5.209962825846169,9.394608727010459,
1,-3.3923085502186408,GO:0022618,M1,1,0,GO Biological Processes,19,ribonucleoprotein complex assembly,19_GO:0009987 cellular process,-3.3923085502186408,6.2704844047738435,5.191181150718533,20841,169,118,6,5.084745762711864,2.022374709198281,11837|13046|13211|67204|67671|110809,Rplp0|Celf1|Dhx9|Eif2s2|Rpl38|Srsf1,-0.8682935847917763,0,5,0,0,-5.209962825846169,9.394608727010459,
1,-3.3318652736190004,GO:0010608,M1,1,0,GO Biological Processes,19,posttranscriptional regulation of gene expression,19_GO:0008152 metabolic process,-3.3318652736190004,3.343898596808542,4.323850924787964,20841,581,118,11,9.322033898305085,2.6764875063103224,13046|13211|13685|17149|18458|18813|20218|22352|53379|67671|110809,Celf1|Dhx9|Eif4ebp1|Magoh|Pabpc1|Pa2g4|Khdrbs1|Vim|Hnrnpa2b1|Rpl38|Srsf1,-0.8439786160887677,0,5,0,0,-5.209962825846169,9.394608727010459,
1,-3.2988783242545248,GO:0071826,M1,1,0,GO Biological Processes,19,ribonucleoprotein complex subunit organization,19_GO:0009987 cellular process,-3.2988783242545248,6.021090138674884,5.047777395334946,20841,176,118,6,5.084745762711864,2.022374709198281,11837|13046|13211|67204|67671|110809,Rplp0|Celf1|Dhx9|Eif2s2|Rpl38|Srsf1,-0.8276973602271447,0,5,0,0,-5.209962825846169,9.394608727010459,
1,-4.752398766521779,GO:0010257,M1,1,0,GO Biological Processes,19,NADH dehydrogenase complex assembly,19_GO:0009987 cellular process,-4.752398766521779,15.492863514719003,8.267812342606431,20841,57,118,5,4.237288135593221,1.854390582007467,17993|66108|66916|68202|104130,Ndufs4|Ndufa9|Ndufb7|Ndufa5|Ndufb11,-1.8356955338464387,0,6,1,1,-4.752398766521779,15.492863514719003,
1,-4.752398766521779,GO:0032981,M1,1,0,GO Biological Processes,19,mitochondrial respiratory chain complex I assembly,19_GO:0009987 cellular process,-4.752398766521779,15.492863514719003,8.267812342606431,20841,57,118,5,4.237288135593221,1.854390582007467,17993|66108|66916|68202|104130,Ndufs4|Ndufa9|Ndufb7|Ndufa5|Ndufb11,-1.8356955338464387,0,6,0,0,-4.752398766521779,15.492863514719003,
1,-3.750955863861717,GO:0033108,M1,1,0,GO Biological Processes,19,mitochondrial respiratory chain complex assembly,19_GO:0009987 cellular process,-3.750955863861717,9.598839351510687,6.237329843360823,20841,92,118,5,4.237288135593221,1.854390582007467,17993|66108|66916|68202|104130,Ndufs4|Ndufa9|Ndufb7|Ndufa5|Ndufb11,-1.0431414842367286,0,6,0,0,-4.752398766521779,15.492863514719003,
1,-3.9448372522726407,GO:0006103,M1,1,0,GO Biological Processes,19,2-oxoglutarate metabolic process,19_GO:0008152 metabolic process,-3.9448372522726407,31.167996011964107,9.389714610595336,20841,17,118,3,2.542372881355932,1.4490605614478478,14718|16922|78920,Got1|Phyh|Dlst,-1.1473204273165092,0,7,1,1,-3.9448372522726407,31.167996011964107,
1,-3.483692989564917,GO:1990000,M1,1,0,GO Biological Processes,19,amyloid fibril formation,19_GO:0008152 metabolic process,-3.483692989564917,22.077330508474574,7.796069513938877,20841,24,118,3,2.542372881355932,1.4490605614478478,12759|15530|227753,Clu|Hspg2|Gsn,-0.9114854463346485,0,8,1,1,-3.483692989564917,22.077330508474574,
1,-3.410195960700373,GO:0030198,M1,1,0,GO Biological Processes,19,extracellular matrix organization,19_GO:0009987 cellular process,-3.410195960700373,4.557900492072171,4.762479731526803,20841,310,118,8,6.779661016949152,2.314292911361428,11804|12827|12832|12843|14268|15530|17388|18073,Aplp2|Col4a2|Col5a2|Col1a2|Fn1|Hspg2|Mmp15|Nid1,-0.8682935847917763,0,9,1,1,-3.410195960700373,7.420951431420027,
1,-3.4009059214737505,GO:0043062,M1,1,0,GO Biological Processes,19,extracellular structure organization,19_GO:0009987 cellular process,-3.4009059214737505,4.543244863480299,4.750621539376016,20841,311,118,8,6.779661016949152,2.314292911361428,11804|12827|12832|12843|14268|15530|17388|18073,Aplp2|Col4a2|Col5a2|Col1a2|Fn1|Hspg2|Mmp15|Nid1,-0.8682935847917763,0,9,0,0,-3.410195960700373,7.420951431420027,
1,-3.391652560484228,GO:0045229,M1,1,0,GO Biological Processes,19,external encapsulating structure organization,19_GO:0009987 cellular process,-3.391652560484228,4.528683181225555,4.738813473676167,20841,312,118,8,6.779661016949152,2.314292911361428,11804|12827|12832|12843|14268|15530|17388|18073,Aplp2|Col4a2|Col5a2|Col1a2|Fn1|Hspg2|Mmp15|Nid1,-0.8682935847917763,0,9,0,0,-3.410195960700373,7.420951431420027,
1,-3.233733582018608,GO:0032963,M1,1,0,GO Biological Processes,19,collagen metabolic process,19_GO:0008152 metabolic process,-3.233733582018608,7.420951431420027,5.300545640569259,20841,119,118,5,4.237288135593221,1.854390582007467,12843|14268|14718|17388|22352,Col1a2|Fn1|Got1|Mmp15|Vim,-0.7786394378846828,0,9,0,0,-3.410195960700373,7.420951431420027,
1,-3.1731314102837613,GO:2001244,M1,1,0,GO Biological Processes,19,positive regulation of intrinsic apoptotic signaling pathway,19_GO:0048518 positive regulation of biological process,-3.1731314102837613,10.092493946731235,5.74998729660132,20841,70,118,4,3.389830508474576,1.665940208836309,12759|20655|54673|71514,Clu|Sod1|Sh3glb1|Sfpq,-0.7335494323280836,0,10,1,1,-3.1731314102837613,10.092493946731235,
