Category,CategoryID,GO,Description,PARENT_GO,LogP,Enrichment,Z-score,#TotalGeneInLibrary,#GeneInGO,#GeneInHitList,#GeneInGOAndHitList,%InGO,STDV %InGO,GeneID,Hits,Log(q-value),GeneList
GO Biological Processes,19,GO:0006941,striated muscle contraction,19_GO:0032501 multicellular organismal process,-6.2,9.2,8.2,20841,173,118,9,7.6,2.4,12314|12372|17897|21952|21955|21956|110809|227753|230899,Calm2|Casq1|Myl3|Tnni1|Tnnt1|Tnnt2|Srsf1|Gsn|Nppa,-2.2,hits
GO Biological Processes,19,GO:0003012,muscle system process,19_GO:0032501 multicellular organismal process,-6.1,5.4,6.9,20841,425,118,13,11,2.9,12314|12372|13618|17897|17993|20655|21952|21955|21956|110809|227753|230857|230899,Calm2|Casq1|Ednrb|Myl3|Ndufs4|Sod1|Tnni1|Tnnt1|Tnnt2|Srsf1|Gsn|Ece1|Nppa,-2.2,hits
GO Biological Processes,19,GO:0006936,muscle contraction,19_GO:0032501 multicellular organismal process,-5.8,6.2,7,20841,312,118,11,9.3,2.7,12314|12372|13618|17897|20655|21952|21955|21956|110809|227753|230899,Calm2|Casq1|Ednrb|Myl3|Sod1|Tnni1|Tnnt1|Tnnt2|Srsf1|Gsn|Nppa,-2.2,hits
GO Biological Processes,19,GO:0090257,regulation of muscle system process,19_GO:0032501 multicellular organismal process,-5.7,7,7.2,20841,254,118,10,8.5,2.6,12314|12372|17897|17993|20655|21952|21955|21956|230857|230899,Calm2|Casq1|Myl3|Ndufs4|Sod1|Tnni1|Tnnt1|Tnnt2|Ece1|Nppa,-2.2,hits
GO Biological Processes,19,GO:0055002,striated muscle cell development,19_GO:0032502 developmental process,-5.6,15,9,20841,69,118,6,5.1,2,11459|11465|12372|21955|21956|213435,Acta1|Actg1|Casq1|Tnnt1|Tnnt2|Mylk3,-2.2,hits
GO Biological Processes,19,GO:0030239,myofibril assembly,19_GO:0032502 developmental process,-5.6,15,9,20841,69,118,6,5.1,2,11459|11465|12372|21955|21956|213435,Acta1|Actg1|Casq1|Tnnt1|Tnnt2|Mylk3,-2.2,hits
GO Biological Processes,19,GO:0006457,protein folding,19_GO:0009987 cellular process,-5.4,8.8,7.5,20841,161,118,8,6.8,2.3,12304|12461|12759|21371|54673|56330|93684|230899,Pdia4|Cct2|Clu|Tbca|Sh3glb1|Pdcd5|Selenof|Nppa,-2.1,hits
GO Biological Processes,19,GO:0006937,regulation of muscle contraction,19_GO:0032501 multicellular organismal process,-5.4,8.7,7.4,20841,163,118,8,6.8,2.3,12314|12372|17897|20655|21952|21955|21956|230899,Calm2|Casq1|Myl3|Sod1|Tnni1|Tnnt1|Tnnt2|Nppa,-2.1,hits
GO Biological Processes,19,GO:0000380,"alternative mRNA splicing, via spliceosome",19_GO:0008152 metabolic process,-5.4,14,8.6,20841,75,118,6,5.1,2,13046|13211|17149|20218|71514|110809,Celf1|Dhx9|Magoh|Khdrbs1|Sfpq|Srsf1,-2.1,hits
GO Biological Processes,19,GO:0006412,translation,19_GO:0008152 metabolic process,-5.2,3.9,5.8,20841,673,118,15,13,3.1,11837|13046|13211|13627|13685|17149|18458|18813|20218|22352|64656|66085|67204|67671|94065,Rplp0|Celf1|Dhx9|Eef1a1|Eif4ebp1|Magoh|Pabpc1|Pa2g4|Khdrbs1|Vim|Mrps23|Eif3f|Eif2s2|Rpl38|Mrpl34,-2,hits
GO Biological Processes,19,GO:0060047,heart contraction,19_GO:0032501 multicellular organismal process,-5.1,6.8,6.7,20841,234,118,9,7.6,2.4,12314|17897|20655|21952|21956|64082|110809|227753|230899,Calm2|Myl3|Sod1|Tnni1|Tnnt2|Popdc2|Srsf1|Gsn|Nppa,-2,hits
GO Biological Processes,19,GO:0008015,blood circulation,19_GO:0032501 multicellular organismal process,-5.1,4.4,5.9,20841,522,118,13,11,2.9,12314|12843|13618|17897|20655|21952|21956|64082|110809|213435|227753|230857|230899,Calm2|Col1a2|Ednrb|Myl3|Sod1|Tnni1|Tnnt2|Popdc2|Srsf1|Mylk3|Gsn|Ece1|Nppa,-2,hits
GO Biological Processes,19,GO:0045214,sarcomere organization,19_GO:0032502 developmental process,-5.1,18,9,20841,49,118,5,4.2,1.9,11465|12372|21955|21956|213435,Actg1|Casq1|Tnnt1|Tnnt2|Mylk3,-2,hits
GO Biological Processes,19,GO:0043043,peptide biosynthetic process,19_GO:0008152 metabolic process,-5,3.8,5.7,20841,697,118,15,13,3.1,11837|13046|13211|13627|13685|17149|18458|18813|20218|22352|64656|66085|67204|67671|94065,Rplp0|Celf1|Dhx9|Eef1a1|Eif4ebp1|Magoh|Pabpc1|Pa2g4|Khdrbs1|Vim|Mrps23|Eif3f|Eif2s2|Rpl38|Mrpl34,-2,hits
GO Biological Processes,19,GO:0060048,cardiac muscle contraction,19_GO:0032501 multicellular organismal process,-5,9.4,7.3,20841,131,118,7,5.9,2.2,12314|17897|21952|21956|110809|227753|230899,Calm2|Myl3|Tnni1|Tnnt2|Srsf1|Gsn|Nppa,-2,hits
GO Biological Processes,19,GO:0003015,heart process,19_GO:0032501 multicellular organismal process,-5,6.5,6.6,20841,243,118,9,7.6,2.4,12314|17897|20655|21952|21956|64082|110809|227753|230899,Calm2|Myl3|Sod1|Tnni1|Tnnt2|Popdc2|Srsf1|Gsn|Nppa,-2,hits
GO Biological Processes,19,GO:0003013,circulatory system process,19_GO:0032501 multicellular organismal process,-4.8,4.2,5.7,20841,552,118,13,11,2.9,12314|12843|13618|17897|20655|21952|21956|64082|110809|213435|227753|230857|230899,Calm2|Col1a2|Ednrb|Myl3|Sod1|Tnni1|Tnnt2|Popdc2|Srsf1|Mylk3|Gsn|Ece1|Nppa,-1.9,hits
GO Biological Processes,19,GO:0010257,NADH dehydrogenase complex assembly,19_GO:0009987 cellular process,-4.8,15,8.3,20841,57,118,5,4.2,1.9,17993|66108|66916|68202|104130,Ndufs4|Ndufa9|Ndufb7|Ndufa5|Ndufb11,-1.8,hits
GO Biological Processes,19,GO:0032981,mitochondrial respiratory chain complex I assembly,19_GO:0009987 cellular process,-4.8,15,8.3,20841,57,118,5,4.2,1.9,17993|66108|66916|68202|104130,Ndufs4|Ndufa9|Ndufb7|Ndufa5|Ndufb11,-1.8,hits
GO Biological Processes,19,GO:1903311,regulation of mRNA metabolic process,19_GO:0008152 metabolic process,-4.3,5.4,5.7,20841,295,118,9,7.6,2.4,13046|13211|17149|18458|20218|20383|22352|53379|110809,Celf1|Dhx9|Magoh|Pabpc1|Khdrbs1|Srsf3|Vim|Hnrnpa2b1|Srsf1,-1.4,hits
GO Biological Processes,19,GO:0010927,cellular component assembly involved in morphogenesis,19_GO:0032502 developmental process,-4.3,9.1,6.6,20841,117,118,6,5.1,2,11459|11465|12372|21955|21956|213435,Acta1|Actg1|Casq1|Tnnt1|Tnnt2|Mylk3,-1.4,hits
GO Biological Processes,19,GO:0006403,RNA localization,19_GO:0051179 localization,-4.2,7.1,6.1,20841,174,118,7,5.9,2.2,12461|13211|17149|20218|20383|53379|110809,Cct2|Dhx9|Magoh|Khdrbs1|Srsf3|Hnrnpa2b1|Srsf1,-1.4,hits
GO Biological Processes,19,GO:0006397,mRNA processing,19_GO:0008152 metabolic process,-4.1,4.1,5.2,20841,469,118,11,9.3,2.7,11811|13046|13211|17149|18458|20218|20383|23983|53379|71514|110809,Apobec2|Celf1|Dhx9|Magoh|Pabpc1|Khdrbs1|Srsf3|Pcbp1|Hnrnpa2b1|Sfpq|Srsf1,-1.3,hits
GO Biological Processes,19,GO:0043500,muscle adaptation,19_GO:0032501 multicellular organismal process,-4.1,8.3,6.3,20841,127,118,6,5.1,2,17993|21952|21955|227753|230857|230899,Ndufs4|Tnni1|Tnnt1|Gsn|Ece1|Nppa,-1.3,hits
GO Biological Processes,19,GO:0006103,2-oxoglutarate metabolic process,19_GO:0008152 metabolic process,-3.9,31,9.4,20841,17,118,3,2.5,1.4,14718|16922|78920,Got1|Phyh|Dlst,-1.1,hits
GO Biological Processes,19,GO:0033108,mitochondrial respiratory chain complex assembly,19_GO:0009987 cellular process,-3.8,9.6,6.2,20841,92,118,5,4.2,1.9,17993|66108|66916|68202|104130,Ndufs4|Ndufa9|Ndufb7|Ndufa5|Ndufb11,-1,hits
GO Biological Processes,19,GO:0014888,striated muscle adaptation,19_GO:0032501 multicellular organismal process,-3.7,14,7,20841,50,118,4,3.4,1.7,21952|21955|227753|230899,Tnni1|Tnnt1|Gsn|Nppa,-1,hits
GO Biological Processes,19,GO:0050658,RNA transport,19_GO:0051179 localization,-3.7,7.2,5.7,20841,147,118,6,5.1,2,13211|17149|20218|20383|53379|110809,Dhx9|Magoh|Khdrbs1|Srsf3|Hnrnpa2b1|Srsf1,-1,hits
GO Biological Processes,19,GO:0050657,nucleic acid transport,19_GO:0051179 localization,-3.7,7.2,5.7,20841,147,118,6,5.1,2,13211|17149|20218|20383|53379|110809,Dhx9|Magoh|Khdrbs1|Srsf3|Hnrnpa2b1|Srsf1,-1,hits
GO Biological Processes,19,GO:0000377,"RNA splicing, via transesterification reactions with bulged adenosine as nucleophile",19_GO:0008152 metabolic process,-3.7,5.1,5.2,20841,279,118,8,6.8,2.3,13046|13211|17149|20218|20383|53379|71514|110809,Celf1|Dhx9|Magoh|Khdrbs1|Srsf3|Hnrnpa2b1|Sfpq|Srsf1,-1,hits
GO Biological Processes,19,GO:0000375,"RNA splicing, via transesterification reactions",19_GO:0008152 metabolic process,-3.7,5.1,5.2,20841,279,118,8,6.8,2.3,13046|13211|17149|20218|20383|53379|71514|110809,Celf1|Dhx9|Magoh|Khdrbs1|Srsf3|Hnrnpa2b1|Sfpq|Srsf1,-1,hits
GO Biological Processes,19,GO:0000398,"mRNA splicing, via spliceosome",19_GO:0008152 metabolic process,-3.7,5.1,5.2,20841,279,118,8,6.8,2.3,13046|13211|17149|20218|20383|53379|71514|110809,Celf1|Dhx9|Magoh|Khdrbs1|Srsf3|Hnrnpa2b1|Sfpq|Srsf1,-1,hits
GO Biological Processes,19,GO:0031032,actomyosin structure organization,19_GO:0009987 cellular process,-3.7,5.9,5.4,20841,210,118,7,5.9,2.2,11459|11465|12372|12797|21955|21956|213435,Acta1|Actg1|Casq1|Cnn1|Tnnt1|Tnnt2|Mylk3,-1,hits
GO Biological Processes,19,GO:0002181,cytoplasmic translation,19_GO:0008152 metabolic process,-3.7,9.4,6.2,20841,94,118,5,4.2,1.9,11837|13211|13685|67204|67671,Rplp0|Dhx9|Eif4ebp1|Eif2s2|Rpl38,-1,hits
GO Biological Processes,19,GO:0050684,regulation of mRNA processing,19_GO:0008152 metabolic process,-3.7,7.1,5.7,20841,149,118,6,5.1,2,13046|13211|17149|20218|20383|53379,Celf1|Dhx9|Magoh|Khdrbs1|Srsf3|Hnrnpa2b1,-1,hits
GO Biological Processes,19,GO:0051236,establishment of RNA localization,19_GO:0051179 localization,-3.7,7.1,5.6,20841,150,118,6,5.1,2,13211|17149|20218|20383|53379|110809,Dhx9|Magoh|Khdrbs1|Srsf3|Hnrnpa2b1|Srsf1,-1,hits
GO Biological Processes,19,GO:0034248,regulation of cellular amide metabolic process,19_GO:0008152 metabolic process,-3.6,4,4.8,20841,447,118,10,8.5,2.6,12759|13046|13211|13685|17149|18458|18813|20218|22352|67671,Clu|Celf1|Dhx9|Eif4ebp1|Magoh|Pabpc1|Pa2g4|Khdrbs1|Vim|Rpl38,-1,hits
GO Biological Processes,19,GO:0055001,muscle cell development,19_GO:0032502 developmental process,-3.6,5.7,5.2,20841,218,118,7,5.9,2.2,11459|11465|12372|21955|21956|64082|213435,Acta1|Actg1|Casq1|Tnnt1|Tnnt2|Popdc2|Mylk3,-0.99,hits
GO Biological Processes,19,GO:0044057,regulation of system process,19_GO:0032501 multicellular organismal process,-3.6,3.3,4.5,20841,640,118,12,10,2.8,12314|12372|13618|17897|17993|20655|21952|21955|21956|64082|230857|230899,Calm2|Casq1|Ednrb|Myl3|Ndufs4|Sod1|Tnni1|Tnnt1|Tnnt2|Popdc2|Ece1|Nppa,-0.96,hits
GO Biological Processes,19,GO:0043484,regulation of RNA splicing,19_GO:0008152 metabolic process,-3.5,6.7,5.4,20841,158,118,6,5.1,2,13046|17149|20218|20383|53379|110809,Celf1|Magoh|Khdrbs1|Srsf3|Hnrnpa2b1|Srsf1,-0.96,hits
GO Biological Processes,19,GO:0061077,chaperone-mediated protein folding,19_GO:0009987 cellular process,-3.5,13,6.6,20841,56,118,4,3.4,1.7,12304|12461|12759|56330,Pdia4|Cct2|Clu|Pdcd5,-0.96,hits
GO Biological Processes,19,GO:1990000,amyloid fibril formation,19_GO:0008152 metabolic process,-3.5,22,7.8,20841,24,118,3,2.5,1.4,12759|15530|227753,Clu|Hspg2|Gsn,-0.91,hits
GO Biological Processes,19,GO:0006417,regulation of translation,19_GO:0008152 metabolic process,-3.4,4.1,4.6,20841,389,118,9,7.6,2.4,13046|13211|13685|17149|18458|18813|20218|22352|67671,Celf1|Dhx9|Eif4ebp1|Magoh|Pabpc1|Pa2g4|Khdrbs1|Vim|Rpl38,-0.87,hits
GO Biological Processes,19,GO:0030198,extracellular matrix organization,19_GO:0009987 cellular process,-3.4,4.6,4.8,20841,310,118,8,6.8,2.3,11804|12827|12832|12843|14268|15530|17388|18073,Aplp2|Col4a2|Col5a2|Col1a2|Fn1|Hspg2|Mmp15|Nid1,-0.87,hits
GO Biological Processes,19,GO:0043062,extracellular structure organization,19_GO:0009987 cellular process,-3.4,4.5,4.8,20841,311,118,8,6.8,2.3,11804|12827|12832|12843|14268|15530|17388|18073,Aplp2|Col4a2|Col5a2|Col1a2|Fn1|Hspg2|Mmp15|Nid1,-0.87,hits
GO Biological Processes,19,GO:0022618,ribonucleoprotein complex assembly,19_GO:0009987 cellular process,-3.4,6.3,5.2,20841,169,118,6,5.1,2,11837|13046|13211|67204|67671|110809,Rplp0|Celf1|Dhx9|Eif2s2|Rpl38|Srsf1,-0.87,hits
GO Biological Processes,19,GO:0045229,external encapsulating structure organization,19_GO:0009987 cellular process,-3.4,4.5,4.7,20841,312,118,8,6.8,2.3,11804|12827|12832|12843|14268|15530|17388|18073,Aplp2|Col4a2|Col5a2|Col1a2|Fn1|Hspg2|Mmp15|Nid1,-0.87,hits
GO Biological Processes,19,GO:0048024,"regulation of mRNA splicing, via spliceosome",19_GO:0008152 metabolic process,-3.4,8,5.5,20841,111,118,5,4.2,1.9,13046|17149|20218|20383|53379,Celf1|Magoh|Khdrbs1|Srsf3|Hnrnpa2b1,-0.86,hits
GO Biological Processes,19,GO:0016071,mRNA metabolic process,19_GO:0008152 metabolic process,-3.4,3.1,4.3,20841,673,118,12,10,2.8,11811|13046|13211|17149|18458|20218|20383|22352|23983|53379|71514|110809,Apobec2|Celf1|Dhx9|Magoh|Pabpc1|Khdrbs1|Srsf3|Vim|Pcbp1|Hnrnpa2b1|Sfpq|Srsf1,-0.86,hits
GO Biological Processes,19,GO:0008380,RNA splicing,19_GO:0008152 metabolic process,-3.4,4,4.6,20841,398,118,9,7.6,2.4,13046|13211|17149|18458|20218|20383|53379|71514|110809,Celf1|Dhx9|Magoh|Pabpc1|Khdrbs1|Srsf3|Hnrnpa2b1|Sfpq|Srsf1,-0.86,hits
GO Biological Processes,19,GO:0010608,posttranscriptional regulation of gene expression,19_GO:0008152 metabolic process,-3.3,3.3,4.3,20841,581,118,11,9.3,2.7,13046|13211|13685|17149|18458|18813|20218|22352|53379|67671|110809,Celf1|Dhx9|Eif4ebp1|Magoh|Pabpc1|Pa2g4|Khdrbs1|Vim|Hnrnpa2b1|Rpl38|Srsf1,-0.84,hits
GO Biological Processes,19,GO:0051146,striated muscle cell differentiation,19_GO:0032502 developmental process,-3.3,4.4,4.6,20841,320,118,8,6.8,2.3,11459|11465|12372|20315|21955|21956|64082|213435,Acta1|Actg1|Casq1|Cxcl12|Tnnt1|Tnnt2|Popdc2|Mylk3,-0.84,hits
GO Biological Processes,19,GO:0071826,ribonucleoprotein complex subunit organization,19_GO:0009987 cellular process,-3.3,6,5,20841,176,118,6,5.1,2,11837|13046|13211|67204|67671|110809,Rplp0|Celf1|Dhx9|Eif2s2|Rpl38|Srsf1,-0.83,hits
GO Biological Processes,19,GO:0051028,mRNA transport,19_GO:0051179 localization,-3.3,7.5,5.4,20841,117,118,5,4.2,1.9,13211|17149|20383|53379|110809,Dhx9|Magoh|Srsf3|Hnrnpa2b1|Srsf1,-0.8,hits
GO Biological Processes,19,GO:0032963,collagen metabolic process,19_GO:0008152 metabolic process,-3.2,7.4,5.3,20841,119,118,5,4.2,1.9,12843|14268|14718|17388|22352,Col1a2|Fn1|Got1|Mmp15|Vim,-0.78,hits
GO Biological Processes,19,GO:0061061,muscle structure development,19_GO:0032502 developmental process,-3.2,3,4.1,20841,704,118,12,10,2.8,11459|11465|12372|13618|17897|20315|21952|21955|21956|22634|64082|213435,Acta1|Actg1|Casq1|Ednrb|Myl3|Cxcl12|Tnni1|Tnnt1|Tnnt2|Plagl1|Popdc2|Mylk3,-0.74,hits
GO Biological Processes,19,GO:2001244,positive regulation of intrinsic apoptotic signaling pathway,19_GO:0048518 positive regulation of biological process,-3.2,10,5.7,20841,70,118,4,3.4,1.7,12759|20655|54673|71514,Clu|Sod1|Sh3glb1|Sfpq,-0.73,hits
GO Biological Processes,19,GO:0042692,muscle cell differentiation,19_GO:0032502 developmental process,-3.2,3.7,4.3,20841,425,118,9,7.6,2.4,11459|11465|12372|13618|20315|21955|21956|64082|213435,Acta1|Actg1|Casq1|Ednrb|Cxcl12|Tnnt1|Tnnt2|Popdc2|Mylk3,-0.72,hits
GO Biological Processes,19,GO:0015931,nucleobase-containing compound transport,19_GO:0051179 localization,-3.1,5.4,4.7,20841,196,118,6,5.1,2,13211|17149|20218|20383|53379|110809,Dhx9|Magoh|Khdrbs1|Srsf3|Hnrnpa2b1|Srsf1,-0.63,hits
