_MEMBER_hits,_LogP_hits,GO,Description,_PATTERN_,_RANK_,GiniIndex
1,-3.2,GO:0042692,muscle cell differentiation,M1,1,0
1,-3.7,GO:0050657,nucleic acid transport,M1,1,0
1,-3.5,GO:0061077,chaperone-mediated protein folding,M1,1,0
1,-3.4,GO:0045229,external encapsulating structure organization,M1,1,0
1,-3.3,GO:0010608,posttranscriptional regulation of gene expression,M1,1,0
1,-3.3,GO:0071826,ribonucleoprotein complex subunit organization,M1,1,0
1,-3.4,GO:0016071,mRNA metabolic process,M1,1,0
1,-5,GO:0043043,peptide biosynthetic process,M1,1,0
1,-3.1,GO:0015931,nucleobase-containing compound transport,M1,1,0
1,-4.3,GO:1903311,regulation of mRNA metabolic process,M1,1,0
1,-5.4,GO:0000380,"alternative mRNA splicing, via spliceosome",M1,1,0
1,-4.1,GO:0043500,muscle adaptation,M1,1,0
1,-3.7,GO:0000377,"RNA splicing, via transesterification reactions with bulged adenosine as nucleophile",M1,1,0
1,-3.4,GO:0048024,"regulation of mRNA splicing, via spliceosome",M1,1,0
1,-3.4,GO:0043062,extracellular structure organization,M1,1,0
1,-3.4,GO:0030198,extracellular matrix organization,M1,1,0
1,-3.4,GO:0006417,regulation of translation,M1,1,0
1,-5.2,GO:0006412,translation,M1,1,0
1,-6.2,GO:0006941,striated muscle contraction,M1,1,0
1,-5.1,GO:0008015,blood circulation,M1,1,0
1,-3.7,GO:0050658,RNA transport,M1,1,0
1,-3.7,GO:0031032,actomyosin structure organization,M1,1,0
1,-3.7,GO:0000375,"RNA splicing, via transesterification reactions",M1,1,0
1,-3.6,GO:0044057,regulation of system process,M1,1,0
1,-4.8,GO:0032981,mitochondrial respiratory chain complex I assembly,M1,1,0
1,-3.7,GO:0050684,regulation of mRNA processing,M1,1,0
1,-3.3,GO:0051028,mRNA transport,M1,1,0
1,-3.7,GO:0002181,cytoplasmic translation,M1,1,0
1,-3.6,GO:0034248,regulation of cellular amide metabolic process,M1,1,0
1,-6.1,GO:0003012,muscle system process,M1,1,0
1,-4.3,GO:0010927,cellular component assembly involved in morphogenesis,M1,1,0
1,-5,GO:0060048,cardiac muscle contraction,M1,1,0
1,-5.1,GO:0045214,sarcomere organization,M1,1,0
1,-4.8,GO:0003013,circulatory system process,M1,1,0
1,-5.4,GO:0006937,regulation of muscle contraction,M1,1,0
1,-3.2,GO:0032963,collagen metabolic process,M1,1,0
1,-3.7,GO:0051236,establishment of RNA localization,M1,1,0
1,-4.1,GO:0006397,mRNA processing,M1,1,0
1,-3.3,GO:0051146,striated muscle cell differentiation,M1,1,0
1,-3.7,GO:0000398,"mRNA splicing, via spliceosome",M1,1,0
1,-3.4,GO:0008380,RNA splicing,M1,1,0
1,-4.8,GO:0010257,NADH dehydrogenase complex assembly,M1,1,0
1,-3.5,GO:0043484,regulation of RNA splicing,M1,1,0
1,-5.6,GO:0030239,myofibril assembly,M1,1,0
1,-5.6,GO:0055002,striated muscle cell development,M1,1,0
1,-3.9,GO:0006103,2-oxoglutarate metabolic process,M1,1,0
1,-5.1,GO:0060047,heart contraction,M1,1,0
1,-4.2,GO:0006403,RNA localization,M1,1,0
1,-3.2,GO:2001244,positive regulation of intrinsic apoptotic signaling pathway,M1,1,0
1,-3.7,GO:0014888,striated muscle adaptation,M1,1,0
1,-5.8,GO:0006936,muscle contraction,M1,1,0
1,-5.7,GO:0090257,regulation of muscle system process,M1,1,0
1,-3.2,GO:0061061,muscle structure development,M1,1,0
1,-3.4,GO:0022618,ribonucleoprotein complex assembly,M1,1,0
1,-3.8,GO:0033108,mitochondrial respiratory chain complex assembly,M1,1,0
1,-5.4,GO:0006457,protein folding,M1,1,0
1,-3.6,GO:0055001,muscle cell development,M1,1,0
1,-3.5,GO:1990000,amyloid fibril formation,M1,1,0
1,-5,GO:0003015,heart process,M1,1,0
