_MEMBER_hits,_LogP_hits,GO,Description,_PATTERN_,_RANK_,CHILD_GO_hits
1,-6.203631227071725,GO:0032501,multicellular organismal process,M1,1,GO:0006941 striated muscle contraction
1,-5.585390794686881,GO:0032502,developmental process,M1,1,GO:0055002 striated muscle cell development
1,-5.420814652833521,GO:0009987,cellular process,M1,1,GO:0006457 protein folding
1,-5.372144638452772,GO:0008152,metabolic process,M1,1,"GO:0000380 alternative mRNA splicing, via spliceosome"
1,-4.217121883868755,GO:0051179,localization,M1,1,GO:0006403 RNA localization
1,-3.1731314102837613,GO:0048518,positive regulation of biological process,M1,1,GO:2001244 positive regulation of intrinsic apoptotic signaling pathway
